node,window,dio_tx_count,dio_rx_count,dao_tx_count,dao_rx_count,dis_tx_count,global_repair_count,local_repair_count,parent_switch_count,queue_flush_count,not_assoc_count,distinct_dio_versions_seen,poison_dio_recv_count,rank_last,dioint_last,nbrcount_last,rank_std,infinite_rank_count,tx_count,energy_used_sum,energy_rate_mj_per_s_mean,delivered_count,avg_latency_ms,is_attacker_node_GROUNDTRUTH,scenario,run_id
1,0,1,4,0,0,0,0,0,0,0,0,1,4,,,,,0,0,,,0,,0,attack,s02
1,1,1,16,2,2,0,0,0,0,0,0,1,15,,,,,0,0,,,0,,0,attack,s02
1,2,2,10,5,5,0,0,0,0,0,0,1,7,,,,,0,0,,,0,,0,attack,s02
1,3,1,3,5,5,0,0,0,0,0,0,1,0,,,,,0,0,,,0,,0,attack,s02
1,4,0,2,3,3,0,0,0,0,0,0,1,0,,,,,0,0,,,0,,0,attack,s02
1,5,1,3,2,2,0,0,0,0,0,0,1,0,,,,,0,0,,,0,,0,attack,s02
1,6,0,5,1,1,0,0,0,0,0,0,1,0,128.0,15.0,8.0,,0,0,,,0,,0,attack,s02
1,7,0,2,0,0,0,0,0,0,0,0,1,0,,,,,0,0,,,0,,0,attack,s02
1,8,1,2,1,1,0,0,0,0,0,0,1,0,,,,,0,0,,,0,,0,attack,s02
1,9,0,4,3,3,0,0,0,0,0,0,1,0,,,,,0,0,,,0,,0,attack,s02
1,10,0,0,3,3,0,0,0,0,0,0,0,0,,,,,0,0,,,0,,0,attack,s02
1,11,0,0,0,0,0,0,0,0,0,0,0,0,,,,,0,0,,,0,,0,attack,s02
1,12,0,0,0,0,0,0,0,0,0,0,0,0,128.0,16.0,8.0,,0,0,,,0,,0,attack,s02
1,13,1,1,0,0,0,0,0,0,0,0,1,0,,,,,0,0,,,0,,0,attack,s02
1,14,0,3,0,0,0,0,0,0,0,0,1,0,,,,,0,0,,,0,,0,attack,s02
1,15,0,2,0,0,0,0,0,0,0,0,1,0,,,,,0,0,,,0,,0,attack,s02
1,16,0,2,0,0,0,0,0,0,0,0,1,0,,,,,0,0,,,0,,0,attack,s02
1,17,0,0,0,0,0,0,0,0,0,0,0,0,,,,,0,0,,,0,,0,attack,s02
1,18,0,0,0,0,0,0,0,0,0,0,0,0,128.0,17.0,8.0,,0,0,,,0,,0,attack,s02
1,19,0,0,0,0,0,0,0,0,0,0,0,0,,,,,0,0,,,0,,0,attack,s02
1,20,0,0,0,0,0,0,0,0,0,0,0,0,,,,,0,0,,,0,,0,attack,s02
1,21,0,0,0,0,0,0,0,0,0,0,0,0,,,,,0,0,,,0,,0,attack,s02
1,22,0,0,0,0,0,0,0,0,0,0,0,0,,,,,0,0,,,0,,0,attack,s02
1,23,1,1,0,0,0,0,0,0,0,0,1,0,,,,,0,0,,,0,,0,attack,s02
1,24,0,3,0,0,0,0,0,0,0,0,1,0,128.0,17.0,8.0,,0,0,,,0,,0,attack,s02
1,25,0,1,0,0,0,0,0,0,0,0,1,0,,,,,0,0,,,0,,0,attack,s02
1,26,0,0,0,0,0,0,0,0,0,0,0,0,,,,,0,0,,,0,,0,attack,s02
1,27,0,2,0,0,0,0,0,0,0,0,1,0,,,,,0,0,,,0,,0,attack,s02
1,28,0,1,0,0,0,0,0,0,0,0,1,0,,,,,0,0,,,0,,0,attack,s02
1,29,0,0,0,0,0,0,0,0,0,0,0,0,,,,,0,0,,,0,,0,attack,s02
1,30,0,0,0,0,0,0,0,0,0,0,0,0,128.0,18.0,8.0,,0,0,,,0,,0,attack,s02
1,31,0,0,0,0,0,0,0,0,0,0,0,0,,,,,0,0,,,0,,0,attack,s02
1,32,0,0,0,0,0,0,0,0,0,0,0,0,,,,,0,0,,,0,,0,attack,s02
1,33,0,0,0,0,0,0,0,0,0,0,0,0,,,,,0,0,,,0,,0,attack,s02
1,34,0,0,0,0,0,0,0,0,0,0,0,0,,,,,0,0,,,0,,0,attack,s02
1,35,0,0,0,0,0,0,0,0,0,0,0,0,,,,,0,0,,,0,,0,attack,s02
1,36,0,0,0,0,0,0,0,0,0,0,0,0,128.0,18.0,8.0,,0,0,,,0,,0,attack,s02
1,37,0,0,0,0,0,0,0,0,0,0,0,0,,,,,0,0,,,0,,0,attack,s02
1,38,0,0,0,0,0,0,0,0,0,0,0,0,,,,,0,0,,,0,,0,attack,s02
1,39,0,0,0,0,0,0,0,0,0,0,0,0,,,,,0,0,,,0,,0,attack,s02
1,40,0,0,0,0,0,0,0,0,0,0,0,0,,,,,0,0,,,0,,0,attack,s02
1,41,0,0,0,0,0,0,0,0,0,0,0,0,,,,,0,0,,,0,,0,attack,s02
1,42,1,0,0,0,0,0,0,0,0,0,0,0,128.0,18.0,8.0,,0,0,,,0,,0,attack,s02
1,43,0,0,0,0,0,0,0,0,0,0,0,0,,,,,0,0,,,0,,0,attack,s02
1,44,0,1,0,0,0,0,0,0,0,0,1,0,,,,,0,0,,,0,,0,attack,s02
1,45,0,1,0,0,0,0,0,0,0,0,1,0,,,,,0,0,,,0,,0,attack,s02
1,46,0,1,0,0,0,0,0,0,0,0,1,0,,,,,0,0,,,0,,0,attack,s02
1,47,0,0,0,0,0,0,0,0,0,0,0,0,,,,,0,0,,,0,,0,attack,s02
1,48,0,1,0,0,0,0,0,0,0,0,1,0,128.0,18.0,8.0,,0,0,,,0,,0,attack,s02
1,49,0,1,0,0,0,0,0,0,0,0,1,0,,,,,0,0,,,0,,0,attack,s02
1,50,0,1,0,0,0,0,0,0,0,0,1,0,,,,,0,0,,,0,,0,attack,s02
1,51,0,0,0,0,0,0,0,0,0,0,0,0,,,,,0,0,,,0,,0,attack,s02
1,52,0,2,0,0,0,0,0,0,0,0,1,0,,,,,0,0,,,0,,0,attack,s02
1,53,0,0,0,0,0,0,0,0,0,0,0,0,,,,,0,0,,,0,,0,attack,s02
1,54,0,0,0,0,0,0,0,0,0,0,0,0,128.0,18.0,8.0,,0,0,,,0,,0,attack,s02
1,55,0,0,0,0,0,0,0,0,0,0,0,0,,,,,0,0,,,0,,0,attack,s02
1,56,0,0,0,0,0,0,0,0,0,0,0,0,,,,,0,0,,,0,,0,attack,s02
1,57,0,0,0,0,0,0,0,0,0,0,0,0,,,,,0,0,,,0,,0,attack,s02
1,58,0,0,0,0,0,0,0,0,0,0,0,0,,,,,0,0,,,0,,0,attack,s02
1,59,0,0,0,0,0,0,0,0,0,0,0,0,,,,,0,0,,,0,,0,attack,s02
1,60,0,0,0,0,0,0,0,0,0,0,0,0,128.0,19.0,8.0,,0,0,,,0,,0,attack,s02
1,61,0,0,0,0,0,0,0,0,0,0,0,0,,,,,0,0,,,0,,0,attack,s02
1,62,0,0,0,0,0,0,0,0,0,0,0,0,,,,,0,0,,,0,,0,attack,s02
1,63,0,0,0,0,0,0,0,0,0,0,0,0,,,,,0,0,,,0,,0,attack,s02
1,64,0,0,0,0,0,0,0,0,0,0,0,0,,,,,0,0,,,0,,0,attack,s02
1,65,0,0,0,0,0,0,0,0,0,0,0,0,,,,,0,0,,,0,,0,attack,s02
1,66,0,0,0,0,0,0,0,0,0,0,0,0,128.0,19.0,8.0,,0,0,,,0,,0,attack,s02
1,67,0,0,0,0,0,0,0,0,0,0,0,0,,,,,0,0,,,0,,0,attack,s02
1,68,0,0,0,0,0,0,0,0,0,0,0,0,,,,,0,0,,,0,,0,attack,s02
1,69,0,0,0,0,0,0,0,0,0,0,0,0,,,,,0,0,,,0,,0,attack,s02
1,70,0,0,0,0,0,0,0,0,0,0,0,0,,,,,0,0,,,0,,0,attack,s02
1,71,0,0,0,0,0,0,0,0,0,0,0,0,,,,,0,0,,,0,,0,attack,s02
1,72,0,0,0,0,0,0,0,0,0,0,0,0,128.0,19.0,8.0,,0,0,,,0,,0,attack,s02
1,73,0,0,0,0,0,0,0,0,0,0,0,0,,,,,0,0,,,0,,0,attack,s02
1,74,0,0,0,0,0,0,0,0,0,0,0,0,,,,,0,0,,,0,,0,attack,s02
1,75,0,0,0,0,0,0,0,0,0,0,0,0,,,,,0,0,,,0,,0,attack,s02
1,76,0,0,0,0,0,0,0,0,0,0,0,0,,,,,0,0,,,0,,0,attack,s02
1,77,0,0,0,0,0,0,0,0,0,0,0,0,,,,,0,0,,,0,,0,attack,s02
1,78,0,0,0,0,0,0,0,0,0,0,0,0,128.0,19.0,8.0,,0,0,,,0,,0,attack,s02
1,79,0,0,0,0,0,0,0,0,0,0,0,0,,,,,0,0,,,0,,0,attack,s02
1,80,0,0,0,0,0,0,0,0,0,0,0,0,,,,,0,0,,,0,,0,attack,s02
1,81,0,0,0,0,0,0,0,0,0,0,0,0,,,,,0,0,,,0,,0,attack,s02
1,82,0,0,0,0,0,0,0,0,0,0,0,0,,,,,0,0,,,0,,0,attack,s02
1,83,0,0,0,0,0,0,0,0,0,0,0,0,,,,,0,0,,,0,,0,attack,s02
1,84,0,0,0,0,0,0,0,0,0,0,0,0,128.0,19.0,8.0,,0,0,,,0,,0,attack,s02
1,85,0,1,0,0,0,0,0,0,0,0,1,0,,,,,0,0,,,0,,0,attack,s02
1,86,0,1,0,0,0,0,0,0,0,0,1,0,,,,,0,0,,,0,,0,attack,s02
1,87,0,0,0,0,0,0,0,0,0,0,0,0,,,,,0,0,,,0,,0,attack,s02
1,88,0,0,0,0,0,0,0,0,0,0,0,0,,,,,0,0,,,0,,0,attack,s02
1,89,0,0,0,0,0,0,0,0,0,0,0,0,,,,,0,0,,,0,,0,attack,s02
1,90,0,0,0,0,0,0,0,0,0,0,0,0,128.0,19.0,8.0,,0,0,,,0,,0,attack,s02
1,91,0,0,0,0,0,0,0,0,0,0,0,0,,,,,0,0,,,0,,0,attack,s02
1,92,0,0,0,0,0,0,0,0,0,0,0,0,,,,,0,0,,,0,,0,attack,s02
1,93,0,0,0,0,0,0,0,0,0,0,0,0,,,,,0,0,,,0,,0,attack,s02
1,94,0,1,0,0,0,0,0,0,0,0,1,0,,,,,0,0,,,0,,0,attack,s02
1,95,0,0,0,0,0,0,0,0,0,0,0,0,,,,,0,0,,,0,,0,attack,s02
1,96,0,0,0,0,0,0,0,0,0,0,0,0,128.0,19.0,8.0,,0,0,,,0,,0,attack,s02
1,97,0,1,0,0,0,0,0,0,0,0,1,0,,,,,0,0,,,0,,0,attack,s02
1,98,1,0,0,0,0,0,0,0,0,0,0,0,,,,,0,0,,,0,,0,attack,s02
1,99,0,0,0,0,0,0,0,0,0,0,0,0,,,,,0,0,,,0,,0,attack,s02
1,100,0,0,0,0,0,0,0,0,0,0,0,0,,,,,0,0,,,0,,0,attack,s02
1,101,0,1,0,0,0,0,0,0,0,0,1,0,,,,,0,0,,,0,,0,attack,s02
1,102,0,1,0,0,0,0,0,0,0,0,1,0,128.0,19.0,8.0,,0,0,,,0,,0,attack,s02
1,103,0,1,0,0,0,0,0,0,0,0,1,0,,,,,0,0,,,0,,0,attack,s02
1,104,0,0,0,0,0,0,0,0,0,0,0,0,,,,,0,0,,,0,,0,attack,s02
1,105,0,0,0,0,0,0,0,0,0,0,0,0,,,,,0,0,,,0,,0,attack,s02
1,106,0,1,0,0,0,0,0,0,0,0,1,0,,,,,0,0,,,0,,0,attack,s02
1,107,0,0,0,0,0,0,0,0,0,0,0,0,,,,,0,0,,,0,,0,attack,s02
1,108,0,0,0,0,0,0,0,0,0,0,0,0,128.0,20.0,8.0,,0,0,,,0,,0,attack,s02
1,109,0,0,0,0,0,0,0,0,0,0,0,0,,,,,0,0,,,0,,0,attack,s02
1,110,0,0,0,0,0,0,0,0,0,0,0,0,,,,,0,0,,,0,,0,attack,s02
1,111,0,0,0,0,0,0,0,0,0,0,0,0,,,,,0,0,,,0,,0,attack,s02
1,112,0,0,0,0,0,0,0,0,0,0,0,0,,,,,0,0,,,0,,0,attack,s02
1,113,0,0,0,0,0,0,0,0,0,0,0,0,,,,,0,0,,,0,,0,attack,s02
1,114,0,0,0,0,0,0,0,0,0,0,0,0,128.0,20.0,8.0,,0,0,,,0,,0,attack,s02
1,115,0,0,0,0,0,0,0,0,0,0,0,0,,,,,0,0,,,0,,0,attack,s02
1,116,0,0,0,0,0,0,0,0,0,0,0,0,,,,,0,0,,,0,,0,attack,s02
1,117,0,0,0,0,0,0,0,0,0,0,0,0,,,,,0,0,,,0,,0,attack,s02
1,118,0,0,0,0,0,0,0,0,0,0,0,0,,,,,0,0,,,0,,0,attack,s02
1,119,0,0,0,0,0,0,0,0,0,0,0,0,,,,,0,0,,,0,,0,attack,s02
1,120,0,0,0,0,0,0,0,0,0,0,0,0,128.0,20.0,8.0,,0,0,,,0,,0,attack,s02
1,121,0,0,0,0,0,0,0,0,0,0,0,0,,,,,0,0,,,0,,0,attack,s02
1,122,0,0,0,0,0,0,0,0,0,0,0,0,,,,,0,0,,,0,,0,attack,s02
1,123,0,0,0,0,0,0,0,0,0,0,0,0,,,,,0,0,,,0,,0,attack,s02
1,124,0,0,0,0,0,0,0,0,0,0,0,0,,,,,0,0,,,0,,0,attack,s02
1,125,0,0,0,0,0,0,0,0,0,0,0,0,,,,,0,0,,,0,,0,attack,s02
1,126,0,0,0,0,0,0,0,0,0,0,0,0,128.0,20.0,8.0,,0,0,,,0,,0,attack,s02
1,127,0,0,0,0,0,0,0,0,0,0,0,0,,,,,0,0,,,0,,0,attack,s02
1,128,0,0,0,0,0,0,0,0,0,0,0,0,,,,,0,0,,,0,,0,attack,s02
1,129,0,0,0,0,0,0,0,0,0,0,0,0,,,,,0,0,,,0,,0,attack,s02
1,130,0,0,0,0,0,0,0,0,0,0,0,0,,,,,0,0,,,0,,0,attack,s02
1,131,0,0,0,0,0,0,0,0,0,0,0,0,,,,,0,0,,,0,,0,attack,s02
1,132,0,0,0,0,0,0,0,0,0,0,0,0,128.0,20.0,8.0,,0,0,,,0,,0,attack,s02
1,133,0,0,0,0,0,0,0,0,0,0,0,0,,,,,0,0,,,0,,0,attack,s02
1,134,0,0,0,0,0,0,0,0,0,0,0,0,,,,,0,0,,,0,,0,attack,s02
1,135,0,0,0,0,0,0,0,0,0,0,0,0,,,,,0,0,,,0,,0,attack,s02
1,136,0,0,0,0,0,0,0,0,0,0,0,0,,,,,0,0,,,0,,0,attack,s02
1,137,0,0,0,0,0,0,0,0,0,0,0,0,,,,,0,0,,,0,,0,attack,s02
1,138,0,0,0,0,0,0,0,0,0,0,0,0,128.0,20.0,8.0,,0,0,,,0,,0,attack,s02
1,139,0,0,0,0,0,0,0,0,0,0,0,0,,,,,0,0,,,0,,0,attack,s02
1,140,0,0,0,0,0,0,0,0,0,0,0,0,,,,,0,0,,,0,,0,attack,s02
1,141,0,0,0,0,0,0,0,0,0,0,0,0,,,,,0,0,,,0,,0,attack,s02
1,142,0,0,0,0,0,0,0,0,0,0,0,0,,,,,0,0,,,0,,0,attack,s02
1,143,0,0,0,0,0,0,0,0,0,0,0,0,,,,,0,0,,,0,,0,attack,s02
1,144,0,0,0,0,0,0,0,0,0,0,0,0,128.0,20.0,8.0,,0,0,,,0,,0,attack,s02
1,145,0,0,0,0,0,0,0,0,0,0,0,0,,,,,0,0,,,0,,0,attack,s02
1,146,0,0,0,0,0,0,0,0,0,0,0,0,,,,,0,0,,,0,,0,attack,s02
1,147,0,0,0,0,0,0,0,0,0,0,0,0,,,,,0,0,,,0,,0,attack,s02
1,148,0,0,0,0,0,0,0,0,0,0,0,0,,,,,0,0,,,0,,0,attack,s02
1,149,0,0,0,0,0,0,0,0,0,0,0,0,,,,,0,0,,,0,,0,attack,s02
1,150,0,0,0,0,0,0,0,0,0,0,0,0,128.0,20.0,8.0,,0,0,,,0,,0,attack,s02
1,151,0,0,0,0,0,0,0,0,0,0,0,0,,,,,0,0,,,0,,0,attack,s02
1,152,0,0,0,0,0,0,0,0,0,0,0,0,,,,,0,0,,,0,,0,attack,s02
1,153,0,0,0,0,0,0,0,0,0,0,0,0,,,,,0,0,,,0,,0,attack,s02
1,154,0,0,0,0,0,0,0,0,0,0,0,0,,,,,0,0,,,0,,0,attack,s02
1,155,0,0,0,0,0,0,0,0,0,0,0,0,,,,,0,0,,,0,,0,attack,s02
1,156,0,0,0,0,0,0,0,0,0,0,0,0,128.0,20.0,8.0,,0,0,,,0,,0,attack,s02
1,157,0,0,0,0,0,0,0,0,0,0,0,0,,,,,0,0,,,0,,0,attack,s02
1,158,0,0,0,0,0,0,0,0,0,0,0,0,,,,,0,0,,,0,,0,attack,s02
1,159,0,0,0,0,0,0,0,0,0,0,0,0,,,,,0,0,,,0,,0,attack,s02
1,160,0,0,0,0,0,0,0,0,0,0,0,0,,,,,0,0,,,0,,0,attack,s02
1,161,0,1,0,0,0,0,0,0,0,0,1,0,,,,,0,0,,,0,,0,attack,s02
1,162,0,0,0,0,0,0,0,0,0,0,0,0,128.0,20.0,8.0,,0,0,,,0,,0,attack,s02
1,163,0,2,0,0,0,0,0,0,0,0,1,0,,,,,0,0,,,0,,0,attack,s02
1,164,0,1,0,0,0,0,0,0,0,0,1,0,,,,,0,0,,,0,,0,attack,s02
1,165,0,0,0,0,0,0,0,0,0,0,0,0,,,,,0,0,,,0,,0,attack,s02
1,166,0,0,0,0,0,0,0,0,0,0,0,0,,,,,0,0,,,0,,0,attack,s02
1,167,0,0,0,0,0,0,0,0,0,0,0,0,,,,,0,0,,,0,,0,attack,s02
1,168,0,0,0,0,0,0,0,0,0,0,0,0,128.0,20.0,8.0,,0,0,,,0,,0,attack,s02
1,169,0,0,0,0,0,0,0,0,0,0,0,0,,,,,0,0,,,0,,0,attack,s02
1,170,0,0,1,1,0,0,0,0,0,0,0,0,,,,,0,0,,,0,,0,attack,s02
1,171,0,1,0,0,0,0,0,0,0,0,1,0,,,,,0,0,,,0,,0,attack,s02
1,172,0,0,3,3,0,0,0,0,0,0,0,0,,,,,0,0,,,0,,0,attack,s02
1,173,0,0,6,6,0,0,0,0,0,0,0,0,,,,,0,0,,,0,,0,attack,s02
1,174,0,0,1,1,0,0,0,0,0,0,0,0,128.0,20.0,8.0,,0,0,,,0,,0,attack,s02
1,175,0,0,3,3,0,0,0,0,0,0,0,0,,,,,0,0,,,0,,0,attack,s02
1,176,0,0,1,1,0,0,0,0,0,0,0,0,,,,,0,0,,,0,,0,attack,s02
1,177,0,0,2,2,0,0,0,0,0,0,0,0,,,,,0,0,,,0,,0,attack,s02
1,178,0,0,3,3,0,0,0,0,0,0,0,0,,,,,0,0,,,0,,0,attack,s02
1,179,0,0,1,1,0,0,0,0,0,0,0,0,,,,,0,0,,,0,,0,attack,s02
1,180,0,0,0,0,0,0,0,0,0,0,0,0,128.0,20.0,8.0,,0,0,,,0,,0,attack,s02
1,181,0,0,1,1,0,0,0,0,0,0,0,0,,,,,0,0,,,0,,0,attack,s02
2,0,0,0,0,0,0,0,0,0,0,0,0,0,,,,,0,0,,,0,,0,attack,s02
2,1,0,0,0,0,0,0,0,0,0,0,0,0,,,,,0,0,,,0,,0,attack,s02
2,2,0,0,0,0,1,0,0,0,0,1,0,0,,,,,0,0,,,0,,0,attack,s02
2,3,0,0,0,0,0,0,0,0,0,0,0,0,,,,,0,0,,,0,,0,attack,s02
2,4,0,0,0,0,0,0,0,0,0,0,0,0,,,,,0,0,,,0,,0,attack,s02
2,5,0,0,0,0,0,0,0,0,0,0,0,0,,,,,0,0,,,0,,0,attack,s02
2,6,0,0,0,0,0,0,0,0,0,0,0,0,,,,,0,0,,,0,,0,attack,s02
2,7,0,0,0,0,1,0,0,0,0,1,0,0,,,,,0,0,,,0,,0,attack,s02
2,8,0,0,0,0,0,0,0,0,0,0,0,0,,,,,0,0,,,0,,0,attack,s02
2,9,0,2,0,0,1,0,0,0,0,0,1,0,,,,,0,0,,,0,,0,attack,s02
2,10,3,6,1,1,0,0,0,1,0,0,1,0,832.0,0.0,3.0,,0,0,,,0,,0,attack,s02
2,11,2,1,0,0,0,0,0,0,0,0,1,0,,,,,0,0,,,0,,0,attack,s02
2,12,0,3,0,0,0,0,0,0,0,0,1,0,805.0,13.0,5.0,,0,0,,,0,,0,attack,s02
2,13,1,0,0,0,0,0,0,0,0,0,0,0,,,,,0,0,,,0,,0,attack,s02
2,14,0,3,0,0,0,0,0,0,0,0,1,0,,,,,0,0,,,0,,0,attack,s02
2,15,0,0,0,0,0,0,0,0,0,0,0,0,,,,,0,1,0.0,,1,122.0,0,attack,s02
2,16,1,2,0,0,0,0,0,0,0,0,1,0,,,,,0,0,,,0,,0,attack,s02
2,17,0,0,0,0,0,0,0,0,0,0,0,0,,,,,0,0,,,0,,0,attack,s02
2,18,0,1,0,0,0,0,0,0,0,0,1,0,711.0,16.0,5.0,,0,0,,,0,,0,attack,s02
2,19,1,0,0,0,0,0,0,0,0,0,0,0,,,,,0,0,,,0,,0,attack,s02
2,20,1,1,0,0,0,0,0,0,0,0,1,0,,,,,0,0,,,0,,0,attack,s02
2,21,0,1,0,0,0,0,0,0,0,0,1,0,,,,,0,1,99.0,1.6499725004583257,1,116.0,0,attack,s02
2,22,0,0,0,0,0,0,0,0,0,0,0,0,,,,,0,0,,,0,,0,attack,s02
2,23,0,0,0,0,0,0,0,0,0,0,0,0,,,,,0,0,,,0,,0,attack,s02
2,24,0,0,0,0,0,0,0,0,0,0,0,0,663.0,17.0,5.0,,0,0,,,0,,0,attack,s02
2,25,0,0,0,0,0,0,0,0,0,0,0,0,,,,,0,0,,,0,,0,attack,s02
2,26,0,0,0,0,0,0,0,0,0,0,0,0,,,,,0,0,,,0,,0,attack,s02
2,27,0,0,0,0,0,0,0,0,0,0,0,0,,,,,0,1,98.0,1.6333061115648073,1,114.0,0,attack,s02
2,28,0,1,0,0,0,0,0,0,0,0,1,0,,,,,0,0,,,0,,0,attack,s02
2,29,1,0,0,0,0,0,0,0,0,0,0,0,,,,,0,0,,,0,,0,attack,s02
2,30,0,0,0,0,0,0,0,0,0,0,0,0,654.0,17.0,5.0,,0,0,,,0,,0,attack,s02
2,31,0,1,0,0,0,0,0,0,0,0,1,0,,,,,0,0,,,0,,0,attack,s02
2,32,0,2,0,0,0,0,0,0,0,0,1,0,,,,,0,0,,,0,,0,attack,s02
2,33,1,1,0,0,0,0,0,0,0,0,1,0,,,,,0,1,99.0,1.6499725004583257,1,111.0,0,attack,s02
2,34,1,0,0,0,0,0,0,0,0,0,0,0,,,,,0,0,,,0,,0,attack,s02
2,35,0,1,0,0,0,0,0,0,0,0,1,0,,,,,0,0,,,0,,0,attack,s02
2,36,0,0,0,0,0,0,0,0,0,0,0,0,600.0,17.0,5.0,,0,0,,,0,,0,attack,s02
2,37,0,0,0,0,0,0,0,0,0,0,0,0,,,,,0,0,,,0,,0,attack,s02
2,38,0,0,0,0,0,0,0,0,0,0,0,0,,,,,0,0,,,0,,0,attack,s02
2,39,0,0,0,0,0,0,0,0,0,0,0,0,,,,,0,1,99.0,1.6499725004583257,1,90.0,0,attack,s02
2,40,0,0,0,0,0,0,0,0,0,0,0,0,,,,,0,0,,,0,,0,attack,s02
2,41,0,0,0,0,0,0,0,0,0,0,0,0,,,,,0,0,,,0,,0,attack,s02
2,42,0,0,0,0,0,0,0,0,0,0,0,0,593.0,18.0,5.0,,0,0,,,0,,0,attack,s02
2,43,1,0,0,0,0,0,0,0,0,0,0,0,,,,,0,0,,,0,,0,attack,s02
2,44,0,0,0,0,0,0,0,0,0,0,0,0,,,,,0,0,,,0,,0,attack,s02
2,45,0,0,0,0,0,0,0,0,0,0,0,0,,,,,0,1,99.0,1.6499725004583257,1,105.0,0,attack,s02
2,46,0,0,0,0,0,0,0,0,0,0,0,0,,,,,0,0,,,0,,0,attack,s02
2,47,0,0,0,0,0,0,0,0,0,0,0,0,,,,,0,0,,,0,,0,attack,s02
2,48,0,1,0,0,0,0,0,0,0,0,1,0,587.0,18.0,5.0,,0,0,,,0,,0,attack,s02
2,49,0,1,0,0,0,0,0,0,0,0,1,0,,,,,0,0,,,0,,0,attack,s02
2,50,1,0,0,0,0,0,0,0,0,0,0,0,,,,,0,0,,,0,,0,attack,s02
2,51,0,0,0,0,0,0,0,0,0,0,0,0,,,,,0,1,99.0,1.6499725004583257,1,110.0,0,attack,s02
2,52,0,0,0,0,0,0,0,0,0,0,0,0,,,,,0,0,,,0,,0,attack,s02
2,53,0,1,0,0,0,0,0,0,0,0,1,0,,,,,0,0,,,0,,0,attack,s02
2,54,0,0,0,0,0,0,0,0,0,0,0,0,581.0,18.0,5.0,,0,0,,,0,,0,attack,s02
2,55,0,0,0,0,0,0,0,0,0,0,0,0,,,,,0,0,,,0,,0,attack,s02
2,56,1,1,0,0,0,0,0,0,0,0,1,0,,,,,0,0,,,0,,0,attack,s02
2,57,0,1,0,0,0,0,0,0,0,0,1,0,,,,,0,1,99.0,1.6499725004583257,1,127.0,0,attack,s02
2,58,0,1,0,0,0,0,0,0,0,0,1,0,,,,,0,0,,,0,,0,attack,s02
2,59,0,1,0,0,0,0,0,0,0,0,1,0,,,,,0,0,,,0,,0,attack,s02
2,60,1,0,0,0,0,0,0,0,0,0,0,0,554.0,18.0,5.0,,0,0,,,0,,0,attack,s02
2,61,0,1,0,0,0,0,0,0,0,0,1,0,,,,,0,0,,,0,,0,attack,s02
2,62,0,0,0,0,0,0,0,0,0,0,0,0,,,,,0,0,,,0,,0,attack,s02
2,63,0,0,0,0,0,0,0,0,0,0,0,0,,,,,0,1,98.0,1.6333061115648073,1,118.0,0,attack,s02
2,64,0,1,0,0,0,0,0,0,0,0,1,0,,,,,0,0,,,0,,0,attack,s02
2,65,0,0,0,0,0,0,0,0,0,0,0,0,,,,,0,0,,,0,,0,attack,s02
2,66,1,0,0,0,0,0,0,0,0,0,0,0,549.0,19.0,5.0,,0,0,,,0,,0,attack,s02
2,67,0,0,0,0,0,0,0,0,0,0,0,0,,,,,0,0,,,0,,0,attack,s02
2,68,0,0,0,0,0,0,0,0,0,0,0,0,,,,,0,0,,,0,,0,attack,s02
2,69,0,1,0,0,0,0,0,0,0,0,1,0,,,,,0,1,99.0,1.6499725004583257,1,104.0,0,attack,s02
2,70,0,0,0,0,0,0,0,0,0,0,0,0,,,,,0,0,,,0,,0,attack,s02
2,71,0,0,0,0,0,0,0,0,0,0,0,0,,,,,0,0,,,0,,0,attack,s02
2,72,0,0,0,0,0,0,0,0,0,0,0,0,545.0,19.0,5.0,,0,0,,,0,,0,attack,s02
2,73,1,0,0,0,0,0,0,0,0,0,0,0,,,,,0,0,,,0,,0,attack,s02
2,74,0,0,0,0,0,0,0,0,0,0,0,0,,,,,0,0,,,0,,0,attack,s02
2,75,0,0,0,0,0,0,0,0,0,0,0,0,,,,,0,1,98.0,1.6333061115648073,1,99.0,0,attack,s02
2,76,0,0,0,0,0,0,0,0,0,0,0,0,,,,,0,0,,,0,,0,attack,s02
2,77,0,0,0,0,0,0,0,0,0,0,0,0,,,,,0,0,,,0,,0,attack,s02
2,78,0,0,0,0,0,0,0,0,0,0,0,0,541.0,19.0,5.0,,0,0,,,0,,0,attack,s02
2,79,1,0,0,0,0,0,0,0,0,0,0,0,,,,,0,0,,,0,,0,attack,s02
2,80,0,0,0,0,0,0,0,0,0,0,0,0,,,,,0,0,,,0,,0,attack,s02
2,81,0,0,0,0,0,0,0,0,0,0,0,0,,,,,0,1,99.0,1.6499725004583257,1,115.0,0,attack,s02
2,82,0,0,0,0,0,0,0,0,0,0,0,0,,,,,0,0,,,0,,0,attack,s02
2,83,1,0,0,0,0,0,0,0,0,0,0,0,,,,,0,0,,,0,,0,attack,s02
2,84,0,0,0,0,0,0,0,0,0,0,0,0,538.0,19.0,5.0,,0,0,,,0,,0,attack,s02
2,85,0,0,0,0,0,0,0,0,0,0,0,0,,,,,0,0,,,0,,0,attack,s02
2,86,0,0,0,0,0,0,0,0,0,0,0,0,,,,,0,0,,,0,,0,attack,s02
2,87,0,0,0,0,0,0,0,0,0,0,0,0,,,,,0,1,99.0,1.6499444518701203,1,113.0,0,attack,s02
2,88,1,1,0,0,0,0,0,0,0,0,1,0,,,,,0,0,,,0,,0,attack,s02
2,89,0,0,0,0,0,0,0,0,0,0,0,0,,,,,0,0,,,0,,0,attack,s02
2,90,0,0,0,0,0,0,0,0,0,0,0,0,535.0,19.0,5.0,,0,0,,,0,,0,attack,s02
2,91,0,0,0,0,0,0,0,0,0,0,0,0,,,,,0,0,,,0,,0,attack,s02
2,92,0,0,0,0,0,0,0,0,0,0,0,0,,,,,0,0,,,0,,0,attack,s02
2,93,0,1,0,0,0,0,0,0,0,0,1,0,,,,,0,1,98.0,1.6333066559912854,1,105.0,0,attack,s02
2,94,0,0,0,0,0,0,0,0,0,0,0,0,,,,,0,0,,,0,,0,attack,s02
2,95,2,0,0,0,0,0,0,0,0,0,0,0,,,,,0,0,,,0,,0,attack,s02
2,96,0,1,0,0,0,0,0,0,0,0,1,0,532.0,19.0,5.0,,0,0,,,0,,0,attack,s02
2,97,0,0,0,0,0,0,0,0,0,0,0,0,,,,,0,0,,,0,,0,attack,s02
2,98,0,0,0,0,0,0,0,0,0,0,0,0,,,,,0,0,,,0,,0,attack,s02
2,99,0,1,0,0,0,0,0,0,0,0,1,0,,,,,0,1,99.0,1.6499725004583257,1,99.0,0,attack,s02
2,100,0,1,0,0,0,0,0,0,0,0,1,0,,,,,0,0,,,0,,0,attack,s02
2,101,0,0,0,0,0,0,0,0,0,0,0,0,,,,,0,0,,,0,,0,attack,s02
2,102,0,0,0,0,0,0,0,0,0,0,0,0,530.0,19.0,5.0,,0,0,,,0,,0,attack,s02
2,103,0,0,0,0,0,0,0,0,0,0,0,0,,,,,0,0,,,0,,0,attack,s02
2,104,0,0,0,0,0,0,0,0,0,0,0,0,,,,,0,0,,,0,,0,attack,s02
2,105,1,0,0,0,0,0,0,0,0,0,0,0,,,,,0,0,,,0,,0,attack,s02
2,106,0,0,0,0,0,0,0,0,0,0,0,0,,,,,0,0,,,0,,0,attack,s02
2,107,0,1,0,0,0,0,0,0,0,0,1,0,,,,,0,0,,,0,,0,attack,s02
2,108,0,0,0,0,0,0,0,0,0,0,0,0,530.0,19.0,5.0,,0,0,,,0,,0,attack,s02
2,109,0,0,0,0,0,0,0,0,0,0,0,0,,,,,0,0,,,0,,0,attack,s02
2,110,0,1,0,0,0,0,0,0,0,0,1,0,,,,,0,0,,,0,,0,attack,s02
2,111,0,0,0,0,0,0,0,0,0,0,0,0,,,,,0,0,,,0,,0,attack,s02
2,112,1,0,0,0,0,0,0,0,0,0,0,0,,,,,0,0,,,0,,0,attack,s02
2,113,0,0,0,0,0,0,0,0,0,0,0,0,,,,,0,0,,,0,,0,attack,s02
2,114,0,0,0,0,0,0,0,0,0,0,0,0,530.0,19.0,5.0,,0,0,,,0,,0,attack,s02
2,115,0,0,0,0,0,0,0,0,0,0,0,0,,,,,0,0,,,0,,0,attack,s02
2,116,0,0,0,0,0,0,0,0,0,0,0,0,,,,,0,0,,,0,,0,attack,s02
2,117,1,1,0,0,0,0,0,0,0,0,1,0,,,,,0,0,,,0,,0,attack,s02
2,118,0,0,0,0,0,0,0,0,0,0,0,0,,,,,0,0,,,0,,0,attack,s02
2,119,0,0,0,0,0,0,0,0,0,0,0,0,,,,,0,0,,,0,,0,attack,s02
2,120,0,0,0,0,0,0,0,0,0,0,0,0,530.0,20.0,5.0,,0,0,,,0,,0,attack,s02
2,121,0,0,0,0,0,0,0,0,0,0,0,0,,,,,0,0,,,0,,0,attack,s02
2,122,0,0,0,0,0,0,0,0,0,0,0,0,,,,,0,0,,,0,,0,attack,s02
2,123,0,0,0,0,0,0,0,0,0,0,0,0,,,,,0,0,,,0,,0,attack,s02
2,124,0,0,0,0,0,0,0,0,0,0,0,0,,,,,0,0,,,0,,0,attack,s02
2,125,0,0,0,0,0,0,0,0,0,0,0,0,,,,,0,0,,,0,,0,attack,s02
2,126,0,0,0,0,0,0,0,0,0,0,0,0,530.0,20.0,5.0,,0,0,,,0,,0,attack,s02
2,127,1,0,0,0,0,0,0,0,0,0,0,0,,,,,0,0,,,0,,0,attack,s02
2,128,0,0,0,0,0,0,0,0,0,0,0,0,,,,,0,0,,,0,,0,attack,s02
2,129,0,0,0,0,0,0,0,0,0,0,0,0,,,,,0,0,,,0,,0,attack,s02
2,130,0,1,0,0,0,0,0,0,0,0,1,0,,,,,0,0,,,0,,0,attack,s02
2,131,0,0,0,0,0,0,0,0,0,0,0,0,,,,,0,0,,,0,,0,attack,s02
2,132,0,0,0,0,0,0,0,0,0,0,0,0,530.0,20.0,5.0,,0,0,,,0,,0,attack,s02
2,133,0,0,0,0,0,0,0,0,0,0,0,0,,,,,0,0,,,0,,0,attack,s02
2,134,0,1,0,0,0,0,0,0,0,0,1,0,,,,,0,0,,,0,,0,attack,s02
2,135,0,0,0,0,0,0,0,0,0,0,0,0,,,,,0,0,,,0,,0,attack,s02
2,136,0,0,0,0,0,0,0,0,0,0,0,0,,,,,0,0,,,0,,0,attack,s02
2,137,1,0,0,0,0,0,0,0,0,0,0,0,,,,,0,0,,,0,,0,attack,s02
2,138,0,0,0,0,0,0,0,0,0,0,0,0,530.0,20.0,5.0,,0,0,,,0,,0,attack,s02
2,139,0,0,0,0,0,0,0,0,0,0,0,0,,,,,0,0,,,0,,0,attack,s02
2,140,0,0,0,0,0,0,0,0,0,0,0,0,,,,,0,0,,,0,,0,attack,s02
2,141,0,0,0,0,0,0,0,0,0,0,0,0,,,,,0,0,,,0,,0,attack,s02
2,142,0,0,0,0,0,0,0,0,0,0,0,0,,,,,0,0,,,0,,0,attack,s02
2,143,0,0,0,0,0,0,0,0,0,0,0,0,,,,,0,0,,,0,,0,attack,s02
2,144,0,0,0,0,0,0,0,0,0,0,0,0,530.0,20.0,5.0,,0,0,,,0,,0,attack,s02
2,145,1,0,0,0,0,0,0,0,0,0,0,0,,,,,0,0,,,0,,0,attack,s02
2,146,0,0,0,0,0,0,0,0,0,0,0,0,,,,,0,0,,,0,,0,attack,s02
2,147,0,0,0,0,0,0,0,0,0,0,0,0,,,,,0,0,,,0,,0,attack,s02
2,148,0,0,0,0,0,0,0,0,0,0,0,0,,,,,0,0,,,0,,0,attack,s02
2,149,1,0,0,0,0,0,0,0,0,0,0,0,,,,,0,0,,,0,,0,attack,s02
2,150,0,0,0,0,0,0,0,0,0,0,0,0,530.0,20.0,5.0,,0,0,,,0,,0,attack,s02
2,151,0,1,0,0,0,0,0,0,0,0,1,0,,,,,0,0,,,0,,0,attack,s02
2,152,0,1,0,0,0,0,0,0,0,0,1,0,,,,,0,0,,,0,,0,attack,s02
2,153,0,0,0,0,0,0,0,0,0,0,0,0,,,,,0,0,,,0,,0,attack,s02
2,154,0,0,0,0,0,0,0,0,0,0,0,0,,,,,0,0,,,0,,0,attack,s02
2,155,0,0,0,0,0,0,0,0,0,0,0,0,,,,,0,0,,,0,,0,attack,s02
2,156,1,0,0,0,0,0,0,0,0,0,0,0,530.0,20.0,5.0,,0,0,,,0,,0,attack,s02
2,157,0,0,0,0,0,0,0,0,0,0,0,0,,,,,0,0,,,0,,0,attack,s02
2,158,0,0,0,0,0,0,0,0,0,0,0,0,,,,,0,0,,,0,,0,attack,s02
2,159,0,0,0,0,0,0,0,0,0,0,0,0,,,,,0,0,,,0,,0,attack,s02
2,160,1,1,0,0,0,0,0,0,0,0,1,0,,,,,0,0,,,0,,0,attack,s02
2,161,0,0,0,0,0,0,0,0,0,0,0,0,,,,,0,0,,,0,,0,attack,s02
2,162,0,0,0,0,0,0,0,0,0,0,0,0,528.0,20.0,5.0,,0,0,,,0,,0,attack,s02
2,163,0,0,0,0,0,0,0,0,0,0,0,0,,,,,0,0,,,0,,0,attack,s02
2,164,0,0,0,0,0,0,0,0,0,0,0,0,,,,,0,0,,,0,,0,attack,s02
2,165,0,0,0,0,0,0,0,0,0,0,0,0,,,,,0,0,,,0,,0,attack,s02
2,166,0,0,0,0,0,0,0,0,0,0,0,0,,,,,0,0,,,0,,0,attack,s02
2,167,0,0,0,0,0,0,0,0,0,0,0,0,,,,,0,0,,,0,,0,attack,s02
2,168,0,0,0,0,0,0,0,0,0,0,0,0,528.0,20.0,5.0,,0,0,,,0,,0,attack,s02
2,169,1,0,0,0,0,0,0,0,0,0,0,0,,,,,0,0,,,0,,0,attack,s02
2,170,0,0,0,0,0,0,0,0,0,0,0,0,,,,,0,0,,,0,,0,attack,s02
2,171,1,0,0,0,0,0,0,0,0,0,0,0,,,,,0,0,,,0,,0,attack,s02
2,172,0,0,0,0,0,0,0,0,0,0,0,0,,,,,0,0,,,0,,0,attack,s02
2,173,0,0,0,0,0,0,0,0,0,0,0,0,,,,,0,0,,,0,,0,attack,s02
2,174,0,0,0,0,0,0,0,0,0,0,0,0,528.0,20.0,5.0,,0,0,,,0,,0,attack,s02
2,175,0,0,0,0,0,0,0,0,0,0,0,0,,,,,0,0,,,0,,0,attack,s02
2,176,0,0,0,0,0,0,0,0,0,0,0,0,,,,,0,0,,,0,,0,attack,s02
2,177,0,0,0,0,0,0,0,0,0,0,0,0,,,,,0,0,,,0,,0,attack,s02
2,178,0,1,0,0,0,0,0,0,0,0,1,0,,,,,0,0,,,0,,0,attack,s02
2,179,0,0,0,0,0,0,0,0,0,0,0,0,,,,,0,0,,,0,,0,attack,s02
2,180,0,0,0,0,0,0,0,0,0,0,0,0,528.0,20.0,5.0,,0,0,,,0,,0,attack,s02
2,181,1,0,0,0,0,0,0,0,0,0,0,0,,,,,0,0,,,0,,0,attack,s02
3,0,0,0,0,0,0,0,0,0,0,0,0,0,,,,,0,0,,,0,,0,attack,s02
3,1,0,1,0,0,0,0,0,0,0,0,1,0,,,,,0,0,,,0,,0,attack,s02
3,2,4,3,0,0,0,0,0,1,0,0,1,0,475.0,0.0,2.0,,0,0,,,0,,0,attack,s02
3,3,1,3,1,1,0,0,0,0,0,0,1,1,,,,,0,0,,,0,,0,attack,s02
3,4,2,2,0,0,0,0,0,0,0,0,1,0,,,,,0,0,,,0,,0,attack,s02
3,5,1,5,0,0,0,0,0,0,0,0,1,0,,,,,0,0,,,0,,0,attack,s02
3,6,0,5,0,0,0,0,0,0,0,0,1,0,465.0,14.0,8.0,,0,0,,,0,,0,attack,s02
3,7,0,2,0,0,0,0,0,0,0,0,1,0,,,,,0,0,,,0,,0,attack,s02
3,8,2,0,0,0,0,0,0,0,0,0,0,0,,,,,0,0,,,0,,0,attack,s02
3,9,0,5,0,0,0,0,0,0,0,0,1,0,,,,,0,1,0.0,,1,103.0,0,attack,s02
3,10,0,1,0,0,0,0,0,0,0,0,1,0,,,,,0,0,,,0,,0,attack,s02
3,11,0,0,0,0,0,0,0,0,0,0,0,0,,,,,0,0,,,0,,0,attack,s02
3,12,0,0,0,0,0,0,0,0,0,0,0,0,448.0,16.0,8.0,,0,0,,,0,,0,attack,s02
3,13,0,1,0,0,0,0,0,0,0,0,1,0,,,,,0,0,,,0,,0,attack,s02
3,14,0,2,0,0,0,0,0,0,0,0,1,0,,,,,0,0,,,0,,0,attack,s02
3,15,0,3,0,0,0,0,0,0,0,0,1,0,,,,,0,1,99.0,1.6499725004583257,1,102.0,0,attack,s02
3,16,1,2,0,0,0,0,0,0,0,0,1,0,,,,,0,0,,,0,,0,attack,s02
3,17,1,0,0,0,0,0,0,0,0,0,0,0,,,,,0,0,,,0,,0,attack,s02
3,18,0,0,0,0,0,0,0,0,0,0,0,0,432.0,17.0,8.0,,0,0,,,0,,0,attack,s02
3,19,0,0,0,0,0,0,0,0,0,0,0,0,,,,,0,0,,,0,,0,attack,s02
3,20,0,0,0,0,0,0,0,0,0,0,0,0,,,,,0,0,,,0,,0,attack,s02
3,21,0,0,0,0,0,0,0,0,0,0,0,0,,,,,0,1,99.0,1.6499725004583257,1,102.0,0,attack,s02
3,22,0,1,0,0,0,0,0,0,0,0,1,0,,,,,0,0,,,0,,0,attack,s02
3,23,1,1,0,0,0,0,0,0,0,0,1,0,,,,,0,0,,,0,,0,attack,s02
3,24,0,2,0,0,0,0,0,0,0,0,1,0,429.0,17.0,8.0,,0,0,,,0,,0,attack,s02
3,25,0,1,0,0,0,0,0,0,0,0,1,0,,,,,0,0,,,0,,0,attack,s02
3,26,0,0,0,0,0,0,0,0,0,0,0,0,,,,,0,0,,,0,,0,attack,s02
3,27,1,2,0,0,0,0,0,0,0,0,1,0,,,,,0,1,99.0,1.6499725004583257,1,109.0,0,attack,s02
3,28,0,1,0,0,0,0,0,0,0,0,1,0,,,,,0,0,,,0,,0,attack,s02
3,29,0,1,0,0,0,0,0,0,0,0,1,0,,,,,0,0,,,0,,0,attack,s02
3,30,0,0,0,0,0,0,0,0,0,0,0,0,416.0,18.0,8.0,,0,0,,,0,,0,attack,s02
3,31,0,0,0,0,0,0,0,0,0,0,0,0,,,,,0,0,,,0,,0,attack,s02
3,32,0,0,0,0,0,0,0,0,0,0,0,0,,,,,0,0,,,0,,0,attack,s02
3,33,0,0,0,0,0,0,0,0,0,0,0,0,,,,,0,1,98.0,1.6333061115648073,1,121.0,0,attack,s02
3,34,0,0,0,0,0,0,0,0,0,0,0,0,,,,,0,0,,,0,,0,attack,s02
3,35,1,0,0,0,0,0,0,0,0,0,0,0,,,,,0,0,,,0,,0,attack,s02
3,36,0,0,0,0,0,0,0,0,0,0,0,0,413.0,18.0,8.0,,0,0,,,0,,0,attack,s02
3,37,0,0,0,0,0,0,0,0,0,0,0,0,,,,,0,0,,,0,,0,attack,s02
3,38,0,0,0,0,0,0,0,0,0,0,0,0,,,,,0,0,,,0,,0,attack,s02
3,39,0,0,0,0,0,0,0,0,0,0,0,0,,,,,0,1,98.0,1.6333061115648073,1,101.0,0,attack,s02
3,40,0,0,0,0,0,0,0,0,0,0,0,0,,,,,0,0,,,0,,0,attack,s02
3,41,0,0,0,0,0,0,0,0,0,0,0,0,,,,,0,0,,,0,,0,attack,s02
3,42,0,0,0,0,0,0,0,0,0,0,0,0,410.0,18.0,8.0,,0,0,,,0,,0,attack,s02
3,43,0,1,0,0,0,0,0,0,0,0,1,0,,,,,0,0,,,0,,0,attack,s02
3,44,0,0,0,0,0,0,0,0,0,0,0,0,,,,,0,0,,,0,,0,attack,s02
3,45,1,2,0,0,0,0,0,0,0,0,1,0,,,,,0,1,99.0,1.6499725004583257,1,93.0,0,attack,s02
3,46,0,1,0,0,0,0,0,0,0,0,1,0,,,,,0,0,,,0,,0,attack,s02
3,47,1,0,0,0,0,0,0,0,0,0,0,0,,,,,0,0,,,0,,0,attack,s02
3,48,0,1,0,0,0,0,0,0,0,0,1,0,400.0,18.0,8.0,,0,0,,,0,,0,attack,s02
3,49,0,1,0,0,0,0,0,0,0,0,1,0,,,,,0,0,,,0,,0,attack,s02
3,50,0,1,0,0,0,0,0,0,0,0,1,0,,,,,0,0,,,0,,0,attack,s02
3,51,0,0,0,0,0,0,0,0,0,0,0,0,,,,,0,1,99.0,1.6499725004583257,1,113.0,0,attack,s02
3,52,1,1,0,0,0,0,0,0,0,0,1,0,,,,,0,0,,,0,,0,attack,s02
3,53,0,1,0,0,0,0,0,0,0,0,1,0,,,,,0,0,,,0,,0,attack,s02
3,54,0,0,0,0,0,0,0,0,0,0,0,0,398.0,18.0,8.0,,0,0,,,0,,0,attack,s02
3,55,0,0,0,0,0,0,0,0,0,0,0,0,,,,,0,0,,,0,,0,attack,s02
3,56,1,0,0,0,0,0,0,0,0,0,0,0,,,,,0,0,,,0,,0,attack,s02
3,57,0,0,0,0,0,0,0,0,0,0,0,0,,,,,0,1,99.0,1.6499725004583257,1,106.0,0,attack,s02
3,58,0,0,0,0,0,0,0,0,0,0,0,0,,,,,0,0,,,0,,0,attack,s02
3,59,0,0,0,0,0,0,0,0,0,0,0,0,,,,,0,0,,,0,,0,attack,s02
3,60,0,0,0,0,0,0,0,0,0,0,0,0,396.0,19.0,8.0,,0,0,,,0,,0,attack,s02
3,61,0,0,0,0,0,0,0,0,0,0,0,0,,,,,0,0,,,0,,0,attack,s02
3,62,0,0,0,0,0,0,0,0,0,0,0,0,,,,,0,0,,,0,,0,attack,s02
3,63,0,0,0,0,0,0,0,0,0,0,0,0,,,,,0,1,98.0,1.6333061115648073,1,90.0,0,attack,s02
3,64,0,0,0,0,0,0,0,0,0,0,0,0,,,,,0,0,,,0,,0,attack,s02
3,65,0,0,0,0,0,0,0,0,0,0,0,0,,,,,0,0,,,0,,0,attack,s02
3,66,1,0,0,0,0,0,0,0,0,0,0,0,394.0,19.0,8.0,,0,0,,,0,,0,attack,s02
3,67,0,0,0,0,0,0,0,0,0,0,0,0,,,,,0,0,,,0,,0,attack,s02
3,68,0,0,0,0,0,0,0,0,0,0,0,0,,,,,0,0,,,0,,0,attack,s02
3,69,0,0,0,0,0,0,0,0,0,0,0,0,,,,,0,1,99.0,1.6499725004583257,1,103.0,0,attack,s02
3,70,0,1,0,0,0,0,0,0,0,0,1,0,,,,,0,0,,,0,,0,attack,s02
3,71,0,0,0,0,0,0,0,0,0,0,0,0,,,,,0,0,,,0,,0,attack,s02
3,72,0,0,0,0,0,0,0,0,0,0,0,0,393.0,19.0,8.0,,0,0,,,0,,0,attack,s02
3,73,0,0,0,0,0,0,0,0,0,0,0,0,,,,,0,0,,,0,,0,attack,s02
3,74,1,2,0,0,0,0,0,0,0,0,1,0,,,,,0,0,,,0,,0,attack,s02
3,75,0,0,0,0,0,0,0,0,0,0,0,0,,,,,0,1,99.0,1.6499725004583257,1,111.0,0,attack,s02
3,76,0,0,0,0,0,0,0,0,0,0,0,0,,,,,0,0,,,0,,0,attack,s02
3,77,0,1,0,0,0,0,0,0,0,0,1,0,,,,,0,0,,,0,,0,attack,s02
3,78,0,0,0,0,0,0,0,0,0,0,0,0,392.0,19.0,8.0,,0,0,,,0,,0,attack,s02
3,79,0,1,0,0,0,0,0,0,0,0,1,0,,,,,0,0,,,0,,0,attack,s02
3,80,0,0,0,0,0,0,0,0,0,0,0,0,,,,,0,0,,,0,,0,attack,s02
3,81,0,0,0,0,0,0,0,0,0,0,0,0,,,,,0,1,98.0,1.6333061115648073,1,109.0,0,attack,s02
3,82,0,0,0,0,0,0,0,0,0,0,0,0,,,,,0,0,,,0,,0,attack,s02
3,83,0,0,0,0,0,0,0,0,0,0,0,0,,,,,0,0,,,0,,0,attack,s02
3,84,0,0,0,0,0,0,0,0,0,0,0,0,391.0,19.0,8.0,,0,0,,,0,,0,attack,s02
3,85,1,1,0,0,0,0,0,0,0,0,1,0,,,,,0,0,,,0,,0,attack,s02
3,86,0,1,0,0,0,0,0,0,0,0,1,0,,,,,0,0,,,0,,0,attack,s02
3,87,0,0,0,0,0,0,0,0,0,0,0,0,,,,,0,1,99.0,1.6499725004583257,1,100.0,0,attack,s02
3,88,0,0,0,0,0,0,0,0,0,0,0,0,,,,,0,0,,,0,,0,attack,s02
3,89,0,0,0,0,0,0,0,0,0,0,0,0,,,,,0,0,,,0,,0,attack,s02
3,90,0,0,0,0,0,0,0,0,0,0,0,0,390.0,19.0,8.0,,0,0,,,0,,0,attack,s02
3,91,0,0,0,0,0,0,0,0,0,0,0,0,,,,,0,0,,,0,,0,attack,s02
3,92,0,0,0,0,0,0,0,0,0,0,0,0,,,,,0,0,,,0,,0,attack,s02
3,93,0,0,0,0,0,0,0,0,0,0,0,0,,,,,0,1,97.0,1.616639722671289,1,122.0,0,attack,s02
3,94,0,1,0,0,0,0,0,0,0,0,1,0,,,,,0,0,,,0,,0,attack,s02
3,95,1,1,0,0,0,0,0,0,0,0,1,0,,,,,0,0,,,0,,0,attack,s02
3,96,0,0,0,0,0,0,0,0,0,0,0,0,389.0,19.0,8.0,,0,0,,,0,,0,attack,s02
3,97,1,1,0,0,0,0,0,0,0,0,1,0,,,,,0,0,,,0,,0,attack,s02
3,98,0,0,0,0,0,0,0,0,0,0,0,0,,,,,0,0,,,0,,0,attack,s02
3,99,0,1,0,0,0,0,0,0,0,0,1,0,,,,,0,1,99.0,1.6499725004583257,1,108.0,0,attack,s02
3,100,0,0,0,0,0,0,0,0,0,0,0,0,,,,,0,0,,,0,,0,attack,s02
3,101,1,0,0,0,0,0,0,0,0,0,0,0,,,,,0,0,,,0,,0,attack,s02
3,102,0,1,0,0,0,0,0,0,0,0,1,0,388.0,19.0,8.0,,0,0,,,0,,0,attack,s02
3,103,0,1,0,0,0,0,0,0,0,0,1,0,,,,,0,0,,,0,,0,attack,s02
3,104,0,0,0,0,0,0,0,0,0,0,0,0,,,,,0,0,,,0,,0,attack,s02
3,105,0,0,0,0,0,0,0,0,0,0,0,0,,,,,0,1,99.0,1.6499725004583257,1,117.0,0,attack,s02
3,106,0,1,0,0,0,0,0,0,0,0,1,0,,,,,0,0,,,0,,0,attack,s02
3,107,1,0,0,0,0,0,0,0,0,0,0,0,,,,,0,0,,,0,,0,attack,s02
3,108,0,0,0,0,0,0,0,0,0,0,0,0,387.0,19.0,8.0,,0,0,,,0,,0,attack,s02
3,109,0,0,0,0,0,0,0,0,0,0,0,0,,,,,0,0,,,0,,0,attack,s02
3,110,0,0,0,0,0,0,0,0,0,0,0,0,,,,,0,0,,,0,,0,attack,s02
3,111,0,0,0,0,0,0,0,0,0,0,0,0,,,,,0,1,99.0,1.6499725004583257,1,123.0,0,attack,s02
3,112,0,0,0,0,0,0,0,0,0,0,0,0,,,,,0,0,,,0,,0,attack,s02
3,113,0,1,0,0,0,0,0,0,0,0,1,0,,,,,0,0,,,0,,0,attack,s02
3,114,0,0,0,0,0,0,0,0,0,0,0,0,386.0,20.0,8.0,,0,0,,,0,,0,attack,s02
3,115,0,0,0,0,0,0,0,0,0,0,0,0,,,,,0,0,,,0,,0,attack,s02
3,116,0,0,0,0,0,0,0,0,0,0,0,0,,,,,0,0,,,0,,0,attack,s02
3,117,1,0,0,0,0,0,0,0,0,0,0,0,,,,,0,1,99.0,1.6499725004583257,1,95.0,0,attack,s02
3,118,0,0,0,0,0,0,0,0,0,0,0,0,,,,,0,0,,,0,,0,attack,s02
3,119,0,0,0,0,0,0,0,0,0,0,0,0,,,,,0,0,,,0,,0,attack,s02
3,120,0,0,0,0,0,0,0,0,0,0,0,0,385.0,20.0,8.0,,0,0,,,0,,0,attack,s02
3,121,0,0,0,0,0,0,0,0,0,0,0,0,,,,,0,0,,,0,,0,attack,s02
3,122,0,0,0,0,0,0,0,0,0,0,0,0,,,,,0,0,,,0,,0,attack,s02
3,123,0,0,0,0,0,0,0,0,0,0,0,0,,,,,0,1,98.0,1.6333061115648073,1,114.0,0,attack,s02
3,124,1,0,0,0,0,0,0,0,0,0,0,0,,,,,0,0,,,0,,0,attack,s02
3,125,0,0,0,0,0,0,0,0,0,0,0,0,,,,,0,0,,,0,,0,attack,s02
3,126,0,0,0,0,0,0,0,0,0,0,0,0,384.0,20.0,8.0,,0,0,,,0,,0,attack,s02
3,127,0,2,0,0,0,0,0,0,0,0,1,0,,,,,0,0,,,0,,0,attack,s02
3,128,0,0,0,0,0,0,0,0,0,0,0,0,,,,,0,0,,,0,,0,attack,s02
3,129,0,0,0,0,0,0,0,0,0,0,0,0,,,,,0,1,99.0,1.649971950476842,1,121.0,0,attack,s02
3,130,1,0,0,0,0,0,0,0,0,0,0,0,,,,,0,0,,,0,,0,attack,s02
3,131,0,1,0,0,0,0,0,0,0,0,1,0,,,,,0,0,,,0,,0,attack,s02
3,132,0,0,0,0,0,0,0,0,0,0,0,0,384.0,20.0,8.0,,0,0,,,0,,0,attack,s02
3,133,0,0,0,0,0,0,0,0,0,0,0,0,,,,,0,0,,,0,,0,attack,s02
3,134,0,0,0,0,0,0,0,0,0,0,0,0,,,,,0,0,,,0,,0,attack,s02
3,135,1,0,0,0,0,0,0,0,0,0,0,0,,,,,0,1,99.0,1.6499730504401762,1,90.0,0,attack,s02
3,136,0,0,0,0,0,0,0,0,0,0,0,0,,,,,0,0,,,0,,0,attack,s02
3,137,0,0,0,0,0,0,0,0,0,0,0,0,,,,,0,0,,,0,,0,attack,s02
3,138,0,0,0,0,0,0,0,0,0,0,0,0,384.0,20.0,8.0,,0,0,,,0,,0,attack,s02
3,139,0,0,0,0,0,0,0,0,0,0,0,0,,,,,0,0,,,0,,0,attack,s02
3,140,0,0,0,0,0,0,0,0,0,0,0,0,,,,,0,0,,,0,,0,attack,s02
3,141,0,0,0,0,0,0,0,0,0,0,0,0,,,,,0,1,99.0,1.6499725004583257,1,95.0,0,attack,s02
3,142,1,0,0,0,0,0,0,0,0,0,0,0,,,,,0,0,,,0,,0,attack,s02
3,143,0,0,0,0,0,0,0,0,0,0,0,0,,,,,0,0,,,0,,0,attack,s02
3,144,0,0,0,0,0,0,0,0,0,0,0,0,384.0,20.0,8.0,,0,0,,,0,,0,attack,s02
3,145,0,0,0,0,0,0,0,0,0,0,0,0,,,,,0,0,,,0,,0,attack,s02
3,146,0,0,0,0,0,0,0,0,0,0,0,0,,,,,0,0,,,0,,0,attack,s02
3,147,0,0,0,0,0,0,0,0,0,0,0,0,,,,,0,1,99.0,1.6499725004583257,1,112.0,0,attack,s02
3,148,1,1,0,0,0,0,0,0,0,0,1,0,,,,,0,0,,,0,,0,attack,s02
3,149,0,0,0,0,0,0,0,0,0,0,0,0,,,,,0,0,,,0,,0,attack,s02
3,150,0,0,0,0,0,0,0,0,0,0,0,0,384.0,20.0,8.0,,0,0,,,0,,0,attack,s02
3,151,0,0,0,0,0,0,0,0,0,0,0,0,,,,,0,0,,,0,,0,attack,s02
3,152,0,0,0,0,0,0,0,0,0,0,0,0,,,,,0,0,,,0,,0,attack,s02
3,153,0,0,0,0,0,0,0,0,0,0,0,0,,,,,0,1,99.0,1.6499725004583257,1,110.0,0,attack,s02
3,154,0,0,0,0,0,0,0,0,0,0,0,0,,,,,0,0,,,0,,0,attack,s02
3,155,0,1,0,0,0,0,0,0,0,0,1,0,,,,,0,0,,,0,,0,attack,s02
3,156,0,0,0,0,0,0,0,0,0,0,0,0,384.0,20.0,8.0,,0,0,,,0,,0,attack,s02
3,157,0,0,0,0,0,0,0,0,0,0,0,0,,,,,0,0,,,0,,0,attack,s02
3,158,0,0,0,0,0,0,0,0,0,0,0,0,,,,,0,0,,,0,,0,attack,s02
3,159,1,0,0,0,0,0,0,0,0,0,0,0,,,,,0,1,99.0,1.6499725004583257,1,107.0,0,attack,s02
3,160,0,0,0,0,0,0,0,0,0,0,0,0,,,,,0,0,,,0,,0,attack,s02
3,161,0,0,0,0,0,0,0,0,0,0,0,0,,,,,0,0,,,0,,0,attack,s02
3,162,0,0,0,0,0,0,0,0,0,0,0,0,384.0,20.0,8.0,,0,0,,,0,,0,attack,s02
3,163,0,1,0,0,0,0,0,0,0,0,1,0,,,,,0,0,,,0,,0,attack,s02
3,164,0,1,0,0,0,0,0,0,0,0,1,0,,,,,0,0,,,0,,0,attack,s02
3,165,0,1,0,0,0,0,0,0,0,0,1,0,,,,,0,1,99.0,1.6499725004583257,1,104.0,0,attack,s02
3,166,0,0,0,0,0,0,0,0,0,0,0,0,,,,,0,0,,,0,,0,attack,s02
3,167,0,0,0,0,0,0,0,0,0,0,0,0,,,,,0,0,,,0,,0,attack,s02
3,168,0,0,0,0,0,0,0,0,0,0,0,0,384.0,20.0,8.0,,0,0,,,0,,0,attack,s02
3,169,1,0,0,0,0,0,0,0,0,0,0,0,,,,,0,0,,,0,,0,attack,s02
3,170,0,0,0,0,0,0,0,0,0,0,0,0,,,,,0,0,,,0,,0,attack,s02
3,171,0,1,0,0,0,0,0,0,0,0,1,0,,,,,0,1,99.0,1.649916954179973,1,96.0,0,attack,s02
3,172,0,0,0,0,0,0,0,0,0,0,0,0,,,,,0,0,,,0,,0,attack,s02
3,173,0,0,1,1,0,0,0,0,0,0,0,0,,,,,0,0,,,0,,0,attack,s02
3,174,0,0,0,0,0,0,0,0,0,0,0,0,384.0,20.0,8.0,,0,0,,,0,,0,attack,s02
3,175,0,1,0,0,0,0,0,0,0,0,1,0,,,,,0,0,,,0,,0,attack,s02
3,176,0,0,0,0,0,0,0,0,0,0,0,0,,,,,0,0,,,0,,0,attack,s02
3,177,0,0,0,0,0,0,0,0,0,0,0,0,,,,,0,1,99.0,1.6499730504401762,1,129.0,0,attack,s02
3,178,0,0,0,0,0,0,0,0,0,0,0,0,,,,,0,0,,,0,,0,attack,s02
3,179,1,0,0,0,0,0,0,0,0,0,0,0,,,,,0,0,,,0,,0,attack,s02
3,180,0,0,0,0,0,0,0,0,0,0,0,0,384.0,20.0,8.0,,0,0,,,0,,0,attack,s02
3,181,0,0,0,0,0,0,0,0,0,0,0,0,,,,,0,0,,,0,,0,attack,s02
4,0,0,0,0,0,0,0,0,0,0,0,0,0,,,,,0,0,,,0,,0,attack,s02
4,1,0,0,0,0,0,0,0,0,0,0,0,0,,,,,0,0,,,0,,0,attack,s02
4,2,0,0,0,0,0,0,0,0,0,0,0,0,,,,,0,0,,,0,,0,attack,s02
4,3,0,0,0,0,1,0,0,0,0,1,0,0,,,,,0,0,,,0,,0,attack,s02
4,4,0,0,0,0,0,0,0,0,0,0,0,0,,,,,0,0,,,0,,0,attack,s02
4,5,4,2,0,0,0,0,0,1,0,0,1,0,772.0,0.0,2.0,,0,0,,,0,,0,attack,s02
4,6,1,4,1,1,0,0,0,0,0,0,1,0,772.0,0.0,2.0,,0,0,,,0,,0,attack,s02
4,7,1,0,0,0,0,0,0,0,0,0,0,0,,,,,0,0,,,0,,0,attack,s02
4,8,1,1,0,0,0,0,0,0,0,0,1,0,,,,,0,1,0.0,,1,126.0,0,attack,s02
4,9,0,2,0,0,0,0,0,0,0,0,1,0,,,,,0,0,,,0,,0,attack,s02
4,10,0,2,0,0,0,0,0,0,0,0,1,0,,,,,0,0,,,0,,0,attack,s02
4,11,1,2,0,0,0,0,0,0,0,0,1,0,,,,,0,0,,,0,,0,attack,s02
4,12,1,0,0,0,0,0,0,0,0,0,0,0,652.0,15.0,4.0,,0,0,,,0,,0,attack,s02
4,13,0,0,0,0,0,0,0,0,0,0,0,0,,,,,0,0,,,0,,0,attack,s02
4,14,0,1,0,0,0,0,0,0,0,0,1,0,,,,,0,1,99.0,1.6499725004583257,1,117.0,0,attack,s02
4,15,0,3,0,0,0,0,0,0,0,0,1,0,,,,,0,0,,,0,,0,attack,s02
4,16,0,0,0,0,0,0,0,0,0,0,0,0,,,,,0,0,,,0,,0,attack,s02
4,17,1,1,0,0,0,0,0,0,0,0,1,0,,,,,0,0,,,0,,0,attack,s02
4,18,1,0,0,0,0,0,0,0,0,0,0,0,585.0,16.0,4.0,,0,0,,,0,,0,attack,s02
4,19,0,1,0,0,0,0,0,0,0,0,1,0,,,,,0,0,,,0,,0,attack,s02
4,20,0,0,0,0,0,0,0,0,0,0,0,0,,,,,0,1,99.0,1.6499725004583257,1,99.0,0,attack,s02
4,21,0,0,0,0,0,0,0,0,0,0,0,0,,,,,0,0,,,0,,0,attack,s02
4,22,0,0,0,0,0,0,0,0,0,0,0,0,,,,,0,0,,,0,,0,attack,s02
4,23,0,1,0,0,0,0,0,0,0,0,1,0,,,,,0,0,,,0,,0,attack,s02
4,24,0,0,0,0,0,0,0,0,0,0,0,0,582.0,17.0,4.0,,0,0,,,0,,0,attack,s02
4,25,0,0,0,0,0,0,0,0,0,0,0,0,,,,,0,0,,,0,,0,attack,s02
4,26,2,1,0,0,0,0,0,0,0,0,1,0,,,,,0,1,99.0,1.6499725004583257,1,102.0,0,attack,s02
4,27,0,1,0,0,0,0,0,0,0,0,1,0,,,,,0,0,,,0,,0,attack,s02
4,28,0,2,0,0,0,0,0,0,0,0,1,0,,,,,0,0,,,0,,0,attack,s02
4,29,0,0,0,0,0,0,0,0,0,0,0,0,,,,,0,0,,,0,,0,attack,s02
4,30,0,0,0,0,0,0,0,0,0,0,0,0,545.0,17.0,4.0,,0,0,,,0,,0,attack,s02
4,31,0,0,0,0,0,0,0,0,0,0,0,0,,,,,0,0,,,0,,0,attack,s02
4,32,0,0,0,0,0,0,0,0,0,0,0,0,,,,,0,1,98.0,1.6333061115648073,1,94.0,0,attack,s02
4,33,0,1,0,0,0,0,0,0,0,0,1,0,,,,,0,0,,,0,,0,attack,s02
4,34,1,0,0,0,0,0,0,0,0,0,0,0,,,,,0,0,,,0,,0,attack,s02
4,35,0,0,0,0,0,0,0,0,0,0,0,0,,,,,0,0,,,0,,0,attack,s02
4,36,0,0,0,0,0,0,0,0,0,0,0,0,543.0,18.0,4.0,,0,0,,,0,,0,attack,s02
4,37,0,1,0,0,0,0,0,0,0,0,1,0,,,,,0,0,,,0,,0,attack,s02
4,38,0,0,0,0,0,0,0,0,0,0,0,0,,,,,0,1,99.0,1.6499725004583257,1,124.0,0,attack,s02
4,39,0,0,0,0,0,0,0,0,0,0,0,0,,,,,0,0,,,0,,0,attack,s02
4,40,0,0,0,0,0,0,0,0,0,0,0,0,,,,,0,0,,,0,,0,attack,s02
4,41,0,0,0,0,0,0,0,0,0,0,0,0,,,,,0,0,,,0,,0,attack,s02
4,42,1,0,0,0,0,0,0,0,0,0,0,0,541.0,18.0,4.0,,0,0,,,0,,0,attack,s02
4,43,0,0,0,0,0,0,0,0,0,0,0,0,,,,,0,0,,,0,,0,attack,s02
4,44,0,0,0,0,0,0,0,0,0,0,0,0,,,,,0,1,99.0,1.6499725004583257,1,125.0,0,attack,s02
4,45,0,0,0,0,0,0,0,0,0,0,0,0,,,,,0,0,,,0,,0,attack,s02
4,46,0,1,0,0,0,0,0,0,0,0,1,0,,,,,0,0,,,0,,0,attack,s02
4,47,0,0,0,0,0,0,0,0,0,0,0,0,,,,,0,0,,,0,,0,attack,s02
4,48,0,0,0,0,0,0,0,0,0,0,0,0,524.0,18.0,4.0,,0,0,,,0,,0,attack,s02
4,49,0,0,0,0,0,0,0,0,0,0,0,0,,,,,0,0,,,0,,0,attack,s02
4,50,0,1,0,0,0,0,0,0,0,0,1,0,,,,,0,1,98.0,1.6333061115648073,1,123.0,0,attack,s02
4,51,1,0,0,0,0,0,0,0,0,0,0,0,,,,,0,0,,,0,,0,attack,s02
4,52,0,1,0,0,0,0,0,0,0,0,1,0,,,,,0,0,,,0,,0,attack,s02
4,53,1,0,0,0,0,0,0,0,0,0,0,0,,,,,0,0,,,0,,0,attack,s02
4,54,0,0,0,0,0,0,0,0,0,0,0,0,522.0,18.0,4.0,,0,0,,,0,,0,attack,s02
4,55,0,0,0,0,0,0,0,0,0,0,0,0,,,,,0,0,,,0,,0,attack,s02
4,56,0,1,0,0,0,0,0,0,0,0,1,0,,,,,0,1,99.0,1.6499725004583257,1,117.0,0,attack,s02
4,57,0,0,0,0,0,0,0,0,0,0,0,0,,,,,0,0,,,0,,0,attack,s02
4,58,0,0,0,0,0,0,0,0,0,0,0,0,,,,,0,0,,,0,,0,attack,s02
4,59,0,0,0,0,0,0,0,0,0,0,0,0,,,,,0,0,,,0,,0,attack,s02
4,60,0,1,0,0,0,0,0,0,0,0,1,0,521.0,19.0,4.0,,0,0,,,0,,0,attack,s02
4,61,0,0,0,0,0,0,0,0,0,0,0,0,,,,,0,0,,,0,,0,attack,s02
4,62,0,0,0,0,0,0,0,0,0,0,0,0,,,,,0,1,98.0,1.6332783462956746,1,128.0,0,attack,s02
4,63,1,0,0,0,0,0,0,0,0,0,0,0,,,,,0,0,,,0,,0,attack,s02
4,64,0,0,0,0,0,0,0,0,0,0,0,0,,,,,0,0,,,0,,0,attack,s02
4,65,0,0,0,0,0,0,0,0,0,0,0,0,,,,,0,0,,,0,,0,attack,s02
4,66,0,0,0,0,0,0,0,0,0,0,0,0,520.0,19.0,4.0,,0,0,,,0,,0,attack,s02
4,67,0,0,0,0,0,0,0,0,0,0,0,0,,,,,0,0,,,0,,0,attack,s02
4,68,1,0,0,0,0,0,0,0,0,0,0,0,,,,,0,1,98.0,1.6333066559912854,1,113.0,0,attack,s02
4,69,0,0,0,0,0,0,0,0,0,0,0,0,,,,,0,0,,,0,,0,attack,s02
4,70,0,0,0,0,0,0,0,0,0,0,0,0,,,,,0,0,,,0,,0,attack,s02
4,71,0,0,0,0,0,0,0,0,0,0,0,0,,,,,0,0,,,0,,0,attack,s02
4,72,0,0,0,0,0,0,0,0,0,0,0,0,519.0,19.0,4.0,,0,0,,,0,,0,attack,s02
4,73,0,0,0,0,0,0,0,0,0,0,0,0,,,,,0,0,,,0,,0,attack,s02
4,74,0,0,0,0,0,0,0,0,0,0,0,0,,,,,0,1,99.0,1.6499725004583257,1,129.0,0,attack,s02
4,75,0,0,0,0,0,0,0,0,0,0,0,0,,,,,0,0,,,0,,0,attack,s02
4,76,0,0,0,0,0,0,0,0,0,0,0,0,,,,,0,0,,,0,,0,attack,s02
4,77,1,0,0,0,0,0,0,0,0,0,0,0,,,,,0,0,,,0,,0,attack,s02
4,78,0,0,0,0,0,0,0,0,0,0,0,0,518.0,19.0,4.0,,0,0,,,0,,0,attack,s02
4,79,0,0,0,0,0,0,0,0,0,0,0,0,,,,,0,0,,,0,,0,attack,s02
4,80,0,0,0,0,0,0,0,0,0,0,0,0,,,,,0,1,99.0,1.6499725004583257,1,127.0,0,attack,s02
4,81,0,0,0,0,0,0,0,0,0,0,0,0,,,,,0,0,,,0,,0,attack,s02
4,82,0,1,0,0,0,0,0,0,0,0,1,0,,,,,0,0,,,0,,0,attack,s02
4,83,0,0,0,0,0,0,0,0,0,0,0,0,,,,,0,0,,,0,,0,attack,s02
4,84,0,0,0,0,0,0,0,0,0,0,0,0,517.0,19.0,4.0,,0,0,,,0,,0,attack,s02
4,85,0,0,0,0,0,0,0,0,0,0,0,0,,,,,0,0,,,0,,0,attack,s02
4,86,1,0,0,0,0,0,0,0,0,0,0,0,,,,,0,1,98.0,1.6333061115648073,1,119.0,0,attack,s02
4,87,0,0,0,0,0,0,0,0,0,0,0,0,,,,,0,0,,,0,,0,attack,s02
4,88,0,0,0,0,0,0,0,0,0,0,0,0,,,,,0,0,,,0,,0,attack,s02
4,89,0,0,0,0,0,0,0,0,0,0,0,0,,,,,0,0,,,0,,0,attack,s02
4,90,0,0,0,0,0,0,0,0,0,0,0,0,516.0,19.0,4.0,,0,0,,,0,,0,attack,s02
4,91,0,0,0,0,0,0,0,0,0,0,0,0,,,,,0,0,,,0,,0,attack,s02
4,92,0,0,0,0,0,0,0,0,0,0,0,0,,,,,0,1,98.0,1.6333061115648073,1,113.0,0,attack,s02
4,93,0,0,0,0,0,0,0,0,0,0,0,0,,,,,0,0,,,0,,0,attack,s02
4,94,1,1,0,0,0,0,0,0,0,0,1,0,,,,,0,0,,,0,,0,attack,s02
4,95,0,0,0,0,0,0,0,0,0,0,0,0,,,,,0,0,,,0,,0,attack,s02
4,96,0,0,0,0,0,0,0,0,0,0,0,0,515.0,19.0,4.0,,0,0,,,0,,0,attack,s02
4,97,0,0,0,0,0,0,0,0,0,0,0,0,,,,,0,0,,,0,,0,attack,s02
4,98,0,1,0,0,0,0,0,0,0,0,1,0,,,,,0,1,99.0,1.6499725004583257,1,102.0,0,attack,s02
4,99,0,0,0,0,0,0,0,0,0,0,0,0,,,,,0,0,,,0,,0,attack,s02
4,100,0,0,0,0,0,0,0,0,0,0,0,0,,,,,0,0,,,0,,0,attack,s02
4,101,1,0,0,0,0,0,0,0,0,0,0,0,,,,,0,0,,,0,,0,attack,s02
4,102,0,0,0,0,0,0,0,0,0,0,0,0,514.0,19.0,4.0,,0,0,,,0,,0,attack,s02
4,103,0,1,0,0,0,0,0,0,0,0,1,0,,,,,0,0,,,0,,0,attack,s02
4,104,0,0,0,0,0,0,0,0,0,0,0,0,,,,,0,1,98.0,1.6333061115648073,1,94.0,0,attack,s02
4,105,0,0,0,0,0,0,0,0,0,0,0,0,,,,,0,0,,,0,,0,attack,s02
4,106,1,0,0,0,0,0,0,0,0,0,0,0,,,,,0,0,,,0,,0,attack,s02
4,107,1,1,0,0,0,0,0,0,0,0,1,0,,,,,0,0,,,0,,0,attack,s02
4,108,0,0,0,0,0,0,0,0,0,0,0,0,513.0,19.0,4.0,,0,0,,,0,,0,attack,s02
4,109,0,0,0,0,0,0,0,0,0,0,0,0,,,,,0,0,,,0,,0,attack,s02
4,110,0,0,0,0,0,0,0,0,0,0,0,0,,,,,0,1,99.0,1.6499725004583257,1,98.0,0,attack,s02
4,111,0,0,0,0,0,0,0,0,0,0,0,0,,,,,0,0,,,0,,0,attack,s02
4,112,0,0,0,0,0,0,0,0,0,0,0,0,,,,,0,0,,,0,,0,attack,s02
4,113,0,0,0,0,0,0,0,0,0,0,0,0,,,,,0,0,,,0,,0,attack,s02
4,114,0,0,0,0,0,0,0,0,0,0,0,0,512.0,20.0,4.0,,0,0,,,0,,0,attack,s02
4,115,0,0,0,0,0,0,0,0,0,0,0,0,,,,,0,0,,,0,,0,attack,s02
4,116,0,0,0,0,0,0,0,0,0,0,0,0,,,,,0,1,98.0,1.6333061115648073,1,98.0,0,attack,s02
4,117,0,0,0,0,0,0,0,0,0,0,0,0,,,,,0,0,,,0,,0,attack,s02
4,118,1,0,0,0,0,0,0,0,0,0,0,0,,,,,0,0,,,0,,0,attack,s02
4,119,0,0,0,0,0,0,0,0,0,0,0,0,,,,,0,0,,,0,,0,attack,s02
4,120,0,0,0,0,0,0,0,0,0,0,0,0,512.0,20.0,4.0,,0,0,,,0,,0,attack,s02
4,121,0,0,0,0,0,0,0,0,0,0,0,0,,,,,0,0,,,0,,0,attack,s02
4,122,0,0,0,0,0,0,0,0,0,0,0,0,,,,,0,1,98.0,1.6333061115648073,1,101.0,0,attack,s02
4,123,0,0,0,0,0,0,0,0,0,0,0,0,,,,,0,0,,,0,,0,attack,s02
4,124,0,0,0,0,0,0,0,0,0,0,0,0,,,,,0,0,,,0,,0,attack,s02
4,125,0,0,0,0,0,0,0,0,0,0,0,0,,,,,0,0,,,0,,0,attack,s02
4,126,0,0,0,0,0,0,0,0,0,0,0,0,512.0,20.0,4.0,,0,0,,,0,,0,attack,s02
4,127,0,0,0,0,0,0,0,0,0,0,0,0,,,,,0,0,,,0,,0,attack,s02
4,128,1,0,0,0,0,0,0,0,0,0,0,0,,,,,0,1,98.0,1.6333061115648073,1,90.0,0,attack,s02
4,129,0,0,0,0,0,0,0,0,0,0,0,0,,,,,0,0,,,0,,0,attack,s02
4,130,0,0,0,0,0,0,0,0,0,0,0,0,,,,,0,0,,,0,,0,attack,s02
4,131,0,0,0,0,0,0,0,0,0,0,0,0,,,,,0,0,,,0,,0,attack,s02
4,132,0,0,0,0,0,0,0,0,0,0,0,0,512.0,20.0,4.0,,0,0,,,0,,0,attack,s02
4,133,0,0,0,0,0,0,0,0,0,0,0,0,,,,,0,0,,,0,,0,attack,s02
4,134,0,0,0,0,0,0,0,0,0,0,0,0,,,,,0,1,99.0,1.6499725004583257,1,92.0,0,attack,s02
4,135,0,0,0,0,0,0,0,0,0,0,0,0,,,,,0,0,,,0,,0,attack,s02
4,136,0,0,0,0,0,0,0,0,0,0,0,0,,,,,0,0,,,0,,0,attack,s02
4,137,0,1,0,0,0,0,0,0,0,0,1,0,,,,,0,0,,,0,,0,attack,s02
4,138,0,0,0,0,0,0,0,0,0,0,0,0,512.0,20.0,4.0,,0,0,,,0,,0,attack,s02
4,139,1,0,0,0,0,0,0,0,0,0,0,0,,,,,0,0,,,0,,0,attack,s02
4,140,0,0,0,0,0,0,0,0,0,0,0,0,,,,,0,1,99.0,1.6499725004583257,1,116.0,0,attack,s02
4,141,0,0,0,0,0,0,0,0,0,0,0,0,,,,,0,0,,,0,,0,attack,s02
4,142,0,0,0,0,0,0,0,0,0,0,0,0,,,,,0,0,,,0,,0,attack,s02
4,143,0,0,0,0,0,0,0,0,0,0,0,0,,,,,0,0,,,0,,0,attack,s02
4,144,0,0,0,0,0,0,0,0,0,0,0,0,512.0,20.0,4.0,,0,0,,,0,,0,attack,s02
4,145,0,0,0,0,0,0,0,0,0,0,0,0,,,,,0,0,,,0,,0,attack,s02
4,146,0,0,0,0,0,0,0,0,0,0,0,0,,,,,0,1,98.0,1.6333061115648073,1,109.0,0,attack,s02
4,147,1,0,0,0,0,0,0,0,0,0,0,0,,,,,0,0,,,0,,0,attack,s02
4,148,0,0,0,0,0,0,0,0,0,0,0,0,,,,,0,0,,,0,,0,attack,s02
4,149,0,0,0,0,0,0,0,0,0,0,0,0,,,,,0,0,,,0,,0,attack,s02
4,150,0,0,0,0,0,0,0,0,0,0,0,0,512.0,20.0,4.0,,0,0,,,0,,0,attack,s02
4,151,0,0,0,0,0,0,0,0,0,0,0,0,,,,,0,0,,,0,,0,attack,s02
4,152,0,0,0,0,0,0,0,0,0,0,0,0,,,,,0,1,98.0,1.6333061115648073,1,92.0,0,attack,s02
4,153,1,0,0,0,0,0,0,0,0,0,0,0,,,,,0,0,,,0,,0,attack,s02
4,154,0,0,0,0,0,0,0,0,0,0,0,0,,,,,0,0,,,0,,0,attack,s02
4,155,0,0,0,0,0,0,0,0,0,0,0,0,,,,,0,0,,,0,,0,attack,s02
4,156,0,0,0,0,0,0,0,0,0,0,0,0,512.0,20.0,4.0,,0,0,,,0,,0,attack,s02
4,157,0,0,0,0,0,0,0,0,0,0,0,0,,,,,0,0,,,0,,0,attack,s02
4,158,0,0,0,0,0,0,0,0,0,0,0,0,,,,,0,1,99.0,1.6499725004583257,1,109.0,0,attack,s02
4,159,0,0,0,0,0,0,0,0,0,0,0,0,,,,,0,0,,,0,,0,attack,s02
4,160,0,1,0,0,0,0,0,0,0,0,1,0,,,,,0,0,,,0,,0,attack,s02
4,161,0,0,0,0,0,0,0,0,0,0,0,0,,,,,0,0,,,0,,0,attack,s02
4,162,1,0,0,0,0,0,0,0,0,0,0,0,512.0,20.0,4.0,,0,0,,,0,,0,attack,s02
4,163,0,0,0,0,0,0,0,0,0,0,0,0,,,,,0,0,,,0,,0,attack,s02
4,164,0,0,0,0,0,0,0,0,0,0,0,0,,,,,0,1,99.0,1.6499725004583257,1,122.0,0,attack,s02
4,165,0,0,0,0,0,0,0,0,0,0,0,0,,,,,0,0,,,0,,0,attack,s02
4,166,0,0,0,0,0,0,0,0,0,0,0,0,,,,,0,0,,,0,,0,attack,s02
4,167,0,1,0,0,0,0,0,0,0,0,1,0,,,,,0,0,,,0,,0,attack,s02
4,168,0,1,0,0,0,0,0,0,0,0,1,0,512.0,20.0,4.0,,0,0,,,0,,0,attack,s02
4,169,0,0,0,0,0,0,0,0,0,0,0,0,,,,,0,0,,,0,,0,attack,s02
4,170,1,0,0,0,0,0,0,0,0,0,0,0,,,,,0,1,99.0,1.6499725004583257,1,114.0,0,attack,s02
4,171,0,0,0,0,0,0,0,0,0,0,0,0,,,,,0,0,,,0,,0,attack,s02
4,172,0,0,0,0,0,0,0,0,0,0,0,0,,,,,0,0,,,0,,0,attack,s02
4,173,0,0,0,0,0,0,0,0,0,0,0,0,,,,,0,0,,,0,,0,attack,s02
4,174,0,0,0,0,0,0,0,0,0,0,0,0,512.0,20.0,4.0,,0,0,,,0,,0,attack,s02
4,175,0,0,0,0,0,0,0,0,0,0,0,0,,,,,0,0,,,0,,0,attack,s02
4,176,1,0,0,0,0,0,0,0,0,0,0,0,,,,,0,1,98.0,1.6332783462956746,1,108.0,0,attack,s02
4,177,0,0,0,0,0,0,0,0,0,0,0,0,,,,,0,0,,,0,,0,attack,s02
4,178,0,0,1,1,0,0,0,0,0,0,0,0,,,,,0,0,,,0,,0,attack,s02
4,179,0,0,0,0,0,0,0,0,0,0,0,0,,,,,0,0,,,0,,0,attack,s02
4,180,0,0,0,0,0,0,0,0,0,0,0,0,512.0,20.0,4.0,,0,0,,,0,,0,attack,s02
4,181,0,0,0,0,0,0,0,0,0,0,0,0,,,,,0,0,,,0,,0,attack,s02
5,0,0,0,0,0,0,0,0,0,0,0,0,0,,,,,0,0,,,0,,0,attack,s02
5,1,0,0,0,0,0,0,0,0,0,0,0,0,,,,,0,0,,,0,,0,attack,s02
5,2,0,0,0,0,1,0,0,0,0,1,0,0,,,,,0,0,,,0,,0,attack,s02
5,3,0,0,0,0,0,0,0,0,0,0,0,0,,,,,0,0,,,0,,0,attack,s02
5,4,0,0,0,0,1,0,0,0,0,1,0,0,,,,,0,0,,,0,,0,attack,s02
5,5,0,0,0,0,1,0,0,0,0,1,0,0,,,,,0,0,,,0,,0,attack,s02
5,6,0,0,0,0,0,0,0,0,0,0,0,0,,,,,0,0,,,0,,0,attack,s02
5,7,0,1,0,0,0,0,0,0,0,0,1,0,,,,,0,0,,,0,,0,attack,s02
5,8,4,1,0,0,0,0,0,1,0,0,1,0,695.0,0.0,2.0,,0,0,,,0,,0,attack,s02
5,9,2,2,1,1,0,0,0,0,0,0,1,0,,,,,0,0,,,0,,0,attack,s02
5,10,1,4,0,0,0,0,0,0,0,0,1,1,,,,,0,0,,,0,,0,attack,s02
5,11,1,3,0,0,0,0,0,0,0,0,1,0,,,,,0,0,,,0,,0,attack,s02
5,12,0,2,0,0,0,0,0,0,0,0,1,0,676.0,14.0,5.0,,0,1,0.0,,1,110.0,0,attack,s02
5,13,1,1,0,0,0,0,0,0,0,0,1,0,,,,,0,0,,,0,,0,attack,s02
5,14,1,1,0,0,0,0,0,0,0,0,1,0,,,,,0,0,,,0,,0,attack,s02
5,15,0,1,0,0,0,0,0,0,0,0,1,0,,,,,0,0,,,0,,0,attack,s02
5,16,0,3,0,0,0,0,0,0,0,0,1,0,,,,,0,0,,,0,,0,attack,s02
5,17,0,1,0,0,0,0,0,0,0,0,1,0,,,,,0,0,,,0,,0,attack,s02
5,18,0,0,0,0,0,0,0,0,0,0,0,0,634.0,16.0,5.0,,0,1,100.0,1.6666388893518442,1,109.0,0,attack,s02
5,19,0,0,0,0,0,0,0,0,0,0,0,0,,,,,0,0,,,0,,0,attack,s02
5,20,1,3,0,0,0,0,0,0,0,0,1,0,,,,,0,0,,,0,,0,attack,s02
5,21,1,1,0,0,0,0,0,0,0,0,1,0,,,,,0,0,,,0,,0,attack,s02
5,22,0,0,0,0,0,0,0,0,0,0,0,0,,,,,0,0,,,0,,0,attack,s02
5,23,0,1,0,0,0,0,0,0,0,0,1,0,,,,,0,0,,,0,,0,attack,s02
5,24,0,0,0,0,0,0,0,0,0,0,0,0,629.0,17.0,5.0,,0,1,99.0,1.6499725004583257,1,126.0,0,attack,s02
5,25,0,0,0,0,0,0,0,0,0,0,0,0,,,,,0,0,,,0,,0,attack,s02
5,26,0,0,0,0,0,0,0,0,0,0,0,0,,,,,0,0,,,0,,0,attack,s02
5,27,1,0,0,0,0,0,0,0,0,0,0,0,,,,,0,0,,,0,,0,attack,s02
5,28,0,0,0,0,0,0,0,0,0,0,0,0,,,,,0,0,,,0,,0,attack,s02
5,29,0,1,0,0,0,0,0,0,0,0,1,0,,,,,0,0,,,0,,0,attack,s02
5,30,0,0,0,0,0,0,0,0,0,0,0,0,580.0,17.0,5.0,,0,1,98.0,1.6333061115648073,1,117.0,0,attack,s02
5,31,0,2,0,0,0,0,0,0,0,0,1,0,,,,,0,0,,,0,,0,attack,s02
5,32,1,1,0,0,0,0,0,0,0,0,1,0,,,,,0,0,,,0,,0,attack,s02
5,33,1,2,0,0,0,0,0,0,0,0,1,0,,,,,0,0,,,0,,0,attack,s02
5,34,0,1,0,0,0,0,0,0,0,0,1,0,,,,,0,0,,,0,,0,attack,s02
5,35,0,0,0,0,0,0,0,0,0,0,0,0,,,,,0,0,,,0,,0,attack,s02
5,36,0,0,0,0,0,0,0,0,0,0,0,0,576.0,18.0,5.0,,0,1,99.0,1.6499725004583257,1,123.0,0,attack,s02
5,37,0,0,0,0,0,0,0,0,0,0,0,0,,,,,0,0,,,0,,0,attack,s02
5,38,0,0,0,0,0,0,0,0,0,0,0,0,,,,,0,0,,,0,,0,attack,s02
5,39,0,1,0,0,0,0,0,0,0,0,1,0,,,,,0,0,,,0,,0,attack,s02
5,40,0,0,0,0,0,0,0,0,0,0,0,0,,,,,0,0,,,0,,0,attack,s02
5,41,1,0,0,0,0,0,0,0,0,0,0,0,,,,,0,0,,,0,,0,attack,s02
5,42,0,0,0,0,0,0,0,0,0,0,0,0,572.0,18.0,5.0,,0,1,99.0,1.6499725004583257,1,127.0,0,attack,s02
5,43,0,0,0,0,0,0,0,0,0,0,0,0,,,,,0,0,,,0,,0,attack,s02
5,44,0,0,0,0,0,0,0,0,0,0,0,0,,,,,0,0,,,0,,0,attack,s02
5,45,0,0,0,0,0,0,0,0,0,0,0,0,,,,,0,0,,,0,,0,attack,s02
5,46,0,0,0,0,0,0,0,0,0,0,0,0,,,,,0,0,,,0,,0,attack,s02
5,47,1,0,0,0,0,0,0,0,0,0,0,0,,,,,0,0,,,0,,0,attack,s02
5,48,0,0,0,0,0,0,0,0,0,0,0,0,569.0,18.0,5.0,,0,1,99.0,1.6499725004583257,1,94.0,0,attack,s02
5,49,0,1,0,0,0,0,0,0,0,0,1,0,,,,,0,0,,,0,,0,attack,s02
5,50,0,0,0,0,0,0,0,0,0,0,0,0,,,,,0,0,,,0,,0,attack,s02
5,51,0,0,0,0,0,0,0,0,0,0,0,0,,,,,0,0,,,0,,0,attack,s02
5,52,0,0,0,0,0,0,0,0,0,0,0,0,,,,,0,0,,,0,,0,attack,s02
5,53,0,1,0,0,0,0,0,0,0,0,1,0,,,,,0,0,,,0,,0,attack,s02
5,54,0,0,0,0,0,0,0,0,0,0,0,0,542.0,18.0,5.0,,0,1,98.0,1.6333061115648073,1,91.0,0,attack,s02
5,55,1,0,0,0,0,0,0,0,0,0,0,0,,,,,0,0,,,0,,0,attack,s02
5,56,0,2,0,0,0,0,0,0,0,0,1,0,,,,,0,0,,,0,,0,attack,s02
5,57,0,0,0,0,0,0,0,0,0,0,0,0,,,,,0,0,,,0,,0,attack,s02
5,58,0,0,0,0,0,0,0,0,0,0,0,0,,,,,0,0,,,0,,0,attack,s02
5,59,0,1,0,0,0,0,0,0,0,0,1,0,,,,,0,0,,,0,,0,attack,s02
5,60,0,1,0,0,0,0,0,0,0,0,1,0,539.0,18.0,5.0,,0,1,98.0,1.6333061115648073,1,95.0,0,attack,s02
5,61,1,0,0,0,0,0,0,0,0,0,0,0,,,,,0,0,,,0,,0,attack,s02
5,62,1,0,0,0,0,0,0,0,0,0,0,0,,,,,0,0,,,0,,0,attack,s02
5,63,0,0,0,0,0,0,0,0,0,0,0,0,,,,,0,0,,,0,,0,attack,s02
5,64,0,0,0,0,0,0,0,0,0,0,0,0,,,,,0,0,,,0,,0,attack,s02
5,65,0,0,0,0,0,0,0,0,0,0,0,0,,,,,0,0,,,0,,0,attack,s02
5,66,0,0,0,0,0,0,0,0,0,0,0,0,537.0,19.0,5.0,,0,1,99.0,1.6499725004583257,1,100.0,0,attack,s02
5,67,0,0,0,0,0,0,0,0,0,0,0,0,,,,,0,0,,,0,,0,attack,s02
5,68,1,0,0,0,0,0,0,0,0,0,0,0,,,,,0,0,,,0,,0,attack,s02
5,69,0,0,0,0,0,0,0,0,0,0,0,0,,,,,0,0,,,0,,0,attack,s02
5,70,0,0,0,0,0,0,0,0,0,0,0,0,,,,,0,0,,,0,,0,attack,s02
5,71,0,0,0,0,0,0,0,0,0,0,0,0,,,,,0,0,,,0,,0,attack,s02
5,72,0,0,0,0,0,0,0,0,0,0,0,0,535.0,19.0,5.0,,0,1,98.0,1.6333061115648073,1,106.0,0,attack,s02
5,73,0,0,0,0,0,0,0,0,0,0,0,0,,,,,0,0,,,0,,0,attack,s02
5,74,0,0,0,0,0,0,0,0,0,0,0,0,,,,,0,0,,,0,,0,attack,s02
5,75,0,0,0,0,0,0,0,0,0,0,0,0,,,,,0,0,,,0,,0,attack,s02
5,76,1,0,0,0,0,0,0,0,0,0,0,0,,,,,0,0,,,0,,0,attack,s02
5,77,0,0,0,0,0,0,0,0,0,0,0,0,,,,,0,0,,,0,,0,attack,s02
5,78,0,0,0,0,0,0,0,0,0,0,0,0,533.0,19.0,5.0,,0,1,98.0,1.6333061115648073,1,92.0,0,attack,s02
5,79,0,0,0,0,0,0,0,0,0,0,0,0,,,,,0,0,,,0,,0,attack,s02
5,80,0,0,0,0,0,0,0,0,0,0,0,0,,,,,0,0,,,0,,0,attack,s02
5,81,0,0,0,0,0,0,0,0,0,0,0,0,,,,,0,0,,,0,,0,attack,s02
5,82,0,0,0,0,0,0,0,0,0,0,0,0,,,,,0,0,,,0,,0,attack,s02
5,83,0,0,0,0,0,0,0,0,0,0,0,0,,,,,0,0,,,0,,0,attack,s02
5,84,0,0,0,0,0,0,0,0,0,0,0,0,531.0,19.0,5.0,,0,1,99.0,1.6499725004583257,1,90.0,0,attack,s02
5,85,1,0,0,0,0,0,0,0,0,0,0,0,,,,,0,0,,,0,,0,attack,s02
5,86,0,0,0,0,0,0,0,0,0,0,0,0,,,,,0,0,,,0,,0,attack,s02
5,87,0,0,0,0,0,0,0,0,0,0,0,0,,,,,0,0,,,0,,0,attack,s02
5,88,0,0,0,0,0,0,0,0,0,0,0,0,,,,,0,0,,,0,,0,attack,s02
5,89,0,0,0,0,0,0,0,0,0,0,0,0,,,,,0,0,,,0,,0,attack,s02
5,90,0,0,0,0,0,0,0,0,0,0,0,0,529.0,19.0,5.0,,0,1,98.0,1.6333061115648073,1,91.0,0,attack,s02
5,91,1,1,0,0,0,0,0,0,0,0,1,0,,,,,0,0,,,0,,0,attack,s02
5,92,0,0,0,0,0,0,0,0,0,0,0,0,,,,,0,0,,,0,,0,attack,s02
5,93,0,1,0,0,0,0,0,0,0,0,1,0,,,,,0,0,,,0,,0,attack,s02
5,94,0,0,0,0,0,0,0,0,0,0,0,0,,,,,0,0,,,0,,0,attack,s02
5,95,0,1,0,0,0,0,0,0,0,0,1,0,,,,,0,0,,,0,,0,attack,s02
5,96,0,0,0,0,0,0,0,0,0,0,0,0,528.0,19.0,5.0,,0,1,99.0,1.6499725004583257,1,93.0,0,attack,s02
5,97,0,0,0,0,0,0,0,0,0,0,0,0,,,,,0,0,,,0,,0,attack,s02
5,98,0,0,0,0,0,0,0,0,0,0,0,0,,,,,0,0,,,0,,0,attack,s02
5,99,1,1,0,0,0,0,0,0,0,0,1,0,,,,,0,0,,,0,,0,attack,s02
5,100,1,1,0,0,0,0,0,0,0,0,1,0,,,,,0,0,,,0,,0,attack,s02
5,101,0,0,0,0,0,0,0,0,0,0,0,0,,,,,0,0,,,0,,0,attack,s02
5,102,0,0,0,0,0,0,0,0,0,0,0,0,519.0,19.0,5.0,,0,1,98.0,1.6333061115648073,1,98.0,0,attack,s02
5,103,0,0,0,0,0,0,0,0,0,0,0,0,,,,,0,0,,,0,,0,attack,s02
5,104,0,0,0,0,0,0,0,0,0,0,0,0,,,,,0,0,,,0,,0,attack,s02
5,105,0,2,0,0,0,0,0,0,0,0,1,0,,,,,0,0,,,0,,0,attack,s02
5,106,1,0,0,0,0,0,0,0,0,0,0,0,,,,,0,0,,,0,,0,attack,s02
5,107,0,1,0,0,0,0,0,0,0,0,1,0,,,,,0,0,,,0,,0,attack,s02
5,108,0,0,0,0,0,0,0,0,0,0,0,0,518.0,19.0,5.0,,0,1,99.0,1.6499725004583257,1,112.0,0,attack,s02
5,109,0,0,0,0,0,0,0,0,0,0,0,0,,,,,0,0,,,0,,0,attack,s02
5,110,0,1,0,0,0,0,0,0,0,0,1,0,,,,,0,0,,,0,,0,attack,s02
5,111,0,0,0,0,0,0,0,0,0,0,0,0,,,,,0,0,,,0,,0,attack,s02
5,112,0,0,0,0,0,0,0,0,0,0,0,0,,,,,0,0,,,0,,0,attack,s02
5,113,0,0,0,0,0,0,0,0,0,0,0,0,,,,,0,0,,,0,,0,attack,s02
5,114,1,0,0,0,0,0,0,0,0,0,0,0,517.0,19.0,5.0,,0,1,98.0,1.6333061115648073,1,114.0,0,attack,s02
5,115,0,0,0,0,0,0,0,0,0,0,0,0,,,,,0,0,,,0,,0,attack,s02
5,116,0,0,0,0,0,0,0,0,0,0,0,0,,,,,0,0,,,0,,0,attack,s02
5,117,0,0,0,0,0,0,0,0,0,0,0,0,,,,,0,0,,,0,,0,attack,s02
5,118,0,0,0,0,0,0,0,0,0,0,0,0,,,,,0,0,,,0,,0,attack,s02
5,119,0,0,0,0,0,0,0,0,0,0,0,0,,,,,0,0,,,0,,0,attack,s02
5,120,0,0,0,0,0,0,0,0,0,0,0,0,516.0,20.0,5.0,,0,1,98.0,1.6333061115648073,1,94.0,0,attack,s02
5,121,0,0,0,0,0,0,0,0,0,0,0,0,,,,,0,0,,,0,,0,attack,s02
5,122,0,0,0,0,0,0,0,0,0,0,0,0,,,,,0,0,,,0,,0,attack,s02
5,123,0,0,0,0,0,0,0,0,0,0,0,0,,,,,0,0,,,0,,0,attack,s02
5,124,1,0,0,0,0,0,0,0,0,0,0,0,,,,,0,0,,,0,,0,attack,s02
5,125,0,0,0,0,0,0,0,0,0,0,0,0,,,,,0,0,,,0,,0,attack,s02
5,126,0,0,0,0,0,0,0,0,0,0,0,0,515.0,20.0,5.0,,0,1,98.0,1.6333061115648073,1,120.0,0,attack,s02
5,127,0,0,0,0,0,0,0,0,0,0,0,0,,,,,0,0,,,0,,0,attack,s02
5,128,0,0,0,0,0,0,0,0,0,0,0,0,,,,,0,0,,,0,,0,attack,s02
5,129,0,0,0,0,0,0,0,0,0,0,0,0,,,,,0,0,,,0,,0,attack,s02
5,130,0,0,0,0,0,0,0,0,0,0,0,0,,,,,0,0,,,0,,0,attack,s02
5,131,0,0,0,0,0,0,0,0,0,0,0,0,,,,,0,0,,,0,,0,attack,s02
5,132,0,0,0,0,0,0,0,0,0,0,0,0,514.0,20.0,5.0,,0,1,98.0,1.6333061115648073,1,93.0,0,attack,s02
5,133,0,0,0,0,0,0,0,0,0,0,0,0,,,,,0,0,,,0,,0,attack,s02
5,134,1,0,0,0,0,0,0,0,0,0,0,0,,,,,0,0,,,0,,0,attack,s02
5,135,0,0,0,0,0,0,0,0,0,0,0,0,,,,,0,0,,,0,,0,attack,s02
5,136,0,0,0,0,0,0,0,0,0,0,0,0,,,,,0,0,,,0,,0,attack,s02
5,137,0,1,0,0,0,0,0,0,0,0,1,0,,,,,0,0,,,0,,0,attack,s02
5,138,0,0,0,0,0,0,0,0,0,0,0,0,513.0,20.0,5.0,,0,1,99.0,1.6499725004583257,1,96.0,0,attack,s02
5,139,0,0,0,0,0,0,0,0,0,0,0,0,,,,,0,0,,,0,,0,attack,s02
5,140,0,0,0,0,0,0,0,0,0,0,0,0,,,,,0,0,,,0,,0,attack,s02
5,141,0,0,0,0,0,0,0,0,0,0,0,0,,,,,0,0,,,0,,0,attack,s02
5,142,1,1,0,0,0,0,0,0,0,0,1,0,,,,,0,0,,,0,,0,attack,s02
5,143,0,0,0,0,0,0,0,0,0,0,0,0,,,,,0,0,,,0,,0,attack,s02
5,144,0,0,0,0,0,0,0,0,0,0,0,0,512.0,20.0,5.0,,0,1,99.0,1.6499725004583257,1,101.0,0,attack,s02
5,145,0,0,0,0,0,0,0,0,0,0,0,0,,,,,0,0,,,0,,0,attack,s02
5,146,0,0,0,0,0,0,0,0,0,0,0,0,,,,,0,0,,,0,,0,attack,s02
5,147,1,0,0,0,0,0,0,0,0,0,0,0,,,,,0,0,,,0,,0,attack,s02
5,148,0,0,0,0,0,0,0,0,0,0,0,0,,,,,0,0,,,0,,0,attack,s02
5,149,0,0,0,0,0,0,0,0,0,0,0,0,,,,,0,0,,,0,,0,attack,s02
5,150,0,0,0,0,0,0,0,0,0,0,0,0,512.0,20.0,5.0,,0,1,98.0,1.6333061115648073,1,95.0,0,attack,s02
5,151,0,0,0,0,0,0,0,0,0,0,0,0,,,,,0,0,,,0,,0,attack,s02
5,152,0,0,0,0,0,0,0,0,0,0,0,0,,,,,0,0,,,0,,0,attack,s02
5,153,1,0,0,0,0,0,0,0,0,0,0,0,,,,,0,0,,,0,,0,attack,s02
5,154,0,0,0,0,0,0,0,0,0,0,0,0,,,,,0,0,,,0,,0,attack,s02
5,155,0,0,0,0,0,0,0,0,0,0,0,0,,,,,0,0,,,0,,0,attack,s02
5,156,0,0,0,0,0,0,0,0,0,0,0,0,512.0,20.0,5.0,,0,1,98.0,1.6333061115648073,1,102.0,0,attack,s02
5,157,0,1,0,0,0,0,0,0,0,0,1,0,,,,,0,0,,,0,,0,attack,s02
5,158,0,0,0,0,0,0,0,0,0,0,0,0,,,,,0,0,,,0,,0,attack,s02
5,159,1,0,0,0,0,0,0,0,0,0,0,0,,,,,0,0,,,0,,0,attack,s02
5,160,0,0,0,0,0,0,0,0,0,0,0,0,,,,,0,0,,,0,,0,attack,s02
5,161,0,0,0,0,0,0,0,0,0,0,0,0,,,,,0,0,,,0,,0,attack,s02
5,162,0,0,0,0,0,0,0,0,0,0,0,0,512.0,20.0,5.0,,0,1,98.0,1.6333061115648073,1,120.0,0,attack,s02
5,163,0,0,0,0,0,0,0,0,0,0,0,0,,,,,0,0,,,0,,0,attack,s02
5,164,0,0,0,0,0,0,0,0,0,0,0,0,,,,,0,0,,,0,,0,attack,s02
5,165,0,1,0,0,0,0,0,0,0,0,1,0,,,,,0,0,,,0,,0,attack,s02
5,166,0,0,0,0,0,0,0,0,0,0,0,0,,,,,0,0,,,0,,0,attack,s02
5,167,0,0,0,0,0,0,0,0,0,0,0,0,,,,,0,0,,,0,,0,attack,s02
5,168,1,0,0,0,0,0,0,0,0,0,0,0,512.0,20.0,5.0,,0,1,99.0,1.6499725004583257,1,114.0,0,attack,s02
5,169,0,1,0,0,0,0,0,0,0,0,1,0,,,,,0,0,,,0,,0,attack,s02
5,170,0,0,0,0,0,0,0,0,0,0,0,0,,,,,0,0,,,0,,0,attack,s02
5,171,0,1,0,0,0,0,0,0,0,0,1,0,,,,,0,0,,,0,,0,attack,s02
5,172,0,0,0,0,0,0,0,0,0,0,0,0,,,,,0,0,,,0,,0,attack,s02
5,173,0,0,0,0,0,0,0,0,0,0,0,0,,,,,0,0,,,0,,0,attack,s02
5,174,0,0,0,0,0,0,0,0,0,0,0,0,512.0,20.0,5.0,,0,0,,,0,,0,attack,s02
5,175,0,0,0,0,0,0,0,0,0,0,0,0,,,,,0,0,,,0,,0,attack,s02
5,176,0,0,0,0,0,0,0,0,0,0,0,0,,,,,0,0,,,0,,0,attack,s02
5,177,1,0,0,0,0,0,0,0,0,0,0,0,,,,,0,0,,,0,,0,attack,s02
5,178,0,0,1,1,0,0,0,0,0,0,0,0,,,,,0,0,,,0,,0,attack,s02
5,179,0,0,0,0,0,0,0,0,0,0,0,0,,,,,0,0,,,0,,0,attack,s02
5,180,0,0,0,0,0,0,0,0,0,0,0,0,512.0,20.0,5.0,,0,0,,,0,,0,attack,s02
5,181,0,0,0,0,0,0,0,0,0,0,0,0,,,,,0,0,,,0,,0,attack,s02
6,0,0,0,0,0,0,0,0,0,0,0,0,0,,,,,0,0,,,0,,0,attack,s02
6,1,0,0,0,0,0,0,0,0,0,0,0,0,,,,,0,0,,,0,,0,attack,s02
6,2,0,0,0,0,0,0,0,0,0,0,0,0,,,,,0,0,,,0,,0,attack,s02
6,3,0,0,0,0,1,0,0,0,0,1,0,0,,,,,0,0,,,0,,0,attack,s02
6,4,0,0,0,0,0,0,0,0,0,0,0,0,,,,,0,0,,,0,,0,attack,s02
6,5,0,0,0,0,1,0,0,0,0,1,0,0,,,,,0,0,,,0,,0,attack,s02
6,6,4,2,0,0,0,0,0,0,0,0,1,0,,,,,0,0,,,0,,0,attack,s02
6,7,3,1,1,0,0,0,0,1,0,0,1,0,532.0,0.0,2.0,,0,0,,,0,,0,attack,s02
6,8,1,2,0,1,0,0,0,0,0,0,1,2,,,,,0,0,,,0,,0,attack,s02
6,9,2,11,0,0,0,0,0,0,0,0,1,8,,,,,0,0,,,0,,0,attack,s02
6,10,1,10,0,0,0,0,0,0,0,0,1,4,,,,,0,0,,,0,,0,attack,s02
6,11,0,3,0,0,0,0,0,0,0,0,1,0,,,,,0,0,,,0,,0,attack,s02
6,12,1,3,0,0,0,0,0,0,0,0,1,0,575.0,14.0,7.0,,0,1,0.0,,1,113.0,0,attack,s02
6,13,0,1,0,0,0,0,0,0,0,0,1,0,,,,,0,0,,,0,,0,attack,s02
6,14,1,3,0,0,0,0,0,0,0,0,1,0,,,,,0,0,,,0,,0,attack,s02
6,15,0,1,0,0,0,0,0,0,0,0,1,0,,,,,0,0,,,0,,0,attack,s02
6,16,1,3,0,0,0,0,0,0,0,0,1,0,,,,,0,0,,,0,,0,attack,s02
6,17,0,0,0,0,0,0,0,0,0,0,0,0,,,,,0,0,,,0,,0,attack,s02
6,18,0,0,0,0,0,0,0,0,0,0,0,0,463.0,16.0,7.0,,0,1,100.0,1.6666388893518442,1,115.0,0,attack,s02
6,19,0,0,0,0,0,0,0,0,0,0,0,0,,,,,0,0,,,0,,0,attack,s02
6,20,0,3,0,0,0,0,0,0,0,0,1,0,,,,,0,0,,,0,,0,attack,s02
6,21,1,0,0,0,0,0,0,0,0,0,0,0,,,,,0,0,,,0,,0,attack,s02
6,22,0,0,0,0,0,0,0,0,0,0,0,0,,,,,0,0,,,0,,0,attack,s02
6,23,0,0,0,0,0,0,0,0,0,0,0,0,,,,,0,0,,,0,,0,attack,s02
6,24,1,1,0,0,0,0,0,0,0,0,1,0,446.0,17.0,7.0,,0,1,100.0,1.6666388893518442,1,99.0,0,attack,s02
6,25,0,0,0,0,0,0,0,0,0,0,0,0,,,,,0,0,,,0,,0,attack,s02
6,26,0,0,0,0,0,0,0,0,0,0,0,0,,,,,0,0,,,0,,0,attack,s02
6,27,0,0,0,0,0,0,0,0,0,0,0,0,,,,,0,0,,,0,,0,attack,s02
6,28,0,0,0,0,0,0,0,0,0,0,0,0,,,,,0,0,,,0,,0,attack,s02
6,29,0,1,0,0,0,0,0,0,0,0,1,0,,,,,0,0,,,0,,0,attack,s02
6,30,1,0,0,0,0,0,0,0,0,0,0,0,407.0,17.0,7.0,,0,1,98.0,1.6332511263599732,1,105.0,0,attack,s02
6,31,1,0,0,0,0,0,0,0,0,0,0,0,,,,,0,0,,,0,,0,attack,s02
6,32,0,3,0,0,0,0,0,0,0,0,1,0,,,,,0,0,,,0,,0,attack,s02
6,33,0,2,0,0,0,0,0,0,0,0,1,0,,,,,0,0,,,0,,0,attack,s02
6,34,0,0,0,0,0,0,0,0,0,0,0,0,,,,,0,0,,,0,,0,attack,s02
6,35,0,0,0,0,0,0,0,0,0,0,0,0,,,,,0,0,,,0,,0,attack,s02
6,36,0,0,0,0,0,0,0,0,0,0,0,0,402.0,18.0,7.0,,0,1,100.0,1.666639444889067,1,107.0,0,attack,s02
6,37,0,0,0,0,0,0,0,0,0,0,0,0,,,,,0,0,,,0,,0,attack,s02
6,38,1,0,0,0,0,0,0,0,0,0,0,0,,,,,0,0,,,0,,0,attack,s02
6,39,0,0,0,0,0,0,0,0,0,0,0,0,,,,,0,0,,,0,,0,attack,s02
6,40,0,0,0,0,0,0,0,0,0,0,0,0,,,,,0,0,,,0,,0,attack,s02
6,41,0,0,0,0,0,0,0,0,0,0,0,0,,,,,0,0,,,0,,0,attack,s02
6,42,0,0,0,0,0,0,0,0,0,0,0,0,398.0,18.0,7.0,,0,1,100.0,1.6666388893518442,1,97.0,0,attack,s02
6,43,0,0,0,0,0,0,0,0,0,0,0,0,,,,,0,0,,,0,,0,attack,s02
6,44,0,0,0,0,0,0,0,0,0,0,0,0,,,,,0,0,,,0,,0,attack,s02
6,45,0,1,0,0,0,0,0,0,0,0,1,0,,,,,0,0,,,0,,0,attack,s02
6,46,0,0,0,0,0,0,0,0,0,0,0,0,,,,,0,0,,,0,,0,attack,s02
6,47,0,0,0,0,0,0,0,0,0,0,0,0,,,,,0,0,,,0,,0,attack,s02
6,48,1,0,0,0,0,0,0,0,0,0,0,0,384.0,18.0,7.0,,0,1,99.0,1.6499725004583257,1,121.0,0,attack,s02
6,49,0,1,0,0,0,0,0,0,0,0,1,0,,,,,0,0,,,0,,0,attack,s02
6,50,0,0,0,0,0,0,0,0,0,0,0,0,,,,,0,0,,,0,,0,attack,s02
6,51,0,0,0,0,0,0,0,0,0,0,0,0,,,,,0,0,,,0,,0,attack,s02
6,52,0,0,0,0,0,0,0,0,0,0,0,0,,,,,0,0,,,0,,0,attack,s02
6,53,0,2,0,0,0,0,0,0,0,0,1,0,,,,,0,0,,,0,,0,attack,s02
6,54,0,0,0,0,0,0,0,0,0,0,0,0,384.0,18.0,7.0,,0,1,100.0,1.6666388893518442,1,91.0,0,attack,s02
6,55,0,0,0,0,0,0,0,0,0,0,0,0,,,,,0,0,,,0,,0,attack,s02
6,56,2,0,0,0,0,0,0,0,0,0,0,0,,,,,0,0,,,0,,0,attack,s02
6,57,0,0,0,0,0,0,0,0,0,0,0,0,,,,,0,0,,,0,,0,attack,s02
6,58,0,0,0,0,0,0,0,0,0,0,0,0,,,,,0,0,,,0,,0,attack,s02
6,59,0,1,0,0,0,0,0,0,0,0,1,0,,,,,0,0,,,0,,0,attack,s02
6,60,0,1,0,0,0,0,0,0,0,0,1,0,384.0,18.0,7.0,,0,1,99.0,1.6499725004583257,1,127.0,0,attack,s02
6,61,0,1,0,0,0,0,0,0,0,0,1,0,,,,,0,0,,,0,,0,attack,s02
6,62,0,0,0,0,0,0,0,0,0,0,0,0,,,,,0,0,,,0,,0,attack,s02
6,63,0,0,0,0,0,0,0,0,0,0,0,0,,,,,0,0,,,0,,0,attack,s02
6,64,0,0,0,0,0,0,0,0,0,0,0,0,,,,,0,0,,,0,,0,attack,s02
6,65,0,0,0,0,0,0,0,0,0,0,0,0,,,,,0,0,,,0,,0,attack,s02
6,66,1,0,0,0,0,0,0,0,0,0,0,0,384.0,19.0,7.0,,0,1,99.0,1.6499725004583257,1,111.0,0,attack,s02
6,67,0,0,0,0,0,0,0,0,0,0,0,0,,,,,0,0,,,0,,0,attack,s02
6,68,0,0,0,0,0,0,0,0,0,0,0,0,,,,,0,0,,,0,,0,attack,s02
6,69,0,0,0,0,0,0,0,0,0,0,0,0,,,,,0,0,,,0,,0,attack,s02
6,70,0,0,0,0,0,0,0,0,0,0,0,0,,,,,0,0,,,0,,0,attack,s02
6,71,0,0,0,0,0,0,0,0,0,0,0,0,,,,,0,0,,,0,,0,attack,s02
6,72,0,0,0,0,0,0,0,0,0,0,0,0,384.0,19.0,7.0,,0,1,99.0,1.6499725004583257,1,100.0,0,attack,s02
6,73,0,0,0,0,0,0,0,0,0,0,0,0,,,,,0,0,,,0,,0,attack,s02
6,74,0,0,0,0,0,0,0,0,0,0,0,0,,,,,0,0,,,0,,0,attack,s02
6,75,0,0,0,0,0,0,0,0,0,0,0,0,,,,,0,0,,,0,,0,attack,s02
6,76,1,0,0,0,0,0,0,0,0,0,0,0,,,,,0,0,,,0,,0,attack,s02
6,77,0,0,0,0,0,0,0,0,0,0,0,0,,,,,0,0,,,0,,0,attack,s02
6,78,0,0,0,0,0,0,0,0,0,0,0,0,384.0,19.0,7.0,,0,1,99.0,1.6499725004583257,1,98.0,0,attack,s02
6,79,0,0,0,0,0,0,0,0,0,0,0,0,,,,,0,0,,,0,,0,attack,s02
6,80,0,0,0,0,0,0,0,0,0,0,0,0,,,,,0,0,,,0,,0,attack,s02
6,81,0,0,0,0,0,0,0,0,0,0,0,0,,,,,0,0,,,0,,0,attack,s02
6,82,0,0,0,0,0,0,0,0,0,0,0,0,,,,,0,0,,,0,,0,attack,s02
6,83,1,0,0,0,0,0,0,0,0,0,0,0,,,,,0,0,,,0,,0,attack,s02
6,84,0,0,0,0,0,0,0,0,0,0,0,0,384.0,19.0,7.0,,0,1,99.0,1.6499444518701203,1,118.0,0,attack,s02
6,85,0,0,0,0,0,0,0,0,0,0,0,0,,,,,0,0,,,0,,0,attack,s02
6,86,0,1,0,0,0,0,0,0,0,0,1,0,,,,,0,0,,,0,,0,attack,s02
6,87,0,0,0,0,0,0,0,0,0,0,0,0,,,,,0,0,,,0,,0,attack,s02
6,88,0,1,0,0,0,0,0,0,0,0,1,0,,,,,0,0,,,0,,0,attack,s02
6,89,0,1,0,0,0,0,0,0,0,0,1,0,,,,,0,0,,,0,,0,attack,s02
6,90,0,0,0,0,0,0,0,0,0,0,0,0,384.0,19.0,7.0,,0,1,99.0,1.6499730504401762,1,91.0,0,attack,s02
6,91,0,0,0,0,0,0,0,0,0,0,0,0,,,,,0,0,,,0,,0,attack,s02
6,92,1,0,0,0,0,0,0,0,0,0,0,0,,,,,0,0,,,0,,0,attack,s02
6,93,0,1,0,0,0,0,0,0,0,0,1,0,,,,,0,0,,,0,,0,attack,s02
6,94,0,0,0,0,0,0,0,0,0,0,0,0,,,,,0,0,,,0,,0,attack,s02
6,95,0,1,0,0,0,0,0,0,0,0,1,0,,,,,0,0,,,0,,0,attack,s02
6,96,0,0,0,0,0,0,0,0,0,0,0,0,384.0,19.0,7.0,,0,1,100.0,1.6666388893518442,1,90.0,0,attack,s02
6,97,0,0,0,0,0,0,0,0,0,0,0,0,,,,,0,0,,,0,,0,attack,s02
6,98,0,0,0,0,0,0,0,0,0,0,0,0,,,,,0,0,,,0,,0,attack,s02
6,99,0,2,0,0,0,0,0,0,0,0,1,0,,,,,0,0,,,0,,0,attack,s02
6,100,1,0,0,0,0,0,0,0,0,0,0,0,,,,,0,0,,,0,,0,attack,s02
6,101,1,0,0,0,0,0,0,0,0,0,0,0,,,,,0,0,,,0,,0,attack,s02
6,102,0,0,0,0,0,0,0,0,0,0,0,0,384.0,19.0,7.0,,0,1,99.0,1.6499725004583257,1,124.0,0,attack,s02
6,103,0,1,0,0,0,0,0,0,0,0,1,0,,,,,0,0,,,0,,0,attack,s02
6,104,0,0,0,0,0,0,0,0,0,0,0,0,,,,,0,0,,,0,,0,attack,s02
6,105,0,0,0,0,0,0,0,0,0,0,0,0,,,,,0,0,,,0,,0,attack,s02
6,106,0,0,0,0,0,0,0,0,0,0,0,0,,,,,0,0,,,0,,0,attack,s02
6,107,0,1,0,0,0,0,0,0,0,0,1,0,,,,,0,0,,,0,,0,attack,s02
6,108,0,0,0,0,0,0,0,0,0,0,0,0,384.0,19.0,7.0,,0,1,99.0,1.6499725004583257,1,95.0,0,attack,s02
6,109,1,0,0,0,0,0,0,0,0,0,0,0,,,,,0,0,,,0,,0,attack,s02
6,110,0,0,0,0,0,0,0,0,0,0,0,0,,,,,0,0,,,0,,0,attack,s02
6,111,0,0,0,0,0,0,0,0,0,0,0,0,,,,,0,0,,,0,,0,attack,s02
6,112,0,0,0,0,0,0,0,0,0,0,0,0,,,,,0,0,,,0,,0,attack,s02
6,113,0,0,0,0,0,0,0,0,0,0,0,0,,,,,0,0,,,0,,0,attack,s02
6,114,0,0,0,0,0,0,0,0,0,0,0,0,384.0,19.0,7.0,,0,1,99.0,1.6499725004583257,1,106.0,0,attack,s02
6,115,0,0,0,0,0,0,0,0,0,0,0,0,,,,,0,0,,,0,,0,attack,s02
6,116,1,0,0,0,0,0,0,0,0,0,0,0,,,,,0,0,,,0,,0,attack,s02
6,117,0,0,0,0,0,0,0,0,0,0,0,0,,,,,0,0,,,0,,0,attack,s02
6,118,0,0,0,0,0,0,0,0,0,0,0,0,,,,,0,0,,,0,,0,attack,s02
6,119,0,0,0,0,0,0,0,0,0,0,0,0,,,,,0,0,,,0,,0,attack,s02
6,120,0,0,0,0,0,0,0,0,0,0,0,0,384.0,20.0,7.0,,0,1,98.0,1.6333061115648073,1,122.0,0,attack,s02
6,121,1,0,0,0,0,0,0,0,0,0,0,0,,,,,0,0,,,0,,0,attack,s02
6,122,0,0,0,0,0,0,0,0,0,0,0,0,,,,,0,0,,,0,,0,attack,s02
6,123,0,0,0,0,0,0,0,0,0,0,0,0,,,,,0,0,,,0,,0,attack,s02
6,124,0,0,0,0,0,0,0,0,0,0,0,0,,,,,0,0,,,0,,0,attack,s02
6,125,0,0,0,0,0,0,0,0,0,0,0,0,,,,,0,0,,,0,,0,attack,s02
6,126,0,0,0,0,0,0,0,0,0,0,0,0,409.0,20.0,7.0,,0,1,99.0,1.6499725004583257,1,92.0,0,attack,s02
6,127,0,0,0,0,0,0,0,0,0,0,0,0,,,,,0,0,,,0,,0,attack,s02
6,128,0,0,0,0,0,0,0,0,0,0,0,0,,,,,0,0,,,0,,0,attack,s02
6,129,0,0,0,0,0,0,0,0,0,0,0,0,,,,,0,0,,,0,,0,attack,s02
6,130,0,0,0,0,0,0,0,0,0,0,0,0,,,,,0,0,,,0,,0,attack,s02
6,131,1,0,0,0,0,0,0,0,0,0,0,0,,,,,0,0,,,0,,0,attack,s02
6,132,0,0,0,0,0,0,0,0,0,0,0,0,401.0,20.0,7.0,,0,1,99.0,1.6499725004583257,1,130.0,0,attack,s02
6,133,0,0,0,0,0,0,0,0,0,0,0,0,,,,,0,0,,,0,,0,attack,s02
6,134,0,0,0,0,0,0,0,0,0,0,0,0,,,,,0,0,,,0,,0,attack,s02
6,135,0,0,0,0,0,0,0,0,0,0,0,0,,,,,0,0,,,0,,0,attack,s02
6,136,0,0,0,0,0,0,0,0,0,0,0,0,,,,,0,0,,,0,,0,attack,s02
6,137,1,0,0,0,0,0,0,0,0,0,0,0,,,,,0,0,,,0,,0,attack,s02
6,138,0,0,0,0,0,0,0,0,0,0,0,0,395.0,20.0,7.0,,0,1,99.0,1.6499725004583257,1,114.0,0,attack,s02
6,139,0,0,0,0,0,0,0,0,0,0,0,0,,,,,0,0,,,0,,0,attack,s02
6,140,0,0,0,0,0,0,0,0,0,0,0,0,,,,,0,0,,,0,,0,attack,s02
6,141,0,0,0,0,0,0,0,0,0,0,0,0,,,,,0,0,,,0,,0,attack,s02
6,142,1,0,0,0,0,0,0,0,0,0,0,0,,,,,0,0,,,0,,0,attack,s02
6,143,0,0,0,0,0,0,0,0,0,0,0,0,,,,,0,0,,,0,,0,attack,s02
6,144,0,0,0,0,0,0,0,0,0,0,0,0,392.0,20.0,7.0,,0,1,99.0,1.6499725004583257,1,113.0,0,attack,s02
6,145,0,0,0,0,0,0,0,0,0,0,0,0,,,,,0,0,,,0,,0,attack,s02
6,146,0,0,0,0,0,0,0,0,0,0,0,0,,,,,0,0,,,0,,0,attack,s02
6,147,0,0,0,0,0,0,0,0,0,0,0,0,,,,,0,0,,,0,,0,attack,s02
6,148,0,0,0,0,0,0,0,0,0,0,0,0,,,,,0,0,,,0,,0,attack,s02
6,149,1,0,0,0,0,0,0,0,0,0,0,0,,,,,0,0,,,0,,0,attack,s02
6,150,0,0,0,0,0,0,0,0,0,0,0,0,390.0,20.0,7.0,,0,1,98.0,1.6333061115648073,1,125.0,0,attack,s02
6,151,0,0,0,0,0,0,0,0,0,0,0,0,,,,,0,0,,,0,,0,attack,s02
6,152,0,0,0,0,0,0,0,0,0,0,0,0,,,,,0,0,,,0,,0,attack,s02
6,153,0,0,0,0,0,0,0,0,0,0,0,0,,,,,0,0,,,0,,0,attack,s02
6,154,0,0,0,0,0,0,0,0,0,0,0,0,,,,,0,0,,,0,,0,attack,s02
6,155,0,0,0,0,0,0,0,0,0,0,0,0,,,,,0,0,,,0,,0,attack,s02
6,156,0,0,0,0,0,0,0,0,0,0,0,0,388.0,20.0,7.0,,0,1,98.0,1.6333061115648073,1,107.0,0,attack,s02
6,157,0,0,0,0,0,0,0,0,0,0,0,0,,,,,0,0,,,0,,0,attack,s02
6,158,0,0,0,0,0,0,0,0,0,0,0,0,,,,,0,0,,,0,,0,attack,s02
6,159,1,0,0,0,0,0,0,0,0,0,0,0,,,,,0,0,,,0,,0,attack,s02
6,160,0,0,0,0,0,0,0,0,0,0,0,0,,,,,0,0,,,0,,0,attack,s02
6,161,0,1,0,0,0,0,0,0,0,0,1,0,,,,,0,0,,,0,,0,attack,s02
6,162,0,1,0,0,0,0,0,0,0,0,1,0,387.0,20.0,7.0,,0,1,99.0,1.6499725004583257,1,103.0,0,attack,s02
6,163,0,0,0,0,0,0,0,0,0,0,0,0,,,,,0,0,,,0,,0,attack,s02
6,164,0,1,0,0,0,0,0,0,0,0,1,0,,,,,0,0,,,0,,0,attack,s02
6,165,0,0,0,0,0,0,0,0,0,0,0,0,,,,,0,0,,,0,,0,attack,s02
6,166,1,0,0,0,0,0,0,0,0,0,0,0,,,,,0,0,,,0,,0,attack,s02
6,167,0,0,0,0,0,0,0,0,0,0,0,0,,,,,0,0,,,0,,0,attack,s02
6,168,0,0,0,0,0,0,0,0,0,0,0,0,386.0,20.0,7.0,,0,1,98.0,1.6333061115648073,1,117.0,0,attack,s02
6,169,0,1,0,0,0,0,0,0,0,0,1,0,,,,,0,0,,,0,,0,attack,s02
6,170,0,0,0,0,0,0,0,0,0,0,0,0,,,,,0,0,,,0,,0,attack,s02
6,171,0,0,0,0,0,0,0,0,0,0,0,0,,,,,0,0,,,0,,0,attack,s02
6,172,0,0,0,0,0,0,0,0,0,0,0,0,,,,,0,0,,,0,,0,attack,s02
6,173,0,0,0,0,0,0,0,0,0,0,0,0,,,,,0,0,,,0,,0,attack,s02
6,174,1,1,0,0,0,0,0,0,0,0,1,0,385.0,20.0,7.0,,0,1,99.0,1.6499725004583257,1,108.0,0,attack,s02
6,175,0,0,0,0,0,0,0,0,0,0,0,0,,,,,0,0,,,0,,0,attack,s02
6,176,0,0,0,0,0,0,0,0,0,0,0,0,,,,,0,0,,,0,,0,attack,s02
6,177,0,0,1,1,0,0,0,0,0,0,0,0,,,,,0,0,,,0,,0,attack,s02
6,178,0,0,0,0,0,0,0,0,0,0,0,0,,,,,0,0,,,0,,0,attack,s02
6,179,0,1,0,0,0,0,0,0,0,0,1,0,,,,,0,0,,,0,,0,attack,s02
6,180,0,0,0,0,0,0,0,0,0,0,0,0,384.0,20.0,7.0,,0,1,98.0,1.6333061115648073,1,128.0,0,attack,s02
6,181,1,0,0,0,0,0,0,0,0,0,0,0,,,,,0,0,,,0,,0,attack,s02
7,0,0,0,0,0,0,0,0,0,0,0,0,0,,,,,0,0,,,0,,0,attack,s02
7,1,0,0,0,0,0,0,0,0,0,0,0,0,,,,,0,0,,,0,,0,attack,s02
7,2,2,2,0,0,0,0,0,1,0,0,1,0,450.0,0.0,2.0,,0,0,,,0,,0,attack,s02
7,3,1,3,1,1,0,0,0,0,0,0,1,0,,,,,0,0,,,0,,0,attack,s02
7,4,1,4,0,0,0,0,0,0,0,0,1,0,,,,,0,0,,,0,,0,attack,s02
7,5,1,4,0,0,0,0,0,0,0,0,1,0,,,,,0,0,,,0,,0,attack,s02
7,6,0,3,0,0,0,0,0,0,0,0,1,0,430.0,15.0,6.0,,0,1,0.0,,1,124.0,0,attack,s02
7,7,0,2,0,0,0,0,0,0,0,0,1,0,,,,,0,0,,,0,,0,attack,s02
7,8,1,1,0,0,0,0,0,0,0,0,1,0,,,,,0,0,,,0,,0,attack,s02
7,9,0,1,0,0,0,0,0,0,0,0,1,0,,,,,0,0,,,0,,0,attack,s02
7,10,1,1,0,0,0,0,0,0,0,0,1,0,,,,,0,0,,,0,,0,attack,s02
7,11,0,1,0,0,0,0,0,0,0,0,1,0,,,,,0,0,,,0,,0,attack,s02
7,12,0,1,0,0,0,0,0,0,0,0,1,0,396.0,16.0,6.0,,0,1,99.0,1.6499725004583257,1,107.0,0,attack,s02
7,13,0,1,0,0,0,0,0,0,0,0,1,0,,,,,0,0,,,0,,0,attack,s02
7,14,1,1,0,0,0,0,0,0,0,0,1,0,,,,,0,0,,,0,,0,attack,s02
7,15,0,2,0,0,0,0,0,0,0,0,1,0,,,,,0,0,,,0,,0,attack,s02
7,16,1,0,0,0,0,0,0,0,0,0,0,0,,,,,0,0,,,0,,0,attack,s02
7,17,0,0,0,0,0,0,0,0,0,0,0,0,,,,,0,0,,,0,,0,attack,s02
7,18,0,1,0,0,0,0,0,0,0,0,1,0,382.0,17.0,6.0,,0,1,99.0,1.6499725004583257,1,125.0,0,attack,s02
7,19,0,1,0,0,0,0,0,0,0,0,1,0,,,,,0,0,,,0,,0,attack,s02
7,20,0,0,0,0,0,0,0,0,0,0,0,0,,,,,0,0,,,0,,0,attack,s02
7,21,0,0,0,0,0,0,0,0,0,0,0,0,,,,,0,0,,,0,,0,attack,s02
7,22,0,0,0,0,0,0,0,0,0,0,0,0,,,,,0,0,,,0,,0,attack,s02
7,23,0,2,0,0,0,0,0,0,0,0,1,0,,,,,0,0,,,0,,0,attack,s02
7,24,2,1,0,0,0,0,0,0,0,0,1,0,369.0,17.0,6.0,,0,1,99.0,1.6499725004583257,1,96.0,0,attack,s02
7,25,0,0,0,0,0,0,0,0,0,0,0,0,,,,,0,0,,,0,,0,attack,s02
7,26,0,1,0,0,0,0,0,0,0,0,1,0,,,,,0,0,,,0,,0,attack,s02
7,27,0,3,0,0,0,0,0,0,0,0,1,0,,,,,0,0,,,0,,0,attack,s02
7,28,0,0,0,0,0,0,0,0,0,0,0,0,,,,,0,0,,,0,,0,attack,s02
7,29,1,0,0,0,0,0,0,0,0,0,0,0,,,,,0,0,,,0,,0,attack,s02
7,30,0,1,0,0,0,0,0,0,0,0,1,0,357.0,18.0,6.0,,0,1,98.0,1.6333061115648073,1,130.0,0,attack,s02
7,31,0,0,0,0,0,0,0,0,0,0,0,0,,,,,0,0,,,0,,0,attack,s02
7,32,0,0,0,0,0,0,0,0,0,0,0,0,,,,,0,0,,,0,,0,attack,s02
7,33,0,0,0,0,0,0,0,0,0,0,0,0,,,,,0,0,,,0,,0,attack,s02
7,34,1,0,0,0,0,0,0,0,0,0,0,0,,,,,0,0,,,0,,0,attack,s02
7,35,0,2,0,0,0,0,0,0,0,0,1,0,,,,,0,0,,,0,,0,attack,s02
7,36,0,0,0,0,0,0,0,0,0,0,0,0,346.0,18.0,6.0,,0,1,99.0,1.6499725004583257,1,120.0,0,attack,s02
7,37,0,0,0,0,0,0,0,0,0,0,0,0,,,,,0,0,,,0,,0,attack,s02
7,38,0,1,0,0,0,0,0,0,0,0,1,0,,,,,0,0,,,0,,0,attack,s02
7,39,1,0,0,0,0,0,0,0,0,0,0,0,,,,,0,0,,,0,,0,attack,s02
7,40,0,0,0,0,0,0,0,0,0,0,0,0,,,,,0,0,,,0,,0,attack,s02
7,41,0,1,0,0,0,0,0,0,0,0,1,0,,,,,0,0,,,0,,0,attack,s02
7,42,0,1,0,0,0,0,0,0,0,0,1,0,337.0,18.0,6.0,,0,1,99.0,1.6499725004583257,1,128.0,0,attack,s02
7,43,0,0,0,0,0,0,0,0,0,0,0,0,,,,,0,0,,,0,,0,attack,s02
7,44,0,2,0,0,0,0,0,0,0,0,1,0,,,,,0,0,,,0,,0,attack,s02
7,45,1,1,0,0,0,0,0,0,0,0,1,0,,,,,0,0,,,0,,0,attack,s02
7,46,0,0,0,0,0,0,0,0,0,0,0,0,,,,,0,0,,,0,,0,attack,s02
7,47,0,0,0,0,0,0,0,0,0,0,0,0,,,,,0,0,,,0,,0,attack,s02
7,48,0,1,0,0,0,0,0,0,0,0,1,0,328.0,18.0,6.0,,0,1,99.0,1.6499725004583257,1,122.0,0,attack,s02
7,49,0,1,0,0,0,0,0,0,0,0,1,0,,,,,0,0,,,0,,0,attack,s02
7,50,0,1,0,0,0,0,0,0,0,0,1,0,,,,,0,0,,,0,,0,attack,s02
7,51,0,0,0,0,0,0,0,0,0,0,0,0,,,,,0,0,,,0,,0,attack,s02
7,52,2,0,0,0,0,0,0,0,0,0,0,0,,,,,0,0,,,0,,0,attack,s02
7,53,0,0,0,0,0,0,0,0,0,0,0,0,,,,,0,0,,,0,,0,attack,s02
7,54,0,0,0,0,0,0,0,0,0,0,0,0,320.0,18.0,6.0,,0,1,99.0,1.6499725004583257,1,96.0,0,attack,s02
7,55,0,0,0,0,0,0,0,0,0,0,0,0,,,,,0,0,,,0,,0,attack,s02
7,56,1,0,0,0,0,0,0,0,0,0,0,0,,,,,0,0,,,0,,0,attack,s02
7,57,0,0,0,0,0,0,0,0,0,0,0,0,,,,,0,0,,,0,,0,attack,s02
7,58,0,0,0,0,0,0,0,0,0,0,0,0,,,,,0,0,,,0,,0,attack,s02
7,59,0,0,0,0,0,0,0,0,0,0,0,0,,,,,0,0,,,0,,0,attack,s02
7,60,0,0,0,0,0,0,0,0,0,0,0,0,313.0,19.0,6.0,,0,1,98.0,1.6333061115648073,1,105.0,0,attack,s02
7,61,0,0,0,0,0,0,0,0,0,0,0,0,,,,,0,0,,,0,,0,attack,s02
7,62,1,0,0,0,0,0,0,0,0,0,0,0,,,,,0,0,,,0,,0,attack,s02
7,63,0,0,0,0,0,0,0,0,0,0,0,0,,,,,0,0,,,0,,0,attack,s02
7,64,0,0,0,0,0,0,0,0,0,0,0,0,,,,,0,0,,,0,,0,attack,s02
7,65,0,0,0,0,0,0,0,0,0,0,0,0,,,,,0,0,,,0,,0,attack,s02
7,66,0,0,0,0,0,0,0,0,0,0,0,0,307.0,19.0,6.0,,0,1,99.0,1.6499725004583257,1,128.0,0,attack,s02
7,67,1,0,0,0,0,0,0,0,0,0,0,0,,,,,0,0,,,0,,0,attack,s02
7,68,0,0,0,0,0,0,0,0,0,0,0,0,,,,,0,0,,,0,,0,attack,s02
7,69,0,0,0,0,0,0,0,0,0,0,0,0,,,,,0,0,,,0,,0,attack,s02
7,70,0,0,0,0,0,0,0,0,0,0,0,0,,,,,0,0,,,0,,0,attack,s02
7,71,0,0,0,0,0,0,0,0,0,0,0,0,,,,,0,0,,,0,,0,attack,s02
7,72,0,0,0,0,0,0,0,0,0,0,0,0,301.0,19.0,6.0,,0,1,98.0,1.6333061115648073,1,112.0,0,attack,s02
7,73,1,0,0,0,0,0,0,0,0,0,0,0,,,,,0,0,,,0,,0,attack,s02
7,74,0,0,0,0,0,0,0,0,0,0,0,0,,,,,0,0,,,0,,0,attack,s02
7,75,0,0,0,0,0,0,0,0,0,0,0,0,,,,,0,0,,,0,,0,attack,s02
7,76,0,0,0,0,0,0,0,0,0,0,0,0,,,,,0,0,,,0,,0,attack,s02
7,77,0,0,0,0,0,0,0,0,0,0,0,0,,,,,0,0,,,0,,0,attack,s02
7,78,0,0,0,0,0,0,0,0,0,0,0,0,296.0,19.0,6.0,,0,1,99.0,1.6499725004583257,1,117.0,0,attack,s02
7,79,1,0,0,0,0,0,0,0,0,0,0,0,,,,,0,0,,,0,,0,attack,s02
7,80,0,0,0,0,0,0,0,0,0,0,0,0,,,,,0,0,,,0,,0,attack,s02
7,81,0,0,0,0,0,0,0,0,0,0,0,0,,,,,0,0,,,0,,0,attack,s02
7,82,0,0,0,0,0,0,0,0,0,0,0,0,,,,,0,0,,,0,,0,attack,s02
7,83,0,0,0,0,0,0,0,0,0,0,0,0,,,,,0,0,,,0,,0,attack,s02
7,84,0,0,0,0,0,0,0,0,0,0,0,0,292.0,19.0,6.0,,0,1,98.0,1.6333061115648073,1,124.0,0,attack,s02
7,85,0,0,0,0,0,0,0,0,0,0,0,0,,,,,0,0,,,0,,0,attack,s02
7,86,0,0,0,0,0,0,0,0,0,0,0,0,,,,,0,0,,,0,,0,attack,s02
7,87,1,0,0,0,0,0,0,0,0,0,0,0,,,,,0,0,,,0,,0,attack,s02
7,88,0,1,0,0,0,0,0,0,0,0,1,0,,,,,0,0,,,0,,0,attack,s02
7,89,0,0,0,0,0,0,0,0,0,0,0,0,,,,,0,0,,,0,,0,attack,s02
7,90,0,0,0,0,0,0,0,0,0,0,0,0,288.0,19.0,6.0,,0,1,98.0,1.6333061115648073,1,92.0,0,attack,s02
7,91,0,0,0,0,0,0,0,0,0,0,0,0,,,,,0,0,,,0,,0,attack,s02
7,92,0,0,0,0,0,0,0,0,0,0,0,0,,,,,0,0,,,0,,0,attack,s02
7,93,0,0,0,0,0,0,0,0,0,0,0,0,,,,,0,0,,,0,,0,attack,s02
7,94,1,1,0,0,0,0,0,0,0,0,1,0,,,,,0,0,,,0,,0,attack,s02
7,95,0,2,0,0,0,0,0,0,0,0,1,0,,,,,0,0,,,0,,0,attack,s02
7,96,0,0,0,0,0,0,0,0,0,0,0,0,284.0,19.0,6.0,,0,1,99.0,1.6499725004583257,1,130.0,0,attack,s02
7,97,0,0,0,0,0,0,0,0,0,0,0,0,,,,,0,0,,,0,,0,attack,s02
7,98,0,3,0,0,0,0,0,0,0,0,1,0,,,,,0,0,,,0,,0,attack,s02
7,99,0,0,0,0,0,0,0,0,0,0,0,0,,,,,0,0,,,0,,0,attack,s02
7,100,0,0,0,0,0,0,0,0,0,0,0,0,,,,,0,0,,,0,,0,attack,s02
7,101,1,1,0,0,0,0,0,0,0,0,1,0,,,,,0,0,,,0,,0,attack,s02
7,102,0,0,0,0,0,0,0,0,0,0,0,0,281.0,19.0,6.0,,0,1,99.0,1.6499725004583257,1,93.0,0,attack,s02
7,103,0,0,0,0,0,0,0,0,0,0,0,0,,,,,0,0,,,0,,0,attack,s02
7,104,0,0,0,0,0,0,0,0,0,0,0,0,,,,,0,0,,,0,,0,attack,s02
7,105,0,0,0,0,0,0,0,0,0,0,0,0,,,,,0,0,,,0,,0,attack,s02
7,106,1,0,0,0,0,0,0,0,0,0,0,0,,,,,0,0,,,0,,0,attack,s02
7,107,0,1,0,0,0,0,0,0,0,0,1,0,,,,,0,0,,,0,,0,attack,s02
7,108,0,0,0,0,0,0,0,0,0,0,0,0,278.0,20.0,6.0,,0,1,99.0,1.6499725004583257,1,121.0,0,attack,s02
7,109,1,0,0,0,0,0,0,0,0,0,0,0,,,,,0,0,,,0,,0,attack,s02
7,110,0,0,0,0,0,0,0,0,0,0,0,0,,,,,0,0,,,0,,0,attack,s02
7,111,0,1,0,0,0,0,0,0,0,0,1,0,,,,,0,0,,,0,,0,attack,s02
7,112,0,0,0,0,0,0,0,0,0,0,0,0,,,,,0,0,,,0,,0,attack,s02
7,113,0,0,0,0,0,0,0,0,0,0,0,0,,,,,0,0,,,0,,0,attack,s02
7,114,0,0,0,0,0,0,0,0,0,0,0,0,275.0,20.0,6.0,,0,1,99.0,1.6499725004583257,1,100.0,0,attack,s02
7,115,0,1,0,0,0,0,0,0,0,0,1,0,,,,,0,0,,,0,,0,attack,s02
7,116,0,0,0,0,0,0,0,0,0,0,0,0,,,,,0,0,,,0,,0,attack,s02
7,117,1,0,0,0,0,0,0,0,0,0,0,0,,,,,0,0,,,0,,0,attack,s02
7,118,0,0,0,0,0,0,0,0,0,0,0,0,,,,,0,0,,,0,,0,attack,s02
7,119,0,0,0,0,0,0,0,0,0,0,0,0,,,,,0,0,,,0,,0,attack,s02
7,120,0,0,0,0,0,0,0,0,0,0,0,0,273.0,20.0,6.0,,0,1,98.0,1.6332783462956746,1,117.0,0,attack,s02
7,121,0,0,0,0,0,0,0,0,0,0,0,0,,,,,0,0,,,0,,0,attack,s02
7,122,0,1,0,0,0,0,0,0,0,0,1,0,,,,,0,0,,,0,,0,attack,s02
7,123,0,0,0,0,0,0,0,0,0,0,0,0,,,,,0,0,,,0,,0,attack,s02
7,124,0,0,0,0,0,0,0,0,0,0,0,0,,,,,0,0,,,0,,0,attack,s02
7,125,0,0,0,0,0,0,0,0,0,0,0,0,,,,,0,0,,,0,,0,attack,s02
7,126,0,0,0,0,0,0,0,0,0,0,0,0,271.0,20.0,6.0,,0,1,98.0,1.6333066559912854,1,123.0,0,attack,s02
7,127,0,0,0,0,0,0,0,0,0,0,0,0,,,,,0,0,,,0,,0,attack,s02
7,128,1,0,0,0,0,0,0,0,0,0,0,0,,,,,0,0,,,0,,0,attack,s02
7,129,0,0,0,0,0,0,0,0,0,0,0,0,,,,,0,0,,,0,,0,attack,s02
7,130,0,0,0,0,0,0,0,0,0,0,0,0,,,,,0,0,,,0,,0,attack,s02
7,131,0,0,0,0,0,0,0,0,0,0,0,0,,,,,0,0,,,0,,0,attack,s02
7,132,0,0,0,0,0,0,0,0,0,0,0,0,269.0,20.0,6.0,,0,1,99.0,1.6499725004583257,1,115.0,0,attack,s02
7,133,0,0,0,0,0,0,0,0,0,0,0,0,,,,,0,0,,,0,,0,attack,s02
7,134,0,0,0,0,0,0,0,0,0,0,0,0,,,,,0,0,,,0,,0,attack,s02
7,135,0,0,0,0,0,0,0,0,0,0,0,0,,,,,0,0,,,0,,0,attack,s02
7,136,0,1,0,0,0,0,0,0,0,0,1,0,,,,,0,0,,,0,,0,attack,s02
7,137,0,0,0,0,0,0,0,0,0,0,0,0,,,,,0,0,,,0,,0,attack,s02
7,138,1,0,0,0,0,0,0,0,0,0,0,0,267.0,20.0,6.0,,0,1,98.0,1.6333061115648073,1,119.0,0,attack,s02
7,139,0,0,0,0,0,0,0,0,0,0,0,0,,,,,0,0,,,0,,0,attack,s02
7,140,0,0,0,0,0,0,0,0,0,0,0,0,,,,,0,0,,,0,,0,attack,s02
7,141,0,0,0,0,0,0,0,0,0,0,0,0,,,,,0,0,,,0,,0,attack,s02
7,142,0,0,0,0,0,0,0,0,0,0,0,0,,,,,0,0,,,0,,0,attack,s02
7,143,0,0,0,0,0,0,0,0,0,0,0,0,,,,,0,0,,,0,,0,attack,s02
7,144,0,0,0,0,0,0,0,0,0,0,0,0,265.0,20.0,6.0,,0,1,99.0,1.6499725004583257,1,121.0,0,attack,s02
7,145,0,0,0,0,0,0,0,0,0,0,0,0,,,,,0,0,,,0,,0,attack,s02
7,146,1,0,0,0,0,0,0,0,0,0,0,0,,,,,0,0,,,0,,0,attack,s02
7,147,0,0,0,0,0,0,0,0,0,0,0,0,,,,,0,0,,,0,,0,attack,s02
7,148,0,0,0,0,0,0,0,0,0,0,0,0,,,,,0,0,,,0,,0,attack,s02
7,149,0,0,0,0,0,0,0,0,0,0,0,0,,,,,0,0,,,0,,0,attack,s02
7,150,0,0,0,0,0,0,0,0,0,0,0,0,264.0,20.0,6.0,,0,1,98.0,1.6333061115648073,1,95.0,0,attack,s02
7,151,0,0,0,0,0,0,0,0,0,0,0,0,,,,,0,0,,,0,,0,attack,s02
7,152,0,0,0,0,0,0,0,0,0,0,0,0,,,,,0,0,,,0,,0,attack,s02
7,153,0,0,0,0,0,0,0,0,0,0,0,0,,,,,0,0,,,0,,0,attack,s02
7,154,0,0,0,0,0,0,0,0,0,0,0,0,,,,,0,0,,,0,,0,attack,s02
7,155,1,0,0,0,0,0,0,0,0,0,0,0,,,,,0,0,,,0,,0,attack,s02
7,156,0,0,0,0,0,0,0,0,0,0,0,0,263.0,20.0,6.0,,0,1,99.0,1.6499725004583257,1,104.0,0,attack,s02
7,157,0,0,0,0,0,0,0,0,0,0,0,0,,,,,0,0,,,0,,0,attack,s02
7,158,0,0,0,0,0,0,0,0,0,0,0,0,,,,,0,0,,,0,,0,attack,s02
7,159,0,0,0,0,0,0,0,0,0,0,0,0,,,,,0,0,,,0,,0,attack,s02
7,160,1,0,0,0,0,0,0,0,0,0,0,0,,,,,0,0,,,0,,0,attack,s02
7,161,1,0,0,0,0,0,0,0,0,0,0,0,,,,,0,0,,,0,,0,attack,s02
7,162,0,0,0,0,0,0,0,0,0,0,0,0,262.0,20.0,6.0,,0,1,98.0,1.6333061115648073,1,109.0,0,attack,s02
7,163,0,0,0,0,0,0,0,0,0,0,0,0,,,,,0,0,,,0,,0,attack,s02
7,164,0,0,0,0,0,0,0,0,0,0,0,0,,,,,0,0,,,0,,0,attack,s02
7,165,0,0,0,0,0,0,0,0,0,0,0,0,,,,,0,0,,,0,,0,attack,s02
7,166,1,0,0,0,0,0,0,0,0,0,0,0,,,,,0,0,,,0,,0,attack,s02
7,167,0,0,0,0,0,0,0,0,0,0,0,0,,,,,0,0,,,0,,0,attack,s02
7,168,0,1,0,0,0,0,0,0,0,0,1,0,261.0,20.0,6.0,,0,1,99.0,1.6499725004583257,1,104.0,0,attack,s02
7,169,0,0,0,0,0,0,0,0,0,0,0,0,,,,,0,0,,,0,,0,attack,s02
7,170,0,1,0,0,0,0,0,0,0,0,1,0,,,,,0,0,,,0,,0,attack,s02
7,171,0,0,0,0,0,0,0,0,0,0,0,0,,,,,0,0,,,0,,0,attack,s02
7,172,0,0,1,1,0,0,0,0,0,0,0,0,,,,,0,0,,,0,,0,attack,s02
7,173,0,1,0,0,0,0,0,0,0,0,1,0,,,,,0,0,,,0,,0,attack,s02
7,174,0,0,0,0,0,0,0,0,0,0,0,0,259.0,20.0,6.0,,0,1,99.0,1.6499725004583257,1,130.0,0,attack,s02
7,175,1,1,0,0,0,0,0,0,0,0,1,0,,,,,0,0,,,0,,0,attack,s02
7,176,0,0,0,0,0,0,0,0,0,0,0,0,,,,,0,0,,,0,,0,attack,s02
7,177,0,0,0,0,0,0,0,0,0,0,0,0,,,,,0,0,,,0,,0,attack,s02
7,178,0,0,0,0,0,0,0,0,0,0,0,0,,,,,0,0,,,0,,0,attack,s02
7,179,0,0,0,0,0,0,0,0,0,0,0,0,,,,,0,0,,,0,,0,attack,s02
7,180,0,1,0,0,0,0,0,0,0,0,1,0,258.0,20.0,6.0,,0,1,98.0,1.6333061115648073,1,117.0,0,attack,s02
7,181,0,1,0,0,0,0,0,0,0,0,1,0,,,,,0,0,,,0,,0,attack,s02
8,0,0,0,0,0,0,0,0,0,0,0,0,0,,,,,0,0,,,0,,0,attack,s02
8,1,4,2,0,0,0,0,0,1,0,0,1,0,304.0,0.0,1.0,,0,0,,,0,,0,attack,s02
8,2,1,3,1,1,0,0,0,0,0,0,1,1,,,,,0,0,,,0,,0,attack,s02
8,3,1,4,0,0,0,0,0,0,0,0,1,0,,,,,0,0,,,0,,0,attack,s02
8,4,2,4,0,0,0,0,0,0,0,0,1,0,,,,,0,0,,,0,,0,attack,s02
8,5,0,4,0,0,0,0,0,0,0,0,1,0,,,,,0,0,,,0,,0,attack,s02
8,6,2,4,0,0,0,0,0,0,0,0,1,0,290.0,14.0,8.0,,0,0,,,0,,0,attack,s02
8,7,0,2,0,0,0,0,0,0,0,0,1,0,,,,,0,0,,,0,,0,attack,s02
8,8,0,3,0,0,0,0,0,0,0,0,1,0,,,,,0,0,,,0,,0,attack,s02
8,9,1,4,0,0,0,0,0,0,0,0,1,0,,,,,0,0,,,0,,0,attack,s02
8,10,0,1,0,0,0,0,0,0,0,0,1,0,,,,,0,1,0.0,,1,106.0,0,attack,s02
8,11,0,0,0,0,0,0,0,0,0,0,0,0,,,,,0,0,,,0,,0,attack,s02
8,12,0,0,0,0,0,0,0,0,0,0,0,0,476.0,16.0,9.0,,0,0,,,0,,0,attack,s02
8,13,0,2,0,0,0,0,0,0,0,0,1,0,,,,,0,0,,,0,,0,attack,s02
8,14,0,2,0,0,0,0,0,0,0,0,1,0,,,,,0,0,,,0,,0,attack,s02
8,15,0,3,0,0,0,0,0,0,0,0,1,0,,,,,0,0,,,0,,0,attack,s02
8,16,2,2,0,0,0,0,0,0,0,0,1,0,,,,,0,1,99.0,1.6499725004583257,1,109.0,0,attack,s02
8,17,0,0,0,0,0,0,0,0,0,0,0,0,,,,,0,0,,,0,,0,attack,s02
8,18,0,0,0,0,0,0,0,0,0,0,0,0,454.0,17.0,9.0,,0,0,,,0,,0,attack,s02
8,19,0,0,0,0,0,0,0,0,0,0,0,0,,,,,0,0,,,0,,0,attack,s02
8,20,0,0,0,0,0,0,0,0,0,0,0,0,,,,,0,0,,,0,,0,attack,s02
8,21,0,0,0,0,0,0,0,0,0,0,0,0,,,,,0,0,,,0,,0,attack,s02
8,22,1,0,0,0,0,0,0,0,0,0,0,0,,,,,0,1,98.0,1.6333061115648073,1,90.0,0,attack,s02
8,23,0,3,0,0,0,0,0,0,0,0,1,0,,,,,0,0,,,0,,0,attack,s02
8,24,0,2,0,0,0,0,0,0,0,0,1,0,434.0,17.0,9.0,,0,0,,,0,,0,attack,s02
8,25,0,1,0,0,0,0,0,0,0,0,1,0,,,,,0,0,,,0,,0,attack,s02
8,26,0,0,0,0,0,0,0,0,0,0,0,0,,,,,0,0,,,0,,0,attack,s02
8,27,0,3,0,0,0,0,0,0,0,0,1,0,,,,,0,0,,,0,,0,attack,s02
8,28,1,0,0,0,0,0,0,0,0,0,0,0,,,,,0,1,99.0,1.6499725004583257,1,95.0,0,attack,s02
8,29,1,1,0,0,0,0,0,0,0,0,1,0,,,,,0,0,,,0,,0,attack,s02
8,30,0,0,0,0,0,0,0,0,0,0,0,0,416.0,18.0,9.0,,0,0,,,0,,0,attack,s02
8,31,0,0,0,0,0,0,0,0,0,0,0,0,,,,,0,0,,,0,,0,attack,s02
8,32,0,0,0,0,0,0,0,0,0,0,0,0,,,,,0,0,,,0,,0,attack,s02
8,33,0,0,0,0,0,0,0,0,0,0,0,0,,,,,0,0,,,0,,0,attack,s02
8,34,0,1,0,0,0,0,0,0,0,0,1,0,,,,,0,1,98.0,1.6333061115648073,1,130.0,0,attack,s02
8,35,0,1,0,0,0,0,0,0,0,0,1,0,,,,,0,0,,,0,,0,attack,s02
8,36,1,0,0,0,0,0,0,0,0,0,0,0,400.0,18.0,9.0,,0,0,,,0,,0,attack,s02
8,37,0,0,0,0,0,0,0,0,0,0,0,0,,,,,0,0,,,0,,0,attack,s02
8,38,0,1,0,0,0,0,0,0,0,0,1,0,,,,,0,0,,,0,,0,attack,s02
8,39,0,1,0,0,0,0,0,0,0,0,1,0,,,,,0,0,,,0,,0,attack,s02
8,40,0,0,0,0,0,0,0,0,0,0,0,0,,,,,0,1,99.0,1.6499725004583257,1,129.0,0,attack,s02
8,41,0,0,0,0,0,0,0,0,0,0,0,0,,,,,0,0,,,0,,0,attack,s02
8,42,0,1,0,0,0,0,0,0,0,0,1,0,385.0,18.0,9.0,,0,0,,,0,,0,attack,s02
8,43,0,0,0,0,0,0,0,0,0,0,0,0,,,,,0,0,,,0,,0,attack,s02
8,44,1,0,0,0,0,0,0,0,0,0,0,0,,,,,0,0,,,0,,0,attack,s02
8,45,0,2,0,0,0,0,0,0,0,0,1,0,,,,,0,0,,,0,,0,attack,s02
8,46,0,1,0,0,0,0,0,0,0,0,1,0,,,,,0,1,99.0,1.6499725004583257,1,100.0,0,attack,s02
8,47,0,1,0,0,0,0,0,0,0,0,1,0,,,,,0,0,,,0,,0,attack,s02
8,48,1,0,0,0,0,0,0,0,0,0,0,0,372.0,18.0,9.0,,0,0,,,0,,0,attack,s02
8,49,0,1,0,0,0,0,0,0,0,0,1,0,,,,,0,0,,,0,,0,attack,s02
8,50,0,1,0,0,0,0,0,0,0,0,1,0,,,,,0,0,,,0,,0,attack,s02
8,51,0,0,0,0,0,0,0,0,0,0,0,0,,,,,0,0,,,0,,0,attack,s02
8,52,0,1,0,0,0,0,0,0,0,0,1,0,,,,,0,1,99.0,1.6499725004583257,1,128.0,0,attack,s02
8,53,1,1,0,0,0,0,0,0,0,0,1,0,,,,,0,0,,,0,,0,attack,s02
8,54,0,0,0,0,0,0,0,0,0,0,0,0,360.0,18.0,9.0,,0,0,,,0,,0,attack,s02
8,55,0,0,0,0,0,0,0,0,0,0,0,0,,,,,0,0,,,0,,0,attack,s02
8,56,0,0,0,0,0,0,0,0,0,0,0,0,,,,,0,0,,,0,,0,attack,s02
8,57,0,0,0,0,0,0,0,0,0,0,0,0,,,,,0,0,,,0,,0,attack,s02
8,58,1,0,0,0,0,0,0,0,0,0,0,0,,,,,0,1,99.0,1.649916954179973,1,107.0,0,attack,s02
8,59,0,0,0,0,0,0,0,0,0,0,0,0,,,,,0,0,,,0,,0,attack,s02
8,60,0,0,0,0,0,0,0,0,0,0,0,0,349.0,19.0,9.0,,0,0,,,0,,0,attack,s02
8,61,0,0,0,0,0,0,0,0,0,0,0,0,,,,,0,0,,,0,,0,attack,s02
8,62,0,0,0,0,0,0,0,0,0,0,0,0,,,,,0,0,,,0,,0,attack,s02
8,63,0,0,0,0,0,0,0,0,0,0,0,0,,,,,0,0,,,0,,0,attack,s02
8,64,0,0,0,0,0,0,0,0,0,0,0,0,,,,,0,1,97.0,1.616639722671289,1,124.0,0,attack,s02
8,65,0,0,0,0,0,0,0,0,0,0,0,0,,,,,0,0,,,0,,0,attack,s02
8,66,0,0,0,0,0,0,0,0,0,0,0,0,339.0,19.0,9.0,,0,0,,,0,,0,attack,s02
8,67,0,0,0,0,0,0,0,0,0,0,0,0,,,,,0,0,,,0,,0,attack,s02
8,68,0,1,0,0,0,0,0,0,0,0,1,0,,,,,0,0,,,0,,0,attack,s02
8,69,1,0,0,0,0,0,0,0,0,0,0,0,,,,,0,0,,,0,,0,attack,s02
8,70,0,0,0,0,0,0,0,0,0,0,0,0,,,,,0,1,98.0,1.6333066559912854,1,99.0,0,attack,s02
8,71,0,0,0,0,0,0,0,0,0,0,0,0,,,,,0,0,,,0,,0,attack,s02
8,72,0,0,0,0,0,0,0,0,0,0,0,0,330.0,19.0,9.0,,0,0,,,0,,0,attack,s02
8,73,0,0,0,0,0,0,0,0,0,0,0,0,,,,,0,0,,,0,,0,attack,s02
8,74,1,0,0,0,0,0,0,0,0,0,0,0,,,,,0,0,,,0,,0,attack,s02
8,75,0,0,0,0,0,0,0,0,0,0,0,0,,,,,0,0,,,0,,0,attack,s02
8,76,0,0,0,0,0,0,0,0,0,0,0,0,,,,,0,1,98.0,1.6333061115648073,1,91.0,0,attack,s02
8,77,0,0,0,0,0,0,0,0,0,0,0,0,,,,,0,0,,,0,,0,attack,s02
8,78,0,0,0,0,0,0,0,0,0,0,0,0,322.0,19.0,9.0,,0,0,,,0,,0,attack,s02
8,79,0,0,0,0,0,0,0,0,0,0,0,0,,,,,0,0,,,0,,0,attack,s02
8,80,0,0,0,0,0,0,0,0,0,0,0,0,,,,,0,0,,,0,,0,attack,s02
8,81,0,0,0,0,0,0,0,0,0,0,0,0,,,,,0,0,,,0,,0,attack,s02
8,82,0,0,0,0,0,0,0,0,0,0,0,0,,,,,0,1,98.0,1.6333061115648073,1,114.0,0,attack,s02
8,83,0,0,0,0,0,0,0,0,0,0,0,0,,,,,0,0,,,0,,0,attack,s02
8,84,0,0,0,0,0,0,0,0,0,0,0,0,315.0,19.0,9.0,,0,0,,,0,,0,attack,s02
8,85,1,1,0,0,0,0,0,0,0,0,1,0,,,,,0,0,,,0,,0,attack,s02
8,86,0,1,0,0,0,0,0,0,0,0,1,0,,,,,0,0,,,0,,0,attack,s02
8,87,0,0,0,0,0,0,0,0,0,0,0,0,,,,,0,0,,,0,,0,attack,s02
8,88,0,0,0,0,0,0,0,0,0,0,0,0,,,,,0,1,99.0,1.6499725004583257,1,118.0,0,attack,s02
8,89,0,0,0,0,0,0,0,0,0,0,0,0,,,,,0,0,,,0,,0,attack,s02
8,90,0,0,0,0,0,0,0,0,0,0,0,0,309.0,19.0,9.0,,0,0,,,0,,0,attack,s02
8,91,0,0,0,0,0,0,0,0,0,0,0,0,,,,,0,0,,,0,,0,attack,s02
8,92,0,0,0,0,0,0,0,0,0,0,0,0,,,,,0,0,,,0,,0,attack,s02
8,93,0,0,0,0,0,0,0,0,0,0,0,0,,,,,0,0,,,0,,0,attack,s02
8,94,1,1,0,0,0,0,0,0,0,0,1,0,,,,,0,1,98.0,1.6333061115648073,1,102.0,0,attack,s02
8,95,0,1,0,0,0,0,0,0,0,0,1,0,,,,,0,0,,,0,,0,attack,s02
8,96,0,0,0,0,0,0,0,0,0,0,0,0,303.0,19.0,9.0,,0,0,,,0,,0,attack,s02
8,97,0,3,0,0,0,0,0,0,0,0,1,0,,,,,0,0,,,0,,0,attack,s02
8,98,0,0,0,0,0,0,0,0,0,0,0,0,,,,,0,0,,,0,,0,attack,s02
8,99,0,1,0,0,0,0,0,0,0,0,1,0,,,,,0,0,,,0,,0,attack,s02
8,100,0,0,0,0,0,0,0,0,0,0,0,0,,,,,0,1,99.0,1.6499725004583257,1,123.0,0,attack,s02
8,101,0,0,0,0,0,0,0,0,0,0,0,0,,,,,0,0,,,0,,0,attack,s02
8,102,1,0,0,0,0,0,0,0,0,0,0,0,298.0,19.0,9.0,,0,0,,,0,,0,attack,s02
8,103,1,1,0,0,0,0,0,0,0,0,1,0,,,,,0,0,,,0,,0,attack,s02
8,104,0,0,0,0,0,0,0,0,0,0,0,0,,,,,0,0,,,0,,0,attack,s02
8,105,0,0,0,0,0,0,0,0,0,0,0,0,,,,,0,0,,,0,,0,attack,s02
8,106,0,0,0,0,0,0,0,0,0,0,0,0,,,,,0,1,99.0,1.6499725004583257,1,129.0,0,attack,s02
8,107,0,0,0,0,0,0,0,0,0,0,0,0,,,,,0,0,,,0,,0,attack,s02
8,108,0,0,0,0,0,0,0,0,0,0,0,0,293.0,19.0,9.0,,0,0,,,0,,0,attack,s02
8,109,0,0,0,0,0,0,0,0,0,0,0,0,,,,,0,0,,,0,,0,attack,s02
8,110,1,0,0,0,0,0,0,0,0,0,0,0,,,,,0,0,,,0,,0,attack,s02
8,111,0,0,0,0,0,0,0,0,0,0,0,0,,,,,0,0,,,0,,0,attack,s02
8,112,0,0,0,0,0,0,0,0,0,0,0,0,,,,,0,1,98.0,1.6333061115648073,1,117.0,0,attack,s02
8,113,0,0,0,0,0,0,0,0,0,0,0,0,,,,,0,0,,,0,,0,attack,s02
8,114,0,0,0,0,0,0,0,0,0,0,0,0,289.0,20.0,9.0,,0,0,,,0,,0,attack,s02
8,115,0,0,0,0,0,0,0,0,0,0,0,0,,,,,0,0,,,0,,0,attack,s02
8,116,0,0,0,0,0,0,0,0,0,0,0,0,,,,,0,0,,,0,,0,attack,s02
8,117,0,0,0,0,0,0,0,0,0,0,0,0,,,,,0,0,,,0,,0,attack,s02
8,118,0,0,0,0,0,0,0,0,0,0,0,0,,,,,0,1,99.0,1.6499725004583257,1,90.0,0,attack,s02
8,119,0,0,0,0,0,0,0,0,0,0,0,0,,,,,0,0,,,0,,0,attack,s02
8,120,1,0,0,0,0,0,0,0,0,0,0,0,285.0,20.0,9.0,,0,0,,,0,,0,attack,s02
8,121,0,0,0,0,0,0,0,0,0,0,0,0,,,,,0,0,,,0,,0,attack,s02
8,122,0,0,0,0,0,0,0,0,0,0,0,0,,,,,0,0,,,0,,0,attack,s02
8,123,0,0,0,0,0,0,0,0,0,0,0,0,,,,,0,0,,,0,,0,attack,s02
8,124,0,0,0,0,0,0,0,0,0,0,0,0,,,,,0,1,99.0,1.6499725004583257,1,102.0,0,attack,s02
8,125,1,0,0,0,0,0,0,0,0,0,0,0,,,,,0,0,,,0,,0,attack,s02
8,126,0,0,0,0,0,0,0,0,0,0,0,0,282.0,20.0,9.0,,0,0,,,0,,0,attack,s02
8,127,0,0,0,0,0,0,0,0,0,0,0,0,,,,,0,0,,,0,,0,attack,s02
8,128,0,0,0,0,0,0,0,0,0,0,0,0,,,,,0,0,,,0,,0,attack,s02
8,129,0,0,0,0,0,0,0,0,0,0,0,0,,,,,0,0,,,0,,0,attack,s02
8,130,0,0,0,0,0,0,0,0,0,0,0,0,,,,,0,1,99.0,1.6499725004583257,1,118.0,0,attack,s02
8,131,0,0,0,0,0,0,0,0,0,0,0,0,,,,,0,0,,,0,,0,attack,s02
8,132,0,0,0,0,0,0,0,0,0,0,0,0,279.0,20.0,9.0,,0,0,,,0,,0,attack,s02
8,133,0,0,0,0,0,0,0,0,0,0,0,0,,,,,0,0,,,0,,0,attack,s02
8,134,0,0,0,0,0,0,0,0,0,0,0,0,,,,,0,0,,,0,,0,attack,s02
8,135,1,0,0,0,0,0,0,0,0,0,0,0,,,,,0,0,,,0,,0,attack,s02
8,136,0,0,0,0,0,0,0,0,0,0,0,0,,,,,0,1,98.0,1.6333061115648073,1,113.0,0,attack,s02
8,137,0,0,0,0,0,0,0,0,0,0,0,0,,,,,0,0,,,0,,0,attack,s02
8,138,0,0,0,0,0,0,0,0,0,0,0,0,276.0,20.0,9.0,,0,0,,,0,,0,attack,s02
8,139,0,0,0,0,0,0,0,0,0,0,0,0,,,,,0,0,,,0,,0,attack,s02
8,140,0,0,0,0,0,0,0,0,0,0,0,0,,,,,0,0,,,0,,0,attack,s02
8,141,0,0,0,0,0,0,0,0,0,0,0,0,,,,,0,0,,,0,,0,attack,s02
8,142,1,0,0,0,0,0,0,0,0,0,0,0,,,,,0,1,99.0,1.6499725004583257,1,121.0,0,attack,s02
8,143,0,1,0,0,0,0,0,0,0,0,1,0,,,,,0,0,,,0,,0,attack,s02
8,144,0,0,0,0,0,0,0,0,0,0,0,0,274.0,20.0,9.0,,0,0,,,0,,0,attack,s02
8,145,0,0,0,0,0,0,0,0,0,0,0,0,,,,,0,0,,,0,,0,attack,s02
8,146,0,0,0,0,0,0,0,0,0,0,0,0,,,,,0,0,,,0,,0,attack,s02
8,147,0,0,0,0,0,0,0,0,0,0,0,0,,,,,0,0,,,0,,0,attack,s02
8,148,0,2,0,0,0,0,0,0,0,0,1,0,,,,,0,1,99.0,1.6499725004583257,1,123.0,0,attack,s02
8,149,0,0,0,0,0,0,0,0,0,0,0,0,,,,,0,0,,,0,,0,attack,s02
8,150,1,0,0,0,0,0,0,0,0,0,0,0,272.0,20.0,9.0,,0,0,,,0,,0,attack,s02
8,151,0,0,0,0,0,0,0,0,0,0,0,0,,,,,0,0,,,0,,0,attack,s02
8,152,0,1,0,0,0,0,0,0,0,0,1,0,,,,,0,0,,,0,,0,attack,s02
8,153,0,2,0,0,0,0,0,0,0,0,1,0,,,,,0,0,,,0,,0,attack,s02
8,154,0,0,0,0,0,0,0,0,0,0,0,0,,,,,0,1,98.0,1.6333061115648073,1,95.0,0,attack,s02
8,155,0,0,0,0,0,0,0,0,0,0,0,0,,,,,0,0,,,0,,0,attack,s02
8,156,0,0,0,0,0,0,0,0,0,0,0,0,270.0,20.0,9.0,,0,0,,,0,,0,attack,s02
8,157,0,0,0,0,0,0,0,0,0,0,0,0,,,,,0,0,,,0,,0,attack,s02
8,158,1,0,0,0,0,0,0,0,0,0,0,0,,,,,0,0,,,0,,0,attack,s02
8,159,0,2,0,0,0,0,0,0,0,0,1,0,,,,,0,0,,,0,,0,attack,s02
8,160,0,0,0,0,0,0,0,0,0,0,0,0,,,,,0,1,99.0,1.6499725004583257,1,101.0,0,attack,s02
8,161,0,0,0,0,0,0,0,0,0,0,0,0,,,,,0,0,,,0,,0,attack,s02
8,162,0,0,0,0,0,0,0,0,0,0,0,0,268.0,20.0,9.0,,0,0,,,0,,0,attack,s02
8,163,0,3,0,0,0,0,0,0,0,0,1,0,,,,,0,0,,,0,,0,attack,s02
8,164,0,1,0,0,0,0,0,0,0,0,1,0,,,,,0,0,,,0,,0,attack,s02
8,165,1,0,0,0,0,0,0,0,0,0,0,0,,,,,0,0,,,0,,0,attack,s02
8,166,0,0,0,0,0,0,0,0,0,0,0,0,,,,,0,1,99.0,1.6499725004583257,1,125.0,0,attack,s02
8,167,0,0,0,0,0,0,0,0,0,0,0,0,,,,,0,0,,,0,,0,attack,s02
8,168,0,0,0,0,0,0,0,0,0,0,0,0,266.0,20.0,9.0,,0,0,,,0,,0,attack,s02
8,169,0,0,0,0,0,0,0,0,0,0,0,0,,,,,0,0,,,0,,0,attack,s02
8,170,0,0,0,0,0,0,0,0,0,0,0,0,,,,,0,0,,,0,,0,attack,s02
8,171,1,0,0,0,0,0,0,0,0,0,0,0,,,,,0,0,,,0,,0,attack,s02
8,172,0,0,0,0,0,0,0,0,0,0,0,0,,,,,0,1,98.0,1.6333061115648073,1,96.0,0,attack,s02
8,173,1,1,0,0,0,0,0,0,0,0,1,0,,,,,0,0,,,0,,0,attack,s02
8,174,0,0,0,0,0,0,0,0,0,0,0,0,265.0,20.0,9.0,,0,0,,,0,,0,attack,s02
8,175,0,1,1,1,0,0,0,0,0,0,1,0,,,,,0,0,,,0,,0,attack,s02
8,176,0,1,0,0,0,0,0,0,0,0,1,0,,,,,0,0,,,0,,0,attack,s02
8,177,0,0,0,0,0,0,0,0,0,0,0,0,,,,,0,0,,,0,,0,attack,s02
8,178,0,0,0,0,0,0,0,0,0,0,0,0,,,,,0,1,100.0,1.666610557444566,1,129.0,0,attack,s02
8,179,0,0,0,0,0,0,0,0,0,0,0,0,,,,,0,0,,,0,,0,attack,s02
8,180,0,0,0,0,0,0,0,0,0,0,0,0,309.0,20.0,9.0,,0,0,,,0,,0,attack,s02
8,181,0,1,0,0,0,0,0,0,0,0,1,0,,,,,0,0,,,0,,0,attack,s02
9,0,0,0,0,0,0,0,0,0,0,0,0,0,,,,,0,0,,,0,,0,attack,s02
9,1,0,0,0,0,0,0,0,0,0,0,0,0,,,,,0,0,,,0,,0,attack,s02
9,2,4,2,1,0,0,0,0,1,0,0,1,0,538.0,0.0,1.0,,0,0,,,0,,0,attack,s02
9,3,1,2,0,1,0,0,0,0,0,0,1,0,,,,,0,0,,,0,,0,attack,s02
9,4,1,2,0,0,0,0,0,0,0,0,1,0,,,,,0,0,,,0,,0,attack,s02
9,5,1,4,0,0,0,0,0,0,0,0,1,0,,,,,0,0,,,0,,0,attack,s02
9,6,0,3,0,0,0,0,0,0,0,0,1,0,524.0,15.0,6.0,,0,0,,,0,,0,attack,s02
9,7,1,1,0,0,0,0,0,0,0,0,1,0,,,,,0,0,,,0,,0,attack,s02
9,8,0,0,0,0,0,0,0,0,0,0,0,0,,,,,0,0,,,0,,0,attack,s02
9,9,0,4,0,0,0,0,0,0,0,0,1,0,,,,,0,0,,,0,,0,attack,s02
9,10,1,2,0,0,0,0,0,0,0,0,1,0,,,,,0,0,,,0,,0,attack,s02
9,11,0,0,0,0,0,0,0,0,0,0,0,0,,,,,0,1,0.0,,1,112.0,0,attack,s02
9,12,1,0,0,0,0,0,0,0,0,0,0,0,537.0,16.0,6.0,,0,0,,,0,,0,attack,s02
9,13,0,1,0,0,0,0,0,0,0,0,1,0,,,,,0,0,,,0,,0,attack,s02
9,14,0,3,0,0,0,0,0,0,0,0,1,0,,,,,0,0,,,0,,0,attack,s02
9,15,0,3,0,0,0,0,0,0,0,0,1,0,,,,,0,0,,,0,,0,attack,s02
9,16,0,0,0,0,0,0,0,0,0,0,0,0,,,,,0,0,,,0,,0,attack,s02
9,17,0,0,0,0,0,0,0,0,0,0,0,0,,,,,0,1,99.0,1.6499725004583257,1,114.0,0,attack,s02
9,18,0,0,0,0,0,0,0,0,0,0,0,0,492.0,17.0,6.0,,0,0,,,0,,0,attack,s02
9,19,1,0,0,0,0,0,0,0,0,0,0,0,,,,,0,0,,,0,,0,attack,s02
9,20,0,0,0,0,0,0,0,0,0,0,0,0,,,,,0,0,,,0,,0,attack,s02
9,21,0,0,0,0,0,0,0,0,0,0,0,0,,,,,0,0,,,0,,0,attack,s02
9,22,0,0,0,0,0,0,0,0,0,0,0,0,,,,,0,0,,,0,,0,attack,s02
9,23,0,0,0,0,0,0,0,0,0,0,0,0,,,,,0,1,99.0,1.6499725004583257,1,102.0,0,attack,s02
9,24,0,1,0,0,0,0,0,0,0,0,1,0,482.0,17.0,6.0,,0,0,,,0,,0,attack,s02
9,25,0,2,0,0,0,0,0,0,0,0,1,0,,,,,0,0,,,0,,0,attack,s02
9,26,1,1,0,0,0,0,0,0,0,0,1,0,,,,,0,0,,,0,,0,attack,s02
9,27,0,2,0,0,0,0,0,0,0,0,1,0,,,,,0,0,,,0,,0,attack,s02
9,28,0,0,0,0,0,0,0,0,0,0,0,0,,,,,0,0,,,0,,0,attack,s02
9,29,0,0,0,0,0,0,0,0,0,0,0,0,,,,,0,1,99.0,1.6499444518701203,1,106.0,0,attack,s02
9,30,1,0,0,0,0,0,0,0,0,0,0,0,464.0,18.0,6.0,,0,0,,,0,,0,attack,s02
9,31,0,0,0,0,0,0,0,0,0,0,0,0,,,,,0,0,,,0,,0,attack,s02
9,32,0,1,0,0,0,0,0,0,0,0,1,0,,,,,0,0,,,0,,0,attack,s02
9,33,0,0,0,0,0,0,0,0,0,0,0,0,,,,,0,0,,,0,,0,attack,s02
9,34,0,1,0,0,0,0,0,0,0,0,1,0,,,,,0,0,,,0,,0,attack,s02
9,35,0,0,0,0,0,0,0,0,0,0,0,0,,,,,0,1,98.0,1.6333066559912854,1,97.0,0,attack,s02
9,36,0,0,0,0,0,0,0,0,0,0,0,0,456.0,18.0,6.0,,0,0,,,0,,0,attack,s02
9,37,0,0,0,0,0,0,0,0,0,0,0,0,,,,,0,0,,,0,,0,attack,s02
9,38,1,0,0,0,0,0,0,0,0,0,0,0,,,,,0,0,,,0,,0,attack,s02
9,39,0,1,0,0,0,0,0,0,0,0,1,0,,,,,0,0,,,0,,0,attack,s02
9,40,0,0,0,0,0,0,0,0,0,0,0,0,,,,,0,0,,,0,,0,attack,s02
9,41,0,0,0,0,0,0,0,0,0,0,0,0,,,,,0,1,99.0,1.6499725004583257,1,130.0,0,attack,s02
9,42,0,0,0,0,0,0,0,0,0,0,0,0,448.0,18.0,6.0,,0,0,,,0,,0,attack,s02
9,43,1,0,0,0,0,0,0,0,0,0,0,0,,,,,0,0,,,0,,0,attack,s02
9,44,0,1,0,0,0,0,0,0,0,0,1,0,,,,,0,0,,,0,,0,attack,s02
9,45,0,1,0,0,0,0,0,0,0,0,1,0,,,,,0,0,,,0,,0,attack,s02
9,46,0,0,0,0,0,0,0,0,0,0,0,0,,,,,0,0,,,0,,0,attack,s02
9,47,0,0,0,0,0,0,0,0,0,0,0,0,,,,,0,1,99.0,1.6499725004583257,1,99.0,0,attack,s02
9,48,1,2,0,0,0,0,0,0,0,0,1,0,441.0,18.0,6.0,,0,0,,,0,,0,attack,s02
9,49,0,0,0,0,0,0,0,0,0,0,0,0,,,,,0,0,,,0,,0,attack,s02
9,50,0,1,0,0,0,0,0,0,0,0,1,0,,,,,0,0,,,0,,0,attack,s02
9,51,0,0,0,0,0,0,0,0,0,0,0,0,,,,,0,0,,,0,,0,attack,s02
9,52,1,2,0,0,0,0,0,0,0,0,1,0,,,,,0,0,,,0,,0,attack,s02
9,53,0,0,0,0,0,0,0,0,0,0,0,0,,,,,0,1,99.0,1.6499725004583257,1,125.0,0,attack,s02
9,54,0,2,0,0,0,0,0,0,0,0,1,0,435.0,18.0,6.0,,0,0,,,0,,0,attack,s02
9,55,0,0,0,0,0,0,0,0,0,0,0,0,,,,,0,0,,,0,,0,attack,s02
9,56,0,1,0,0,0,0,0,0,0,0,1,0,,,,,0,0,,,0,,0,attack,s02
9,57,0,1,0,0,0,0,0,0,0,0,1,0,,,,,0,0,,,0,,0,attack,s02
9,58,0,0,0,0,0,0,0,0,0,0,0,0,,,,,0,0,,,0,,0,attack,s02
9,59,0,0,0,0,0,0,0,0,0,0,0,0,,,,,0,1,99.0,1.6499725004583257,1,99.0,0,attack,s02
9,60,0,0,0,0,0,0,0,0,0,0,0,0,429.0,19.0,6.0,,0,0,,,0,,0,attack,s02
9,61,0,0,0,0,0,0,0,0,0,0,0,0,,,,,0,0,,,0,,0,attack,s02
9,62,0,0,0,0,0,0,0,0,0,0,0,0,,,,,0,0,,,0,,0,attack,s02
9,63,1,1,0,0,0,0,0,0,0,0,1,0,,,,,0,0,,,0,,0,attack,s02
9,64,0,1,0,0,0,0,0,0,0,0,1,0,,,,,0,0,,,0,,0,attack,s02
9,65,0,0,0,0,0,0,0,0,0,0,0,0,,,,,0,1,98.0,1.6333061115648073,1,93.0,0,attack,s02
9,66,0,0,0,0,0,0,0,0,0,0,0,0,424.0,19.0,6.0,,0,0,,,0,,0,attack,s02
9,67,0,0,0,0,0,0,0,0,0,0,0,0,,,,,0,0,,,0,,0,attack,s02
9,68,0,0,0,0,0,0,0,0,0,0,0,0,,,,,0,0,,,0,,0,attack,s02
9,69,1,0,0,0,0,0,0,0,0,0,0,0,,,,,0,0,,,0,,0,attack,s02
9,70,0,0,0,0,0,0,0,0,0,0,0,0,,,,,0,0,,,0,,0,attack,s02
9,71,0,0,0,0,0,0,0,0,0,0,0,0,,,,,0,1,98.0,1.6333061115648073,1,102.0,0,attack,s02
9,72,0,0,0,0,0,0,0,0,0,0,0,0,420.0,19.0,6.0,,0,0,,,0,,0,attack,s02
9,73,0,0,0,0,0,0,0,0,0,0,0,0,,,,,0,0,,,0,,0,attack,s02
9,74,0,0,0,0,0,0,0,0,0,0,0,0,,,,,0,0,,,0,,0,attack,s02
9,75,1,0,0,0,0,0,0,0,0,0,0,0,,,,,0,0,,,0,,0,attack,s02
9,76,0,0,0,0,0,0,0,0,0,0,0,0,,,,,0,0,,,0,,0,attack,s02
9,77,0,0,0,0,0,0,0,0,0,0,0,0,,,,,0,1,99.0,1.6499725004583257,1,92.0,0,attack,s02
9,78,0,0,0,0,0,0,0,0,0,0,0,0,416.0,19.0,6.0,,0,0,,,0,,0,attack,s02
9,79,0,0,0,0,0,0,0,0,0,0,0,0,,,,,0,0,,,0,,0,attack,s02
9,80,0,0,0,0,0,0,0,0,0,0,0,0,,,,,0,0,,,0,,0,attack,s02
9,81,0,0,0,0,0,0,0,0,0,0,0,0,,,,,0,0,,,0,,0,attack,s02
9,82,0,0,0,0,0,0,0,0,0,0,0,0,,,,,0,0,,,0,,0,attack,s02
9,83,0,0,0,0,0,0,0,0,0,0,0,0,,,,,0,1,98.0,1.6333061115648073,1,93.0,0,attack,s02
9,84,1,0,0,0,0,0,0,0,0,0,0,0,412.0,19.0,6.0,,0,0,,,0,,0,attack,s02
9,85,0,0,0,0,0,0,0,0,0,0,0,0,,,,,0,0,,,0,,0,attack,s02
9,86,0,0,0,0,0,0,0,0,0,0,0,0,,,,,0,0,,,0,,0,attack,s02
9,87,0,0,0,0,0,0,0,0,0,0,0,0,,,,,0,0,,,0,,0,attack,s02
9,88,0,0,0,0,0,0,0,0,0,0,0,0,,,,,0,0,,,0,,0,attack,s02
9,89,0,0,0,0,0,0,0,0,0,0,0,0,,,,,0,1,99.0,1.6499725004583257,1,104.0,0,attack,s02
9,90,0,1,0,0,0,0,0,0,0,0,1,0,409.0,19.0,6.0,,0,0,,,0,,0,attack,s02
9,91,0,0,0,0,0,0,0,0,0,0,0,0,,,,,0,0,,,0,,0,attack,s02
9,92,1,0,0,0,0,0,0,0,0,0,0,0,,,,,0,0,,,0,,0,attack,s02
9,93,0,1,0,0,0,0,0,0,0,0,1,0,,,,,0,0,,,0,,0,attack,s02
9,94,0,0,0,0,0,0,0,0,0,0,0,0,,,,,0,0,,,0,,0,attack,s02
9,95,1,0,0,0,0,0,0,0,0,0,0,0,,,,,0,1,99.0,1.6499725004583257,1,116.0,0,attack,s02
9,96,0,0,0,0,0,0,0,0,0,0,0,0,406.0,19.0,6.0,,0,0,,,0,,0,attack,s02
9,97,0,0,0,0,0,0,0,0,0,0,0,0,,,,,0,0,,,0,,0,attack,s02
9,98,0,1,0,0,0,0,0,0,0,0,1,0,,,,,0,0,,,0,,0,attack,s02
9,99,0,0,0,0,0,0,0,0,0,0,0,0,,,,,0,0,,,0,,0,attack,s02
9,100,0,1,0,0,0,0,0,0,0,0,1,0,,,,,0,0,,,0,,0,attack,s02
9,101,1,1,0,0,0,0,0,0,0,0,1,0,,,,,0,1,99.0,1.6499725004583257,1,103.0,0,attack,s02
9,102,0,0,0,0,0,0,0,0,0,0,0,0,403.0,19.0,6.0,,0,0,,,0,,0,attack,s02
9,103,0,0,0,0,0,0,0,0,0,0,0,0,,,,,0,0,,,0,,0,attack,s02
9,104,0,0,0,0,0,0,0,0,0,0,0,0,,,,,0,0,,,0,,0,attack,s02
9,105,0,0,0,0,0,0,0,0,0,0,0,0,,,,,0,0,,,0,,0,attack,s02
9,106,0,1,0,0,0,0,0,0,0,0,1,0,,,,,0,0,,,0,,0,attack,s02
9,107,0,1,0,0,0,0,0,0,0,0,1,0,,,,,0,1,99.0,1.6499725004583257,1,126.0,0,attack,s02
9,108,0,0,0,0,0,0,0,0,0,0,0,0,401.0,20.0,6.0,,0,0,,,0,,0,attack,s02
9,109,0,1,0,0,0,0,0,0,0,0,1,0,,,,,0,0,,,0,,0,attack,s02
9,110,0,0,0,0,0,0,0,0,0,0,0,0,,,,,0,0,,,0,,0,attack,s02
9,111,1,0,0,0,0,0,0,0,0,0,0,0,,,,,0,0,,,0,,0,attack,s02
9,112,0,0,0,0,0,0,0,0,0,0,0,0,,,,,0,0,,,0,,0,attack,s02
9,113,0,1,0,0,0,0,0,0,0,0,1,0,,,,,0,1,99.0,1.6499725004583257,1,99.0,0,attack,s02
9,114,0,0,0,0,0,0,0,0,0,0,0,0,399.0,20.0,6.0,,0,0,,,0,,0,attack,s02
9,115,0,2,0,0,0,0,0,0,0,0,1,0,,,,,0,0,,,0,,0,attack,s02
9,116,0,0,0,0,0,0,0,0,0,0,0,0,,,,,0,0,,,0,,0,attack,s02
9,117,0,1,0,0,0,0,0,0,0,0,1,0,,,,,0,0,,,0,,0,attack,s02
9,118,1,0,0,0,0,0,0,0,0,0,0,0,,,,,0,0,,,0,,0,attack,s02
9,119,0,0,0,0,0,0,0,0,0,0,0,0,,,,,0,1,99.0,1.6499725004583257,1,125.0,0,attack,s02
9,120,0,0,0,0,0,0,0,0,0,0,0,0,397.0,20.0,6.0,,0,0,,,0,,0,attack,s02
9,121,0,1,0,0,0,0,0,0,0,0,1,0,,,,,0,0,,,0,,0,attack,s02
9,122,0,0,0,0,0,0,0,0,0,0,0,0,,,,,0,0,,,0,,0,attack,s02
9,123,0,0,0,0,0,0,0,0,0,0,0,0,,,,,0,0,,,0,,0,attack,s02
9,124,0,1,0,0,0,0,0,0,0,0,1,0,,,,,0,0,,,0,,0,attack,s02
9,125,0,0,0,0,0,0,0,0,0,0,0,0,,,,,0,1,99.0,1.6499725004583257,1,122.0,0,attack,s02
9,126,1,1,0,0,0,0,0,0,0,0,1,0,395.0,20.0,6.0,,0,0,,,0,,0,attack,s02
9,127,0,0,0,0,0,0,0,0,0,0,0,0,,,,,0,0,,,0,,0,attack,s02
9,128,0,1,0,0,0,0,0,0,0,0,1,0,,,,,0,0,,,0,,0,attack,s02
9,129,0,0,0,0,0,0,0,0,0,0,0,0,,,,,0,0,,,0,,0,attack,s02
9,130,0,0,0,0,0,0,0,0,0,0,0,0,,,,,0,0,,,0,,0,attack,s02
9,131,0,0,0,0,0,0,0,0,0,0,0,0,,,,,0,1,99.0,1.6499725004583257,1,103.0,0,attack,s02
9,132,0,0,0,0,0,0,0,0,0,0,0,0,393.0,20.0,6.0,,0,0,,,0,,0,attack,s02
9,133,0,0,0,0,0,0,0,0,0,0,0,0,,,,,0,0,,,0,,0,attack,s02
9,134,0,0,0,0,0,0,0,0,0,0,0,0,,,,,0,0,,,0,,0,attack,s02
9,135,1,0,0,0,0,0,0,0,0,0,0,0,,,,,0,0,,,0,,0,attack,s02
9,136,0,0,0,0,0,0,0,0,0,0,0,0,,,,,0,0,,,0,,0,attack,s02
9,137,0,1,0,0,0,0,0,0,0,0,1,0,,,,,0,1,99.0,1.6499725004583257,1,113.0,0,attack,s02
9,138,0,0,0,0,0,0,0,0,0,0,0,0,392.0,20.0,6.0,,0,0,,,0,,0,attack,s02
9,139,0,0,0,0,0,0,0,0,0,0,0,0,,,,,0,0,,,0,,0,attack,s02
9,140,0,0,0,0,0,0,0,0,0,0,0,0,,,,,0,0,,,0,,0,attack,s02
9,141,0,0,0,0,0,0,0,0,0,0,0,0,,,,,0,0,,,0,,0,attack,s02
9,142,0,0,0,0,0,0,0,0,0,0,0,0,,,,,0,0,,,0,,0,attack,s02
9,143,0,0,0,0,0,0,0,0,0,0,0,0,,,,,0,1,99.0,1.6499725004583257,1,120.0,0,attack,s02
9,144,1,0,0,0,0,0,0,0,0,0,0,0,391.0,20.0,6.0,,0,0,,,0,,0,attack,s02
9,145,0,0,0,0,0,0,0,0,0,0,0,0,,,,,0,0,,,0,,0,attack,s02
9,146,0,1,0,0,0,0,0,0,0,0,1,0,,,,,0,0,,,0,,0,attack,s02
9,147,0,0,0,0,0,0,0,0,0,0,0,0,,,,,0,0,,,0,,0,attack,s02
9,148,0,0,0,0,0,0,0,0,0,0,0,0,,,,,0,0,,,0,,0,attack,s02
9,149,0,0,0,0,0,0,0,0,0,0,0,0,,,,,0,1,99.0,1.6499725004583257,1,97.0,0,attack,s02
9,150,0,0,0,0,0,0,0,0,0,0,0,0,390.0,20.0,6.0,,0,0,,,0,,0,attack,s02
9,151,0,0,0,0,0,0,0,0,0,0,0,0,,,,,0,0,,,0,,0,attack,s02
9,152,0,0,0,0,0,0,0,0,0,0,0,0,,,,,0,0,,,0,,0,attack,s02
9,153,0,1,0,0,0,0,0,0,0,0,1,0,,,,,0,0,,,0,,0,attack,s02
9,154,1,0,0,0,0,0,0,0,0,0,0,0,,,,,0,0,,,0,,0,attack,s02
9,155,0,0,0,0,0,0,0,0,0,0,0,0,,,,,0,1,98.0,1.6333061115648073,1,106.0,0,attack,s02
9,156,0,0,0,0,0,0,0,0,0,0,0,0,389.0,20.0,6.0,,0,0,,,0,,0,attack,s02
9,157,0,0,0,0,0,0,0,0,0,0,0,0,,,,,0,0,,,0,,0,attack,s02
9,158,0,0,0,0,0,0,0,0,0,0,0,0,,,,,0,0,,,0,,0,attack,s02
9,159,0,0,0,0,0,0,0,0,0,0,0,0,,,,,0,0,,,0,,0,attack,s02
9,160,0,0,0,0,0,0,0,0,0,0,0,0,,,,,0,0,,,0,,0,attack,s02
9,161,0,1,0,0,0,0,0,0,0,0,1,0,,,,,0,1,99.0,1.6499725004583257,1,112.0,0,attack,s02
9,162,1,0,0,0,0,0,0,0,0,0,0,0,388.0,20.0,6.0,,0,0,,,0,,0,attack,s02
9,163,0,0,0,0,0,0,0,0,0,0,0,0,,,,,0,0,,,0,,0,attack,s02
9,164,0,0,0,0,0,0,0,0,0,0,0,0,,,,,0,0,,,0,,0,attack,s02
9,165,0,0,0,0,0,0,0,0,0,0,0,0,,,,,0,0,,,0,,0,attack,s02
9,166,0,1,0,0,0,0,0,0,0,0,1,0,,,,,0,0,,,0,,0,attack,s02
9,167,0,0,0,0,0,0,0,0,0,0,0,0,,,,,0,1,99.0,1.6499725004583257,1,96.0,0,attack,s02
9,168,1,1,0,0,0,0,0,0,0,0,1,0,387.0,20.0,6.0,,0,0,,,0,,0,attack,s02
9,169,0,0,0,0,0,0,0,0,0,0,0,0,,,,,0,0,,,0,,0,attack,s02
9,170,0,0,0,0,0,0,0,0,0,0,0,0,,,,,0,0,,,0,,0,attack,s02
9,171,0,0,0,0,0,0,0,0,0,0,0,0,,,,,0,0,,,0,,0,attack,s02
9,172,0,0,0,0,0,0,0,0,0,0,0,0,,,,,0,0,,,0,,0,attack,s02
9,173,1,1,1,1,0,0,0,0,0,0,1,0,,,,,0,1,99.0,1.6499725004583257,1,107.0,0,attack,s02
9,174,0,0,0,0,0,0,0,0,0,0,0,0,385.0,20.0,6.0,,0,0,,,0,,0,attack,s02
9,175,0,1,0,0,0,0,0,0,0,0,1,0,,,,,0,0,,,0,,0,attack,s02
9,176,0,1,0,0,0,0,0,0,0,0,1,0,,,,,0,0,,,0,,0,attack,s02
9,177,0,0,0,0,0,0,0,0,0,0,0,0,,,,,0,0,,,0,,0,attack,s02
9,178,0,0,0,0,0,0,0,0,0,0,0,0,,,,,0,0,,,0,,0,attack,s02
9,179,0,1,0,0,0,0,0,0,0,0,1,0,,,,,0,1,99.0,1.6499725004583257,1,106.0,0,attack,s02
9,180,0,0,0,0,0,0,0,0,0,0,0,0,384.0,20.0,6.0,,0,0,,,0,,0,attack,s02
9,181,1,0,0,0,0,0,0,0,0,0,0,0,,,,,0,0,,,0,,0,attack,s02
10,0,2,1,0,0,0,0,0,0,0,0,1,0,,,,,0,0,,,0,,0,attack,s02
10,1,2,1,1,1,0,0,0,1,0,0,1,0,350.0,0.0,1.0,,0,0,,,0,,0,attack,s02
10,2,2,7,0,0,0,0,0,0,0,0,1,6,,,,,0,0,,,0,,0,attack,s02
10,3,0,14,0,0,0,0,0,0,0,0,1,10,,,,,0,0,,,0,,0,attack,s02
10,4,1,4,0,0,0,0,0,0,0,0,1,0,,,,,0,0,,,0,,0,attack,s02
10,5,0,5,0,0,0,0,0,0,0,0,1,0,,,,,0,0,,,0,,0,attack,s02
10,6,1,3,0,0,0,0,0,0,0,0,1,0,315.0,15.0,7.0,,0,0,,,0,,0,attack,s02
10,7,1,1,0,0,0,0,0,0,0,0,1,0,,,,,0,1,0.0,,1,91.0,0,attack,s02
10,8,0,2,0,0,0,0,0,0,0,0,1,0,,,,,0,0,,,0,,0,attack,s02
10,9,0,3,0,0,0,0,0,0,0,0,1,0,,,,,0,0,,,0,,0,attack,s02
10,10,0,2,0,0,0,0,0,0,0,0,1,0,,,,,0,0,,,0,,0,attack,s02
10,11,0,0,0,0,0,0,0,0,0,0,0,0,,,,,0,0,,,0,,0,attack,s02
10,12,0,0,0,0,0,0,0,0,0,0,0,0,274.0,16.0,7.0,,0,0,,,0,,0,attack,s02
10,13,0,2,0,0,0,0,0,0,0,0,1,0,,,,,0,1,100.0,1.6666388893518442,1,124.0,0,attack,s02
10,14,2,1,0,0,0,0,0,0,0,0,1,0,,,,,0,0,,,0,,0,attack,s02
10,15,0,3,0,0,0,0,0,0,0,0,1,0,,,,,0,0,,,0,,0,attack,s02
10,16,0,1,0,0,0,0,0,0,0,0,1,0,,,,,0,0,,,0,,0,attack,s02
10,17,0,0,0,0,0,0,0,0,0,0,0,0,,,,,0,0,,,0,,0,attack,s02
10,18,0,0,0,0,0,0,0,0,0,0,0,0,261.0,17.0,7.0,,0,0,,,0,,0,attack,s02
10,19,1,0,0,0,0,0,0,0,0,0,0,0,,,,,0,1,101.0,1.6833052782453626,1,111.0,0,attack,s02
10,20,0,0,0,0,0,0,0,0,0,0,0,0,,,,,0,0,,,0,,0,attack,s02
10,21,0,0,0,0,0,0,0,0,0,0,0,0,,,,,0,0,,,0,,0,attack,s02
10,22,0,0,0,0,0,0,0,0,0,0,0,0,,,,,0,0,,,0,,0,attack,s02
10,23,0,1,0,0,0,0,0,0,0,0,1,0,,,,,0,0,,,0,,0,attack,s02
10,24,1,2,0,0,0,0,0,0,0,0,1,0,256.0,17.0,7.0,,0,0,,,0,,0,attack,s02
10,25,0,1,0,0,0,0,0,0,0,0,1,0,,,,,0,1,101.0,1.6833052782453626,1,99.0,0,attack,s02
10,26,0,2,0,0,0,0,0,0,0,0,1,0,,,,,0,0,,,0,,0,attack,s02
10,27,1,2,0,0,0,0,0,0,0,0,1,0,,,,,0,0,,,0,,0,attack,s02
10,28,0,0,0,0,0,0,0,0,0,0,0,0,,,,,0,0,,,0,,0,attack,s02
10,29,0,1,0,0,0,0,0,0,0,0,1,0,,,,,0,0,,,0,,0,attack,s02
10,30,0,0,0,0,0,0,0,0,0,0,0,0,256.0,18.0,7.0,,0,0,,,0,,0,attack,s02
10,31,0,0,0,0,0,0,0,0,0,0,0,0,,,,,0,1,100.0,1.6666388893518442,1,106.0,0,attack,s02
10,32,0,0,0,0,0,0,0,0,0,0,0,0,,,,,0,0,,,0,,0,attack,s02
10,33,0,0,0,0,0,0,0,0,0,0,0,0,,,,,0,0,,,0,,0,attack,s02
10,34,0,0,0,0,0,0,0,0,0,0,0,0,,,,,0,0,,,0,,0,attack,s02
10,35,1,0,0,0,0,0,0,0,0,0,0,0,,,,,0,0,,,0,,0,attack,s02
10,36,0,0,0,0,0,0,0,0,0,0,0,0,256.0,18.0,7.0,,0,0,,,0,,0,attack,s02
10,37,0,0,0,0,0,0,0,0,0,0,0,0,,,,,0,1,100.0,1.6666388893518442,1,94.0,0,attack,s02
10,38,0,0,0,0,0,0,0,0,0,0,0,0,,,,,0,0,,,0,,0,attack,s02
10,39,0,0,0,0,0,0,0,0,0,0,0,0,,,,,0,0,,,0,,0,attack,s02
10,40,0,0,0,0,0,0,0,0,0,0,0,0,,,,,0,0,,,0,,0,attack,s02
10,41,0,0,0,0,0,0,0,0,0,0,0,0,,,,,0,0,,,0,,0,attack,s02
10,42,0,1,0,0,0,0,0,0,0,0,1,0,256.0,18.0,7.0,,0,0,,,0,,0,attack,s02
10,43,0,0,0,0,0,0,0,0,0,0,0,0,,,,,0,1,100.0,1.6666388893518442,1,93.0,0,attack,s02
10,44,2,0,0,0,0,0,0,0,0,0,0,0,,,,,0,0,,,0,,0,attack,s02
10,45,0,0,0,0,0,0,0,0,0,0,0,0,,,,,0,0,,,0,,0,attack,s02
10,46,0,1,0,0,0,0,0,0,0,0,1,0,,,,,0,0,,,0,,0,attack,s02
10,47,0,0,0,0,0,0,0,0,0,0,0,0,,,,,0,0,,,0,,0,attack,s02
10,48,0,1,0,0,0,0,0,0,0,0,1,0,256.0,18.0,7.0,,0,0,,,0,,0,attack,s02
10,49,1,0,0,0,0,0,0,0,0,0,0,0,,,,,0,1,100.0,1.6666388893518442,1,90.0,0,attack,s02
10,50,0,1,0,0,0,0,0,0,0,0,1,0,,,,,0,0,,,0,,0,attack,s02
10,51,0,0,0,0,0,0,0,0,0,0,0,0,,,,,0,0,,,0,,0,attack,s02
10,52,0,1,0,0,0,0,0,0,0,0,1,0,,,,,0,0,,,0,,0,attack,s02
10,53,0,0,0,0,0,0,0,0,0,0,0,0,,,,,0,0,,,0,,0,attack,s02
10,54,0,1,0,0,0,0,0,0,0,0,1,0,256.0,19.0,7.0,,0,0,,,0,,0,attack,s02
10,55,1,0,0,0,0,0,0,0,0,0,0,0,,,,,0,1,101.0,1.6832766630190117,1,119.0,0,attack,s02
10,56,0,0,0,0,0,0,0,0,0,0,0,0,,,,,0,0,,,0,,0,attack,s02
10,57,0,0,0,0,0,0,0,0,0,0,0,0,,,,,0,0,,,0,,0,attack,s02
10,58,0,0,0,0,0,0,0,0,0,0,0,0,,,,,0,0,,,0,,0,attack,s02
10,59,0,0,0,0,0,0,0,0,0,0,0,0,,,,,0,0,,,0,,0,attack,s02
10,60,0,0,0,0,0,0,0,0,0,0,0,0,256.0,19.0,7.0,,0,0,,,0,,0,attack,s02
10,61,0,0,0,0,0,0,0,0,0,0,0,0,,,,,0,1,99.0,1.6499730504401762,1,115.0,0,attack,s02
10,62,0,0,0,0,0,0,0,0,0,0,0,0,,,,,0,0,,,0,,0,attack,s02
10,63,0,0,0,0,0,0,0,0,0,0,0,0,,,,,0,0,,,0,,0,attack,s02
10,64,0,0,0,0,0,0,0,0,0,0,0,0,,,,,0,0,,,0,,0,attack,s02
10,65,1,0,0,0,0,0,0,0,0,0,0,0,,,,,0,0,,,0,,0,attack,s02
10,66,0,0,0,0,0,0,0,0,0,0,0,0,256.0,19.0,7.0,,0,0,,,0,,0,attack,s02
10,67,0,0,0,0,0,0,0,0,0,0,0,0,,,,,0,1,100.0,1.6666388893518442,1,107.0,0,attack,s02
10,68,0,0,0,0,0,0,0,0,0,0,0,0,,,,,0,0,,,0,,0,attack,s02
10,69,0,0,0,0,0,0,0,0,0,0,0,0,,,,,0,0,,,0,,0,attack,s02
10,70,0,0,0,0,0,0,0,0,0,0,0,0,,,,,0,0,,,0,,0,attack,s02
10,71,0,0,0,0,0,0,0,0,0,0,0,0,,,,,0,0,,,0,,0,attack,s02
10,72,1,0,0,0,0,0,0,0,0,0,0,0,256.0,19.0,7.0,,0,0,,,0,,0,attack,s02
10,73,0,0,0,0,0,0,0,0,0,0,0,0,,,,,0,1,100.0,1.6666388893518442,1,108.0,0,attack,s02
10,74,0,0,0,0,0,0,0,0,0,0,0,0,,,,,0,0,,,0,,0,attack,s02
10,75,0,0,0,0,0,0,0,0,0,0,0,0,,,,,0,0,,,0,,0,attack,s02
10,76,0,0,0,0,0,0,0,0,0,0,0,0,,,,,0,0,,,0,,0,attack,s02
10,77,0,0,0,0,0,0,0,0,0,0,0,0,,,,,0,0,,,0,,0,attack,s02
10,78,0,0,0,0,0,0,0,0,0,0,0,0,256.0,19.0,7.0,,0,0,,,0,,0,attack,s02
10,79,0,0,0,0,0,0,0,0,0,0,0,0,,,,,0,1,100.0,1.6666388893518442,1,104.0,0,attack,s02
10,80,1,0,0,0,0,0,0,0,0,0,0,0,,,,,0,0,,,0,,0,attack,s02
10,81,0,0,0,0,0,0,0,0,0,0,0,0,,,,,0,0,,,0,,0,attack,s02
10,82,0,1,0,0,0,0,0,0,0,0,1,0,,,,,0,0,,,0,,0,attack,s02
10,83,0,0,0,0,0,0,0,0,0,0,0,0,,,,,0,0,,,0,,0,attack,s02
10,84,0,0,0,0,0,0,0,0,0,0,0,0,256.0,19.0,7.0,,0,0,,,0,,0,attack,s02
10,85,0,0,0,0,0,0,0,0,0,0,0,0,,,,,0,1,100.0,1.6666388893518442,1,121.0,0,attack,s02
10,86,0,0,0,0,0,0,0,0,0,0,0,0,,,,,0,0,,,0,,0,attack,s02
10,87,0,0,0,0,0,0,0,0,0,0,0,0,,,,,0,0,,,0,,0,attack,s02
10,88,0,0,0,0,0,0,0,0,0,0,0,0,,,,,0,0,,,0,,0,attack,s02
10,89,0,0,0,0,0,0,0,0,0,0,0,0,,,,,0,0,,,0,,0,attack,s02
10,90,1,0,0,0,0,0,0,0,0,0,0,0,256.0,19.0,7.0,,0,0,,,0,,0,attack,s02
10,91,0,0,0,0,0,0,0,0,0,0,0,0,,,,,0,1,100.0,1.6666388893518442,1,124.0,0,attack,s02
10,92,0,0,0,0,0,0,0,0,0,0,0,0,,,,,0,0,,,0,,0,attack,s02
10,93,0,0,0,0,0,0,0,0,0,0,0,0,,,,,0,0,,,0,,0,attack,s02
10,94,0,1,0,0,0,0,0,0,0,0,1,0,,,,,0,0,,,0,,0,attack,s02
10,95,0,1,0,0,0,0,0,0,0,0,1,0,,,,,0,0,,,0,,0,attack,s02
10,96,0,0,0,0,0,0,0,0,0,0,0,0,256.0,19.0,7.0,,0,0,,,0,,0,attack,s02
10,97,0,0,0,0,0,0,0,0,0,0,0,0,,,,,0,1,100.0,1.6665827819999728,1,118.0,0,attack,s02
10,98,0,2,0,0,0,0,0,0,0,0,1,0,,,,,0,0,,,0,,0,attack,s02
10,99,1,0,0,0,0,0,0,0,0,0,0,0,,,,,0,0,,,0,,0,attack,s02
10,100,0,1,0,0,0,0,0,0,0,0,1,0,,,,,0,0,,,0,,0,attack,s02
10,101,1,1,0,0,0,0,0,0,0,0,1,0,,,,,0,0,,,0,,0,attack,s02
10,102,0,0,0,0,0,0,0,0,0,0,0,0,256.0,19.0,7.0,,0,0,,,0,,0,attack,s02
10,103,0,0,0,0,0,0,0,0,0,0,0,0,,,,,0,1,101.0,1.6833058393379576,1,111.0,0,attack,s02
10,104,0,0,0,0,0,0,0,0,0,0,0,0,,,,,0,0,,,0,,0,attack,s02
10,105,0,0,0,0,0,0,0,0,0,0,0,0,,,,,0,0,,,0,,0,attack,s02
10,106,0,1,0,0,0,0,0,0,0,0,1,0,,,,,0,0,,,0,,0,attack,s02
10,107,1,1,0,0,0,0,0,0,0,0,1,0,,,,,0,0,,,0,,0,attack,s02
10,108,0,0,0,0,0,0,0,0,0,0,0,0,256.0,20.0,7.0,,0,0,,,0,,0,attack,s02
10,109,0,0,0,0,0,0,0,0,0,0,0,0,,,,,0,1,100.0,1.6666388893518442,1,126.0,0,attack,s02
10,110,0,0,0,0,0,0,0,0,0,0,0,0,,,,,0,0,,,0,,0,attack,s02
10,111,0,0,0,0,0,0,0,0,0,0,0,0,,,,,0,0,,,0,,0,attack,s02
10,112,0,0,0,0,0,0,0,0,0,0,0,0,,,,,0,0,,,0,,0,attack,s02
10,113,0,0,0,0,0,0,0,0,0,0,0,0,,,,,0,0,,,0,,0,attack,s02
10,114,0,0,0,0,0,0,0,0,0,0,0,0,256.0,20.0,7.0,,0,0,,,0,,0,attack,s02
10,115,0,0,0,0,0,0,0,0,0,0,0,0,,,,,0,1,100.0,1.6666388893518442,1,122.0,0,attack,s02
10,116,0,0,0,0,0,0,0,0,0,0,0,0,,,,,0,0,,,0,,0,attack,s02
10,117,1,0,0,0,0,0,0,0,0,0,0,0,,,,,0,0,,,0,,0,attack,s02
10,118,0,0,0,0,0,0,0,0,0,0,0,0,,,,,0,0,,,0,,0,attack,s02
10,119,0,0,0,0,0,0,0,0,0,0,0,0,,,,,0,0,,,0,,0,attack,s02
10,120,0,0,0,0,0,0,0,0,0,0,0,0,256.0,20.0,7.0,,0,0,,,0,,0,attack,s02
10,121,0,0,0,0,0,0,0,0,0,0,0,0,,,,,0,1,99.0,1.6499725004583257,1,105.0,0,attack,s02
10,122,0,0,0,0,0,0,0,0,0,0,0,0,,,,,0,0,,,0,,0,attack,s02
10,123,0,0,0,0,0,0,0,0,0,0,0,0,,,,,0,0,,,0,,0,attack,s02
10,124,0,0,0,0,0,0,0,0,0,0,0,0,,,,,0,0,,,0,,0,attack,s02
10,125,0,0,0,0,0,0,0,0,0,0,0,0,,,,,0,0,,,0,,0,attack,s02
10,126,1,0,0,0,0,0,0,0,0,0,0,0,256.0,20.0,7.0,,0,0,,,0,,0,attack,s02
10,127,0,0,0,0,0,0,0,0,0,0,0,0,,,,,0,1,100.0,1.6666388893518442,1,103.0,0,attack,s02
10,128,0,0,0,0,0,0,0,0,0,0,0,0,,,,,0,0,,,0,,0,attack,s02
10,129,0,0,0,0,0,0,0,0,0,0,0,0,,,,,0,0,,,0,,0,attack,s02
10,130,0,0,0,0,0,0,0,0,0,0,0,0,,,,,0,0,,,0,,0,attack,s02
10,131,0,0,0,0,0,0,0,0,0,0,0,0,,,,,0,0,,,0,,0,attack,s02
10,132,0,0,0,0,0,0,0,0,0,0,0,0,256.0,20.0,7.0,,0,0,,,0,,0,attack,s02
10,133,0,0,0,0,0,0,0,0,0,0,0,0,,,,,0,1,100.0,1.6666388893518442,1,122.0,0,attack,s02
10,134,0,0,0,0,0,0,0,0,0,0,0,0,,,,,0,0,,,0,,0,attack,s02
10,135,0,0,0,0,0,0,0,0,0,0,0,0,,,,,0,0,,,0,,0,attack,s02
10,136,1,0,0,0,0,0,0,0,0,0,0,0,,,,,0,0,,,0,,0,attack,s02
10,137,0,0,0,0,0,0,0,0,0,0,0,0,,,,,0,0,,,0,,0,attack,s02
10,138,0,0,0,0,0,0,0,0,0,0,0,0,256.0,20.0,7.0,,0,0,,,0,,0,attack,s02
10,139,0,0,0,0,0,0,0,0,0,0,0,0,,,,,0,1,100.0,1.6666388893518442,1,122.0,0,attack,s02
10,140,0,0,0,0,0,0,0,0,0,0,0,0,,,,,0,0,,,0,,0,attack,s02
10,141,0,0,0,0,0,0,0,0,0,0,0,0,,,,,0,0,,,0,,0,attack,s02
10,142,0,0,0,0,0,0,0,0,0,0,0,0,,,,,0,0,,,0,,0,attack,s02
10,143,1,0,0,0,0,0,0,0,0,0,0,0,,,,,0,0,,,0,,0,attack,s02
10,144,0,0,0,0,0,0,0,0,0,0,0,0,256.0,20.0,7.0,,0,0,,,0,,0,attack,s02
10,145,0,0,0,0,0,0,0,0,0,0,0,0,,,,,0,1,100.0,1.6666388893518442,1,98.0,0,attack,s02
10,146,0,0,0,0,0,0,0,0,0,0,0,0,,,,,0,0,,,0,,0,attack,s02
10,147,1,0,0,0,0,0,0,0,0,0,0,0,,,,,0,0,,,0,,0,attack,s02
10,148,0,0,0,0,0,0,0,0,0,0,0,0,,,,,0,0,,,0,,0,attack,s02
10,149,0,0,0,0,0,0,0,0,0,0,0,0,,,,,0,0,,,0,,0,attack,s02
10,150,0,0,0,0,0,0,0,0,0,0,0,0,256.0,20.0,7.0,,0,0,,,0,,0,attack,s02
10,151,0,0,0,0,0,0,0,0,0,0,0,0,,,,,0,1,100.0,1.6666388893518442,1,116.0,0,attack,s02
10,152,0,0,0,0,0,0,0,0,0,0,0,0,,,,,0,0,,,0,,0,attack,s02
10,153,0,0,0,0,0,0,0,0,0,0,0,0,,,,,0,0,,,0,,0,attack,s02
10,154,0,0,0,0,0,0,0,0,0,0,0,0,,,,,0,0,,,0,,0,attack,s02
10,155,0,0,0,0,0,0,0,0,0,0,0,0,,,,,0,0,,,0,,0,attack,s02
10,156,0,0,0,0,0,0,0,0,0,0,0,0,256.0,20.0,7.0,,0,0,,,0,,0,attack,s02
10,157,0,0,0,0,0,0,0,0,0,0,0,0,,,,,0,1,100.0,1.6666388893518442,1,116.0,0,attack,s02
10,158,1,0,0,0,0,0,0,0,0,0,0,0,,,,,0,0,,,0,,0,attack,s02
10,159,0,0,0,0,0,0,0,0,0,0,0,0,,,,,0,0,,,0,,0,attack,s02
10,160,0,0,0,0,0,0,0,0,0,0,0,0,,,,,0,0,,,0,,0,attack,s02
10,161,0,1,0,0,0,0,0,0,0,0,1,0,,,,,0,0,,,0,,0,attack,s02
10,162,0,0,0,0,0,0,0,0,0,0,0,0,256.0,20.0,7.0,,0,0,,,0,,0,attack,s02
10,163,0,0,0,0,0,0,0,0,0,0,0,0,,,,,0,1,100.0,1.6666388893518442,1,129.0,0,attack,s02
10,164,0,0,0,0,0,0,0,0,0,0,0,0,,,,,0,0,,,0,,0,attack,s02
10,165,0,0,0,0,0,0,0,0,0,0,0,0,,,,,0,0,,,0,,0,attack,s02
10,166,1,1,0,0,0,0,0,0,0,0,1,0,,,,,0,0,,,0,,0,attack,s02
10,167,0,0,0,0,0,0,0,0,0,0,0,0,,,,,0,0,,,0,,0,attack,s02
10,168,0,2,0,0,0,0,0,0,0,0,1,0,256.0,20.0,7.0,,0,0,,,0,,0,attack,s02
10,169,0,0,0,0,0,0,0,0,0,0,0,0,,,,,0,1,100.0,1.6666388893518442,1,113.0,0,attack,s02
10,170,0,0,1,1,0,0,0,0,0,0,0,0,,,,,0,0,,,0,,0,attack,s02
10,171,0,0,0,0,0,0,0,0,0,0,0,0,,,,,0,0,,,0,,0,attack,s02
10,172,0,0,0,0,0,0,0,0,0,0,0,0,,,,,0,0,,,0,,0,attack,s02
10,173,1,0,0,0,0,0,0,0,0,0,0,0,,,,,0,0,,,0,,0,attack,s02
10,174,0,0,0,0,0,0,0,0,0,0,0,0,281.0,20.0,7.0,,0,0,,,0,,0,attack,s02
10,175,0,0,0,0,0,0,0,0,0,0,0,0,,,,,0,1,103.0,1.7166380560323995,1,129.0,0,attack,s02
10,176,0,1,0,0,0,0,0,0,0,0,1,0,,,,,0,0,,,0,,0,attack,s02
10,177,0,0,0,0,0,0,0,0,0,0,0,0,,,,,0,0,,,0,,0,attack,s02
10,178,0,0,0,0,0,0,0,0,0,0,0,0,,,,,0,0,,,0,,0,attack,s02
10,179,0,1,0,0,0,0,0,0,0,0,1,0,,,,,0,0,,,0,,0,attack,s02
10,180,1,0,0,0,0,0,0,0,0,0,0,0,278.0,20.0,7.0,,0,0,,,0,,0,attack,s02
10,181,0,0,0,0,0,0,0,0,0,0,0,0,,,,,0,0,,,0,,0,attack,s02
11,0,0,0,0,0,0,0,0,0,0,0,0,0,,,,,0,0,,,0,,0,attack,s02
11,1,0,0,0,0,0,0,0,0,0,0,0,0,,,,,0,0,,,0,,0,attack,s02
11,2,0,0,0,0,0,0,0,0,0,0,0,0,,,,,0,0,,,0,,0,attack,s02
11,3,0,0,0,0,0,0,0,0,0,0,0,0,,,,,0,0,,,0,,0,attack,s02
11,4,0,0,0,0,1,0,0,0,0,1,0,0,,,,,0,0,,,0,,0,attack,s02
11,5,0,0,0,0,0,0,0,0,0,0,0,0,,,,,0,0,,,0,,0,attack,s02
11,6,0,0,0,0,0,0,0,0,0,0,0,0,,,,,0,0,,,0,,0,attack,s02
11,7,0,0,0,0,1,0,0,0,0,1,0,0,,,,,0,0,,,0,,0,attack,s02
11,8,0,0,0,0,0,0,0,0,0,0,0,0,,,,,0,0,,,0,,0,attack,s02
11,9,3,4,0,0,1,0,0,0,0,0,1,0,,,,,0,0,,,0,,0,attack,s02
11,10,2,3,1,1,0,0,0,1,0,0,1,0,736.0,0.0,2.0,,0,0,,,0,,0,attack,s02
11,11,1,2,0,0,0,0,0,0,0,0,1,0,,,,,0,0,,,0,,0,attack,s02
11,12,1,3,0,0,0,0,0,0,0,0,1,0,719.0,14.0,4.0,,0,0,,,0,,0,attack,s02
11,13,0,1,0,0,0,0,0,0,0,0,1,0,,,,,0,0,,,0,,0,attack,s02
11,14,0,1,0,0,0,0,0,0,0,0,1,0,,,,,0,1,0.0,,1,97.0,0,attack,s02
11,15,1,0,0,0,0,0,0,0,0,0,0,0,,,,,0,0,,,0,,0,attack,s02
11,16,1,2,0,0,0,0,0,0,0,0,1,0,,,,,0,0,,,0,,0,attack,s02
11,17,0,0,0,0,0,0,0,0,0,0,0,0,,,,,0,0,,,0,,0,attack,s02
11,18,0,0,0,0,0,0,0,0,0,0,0,0,750.0,16.0,5.0,,0,0,,,0,,0,attack,s02
11,19,0,1,0,0,0,0,0,0,0,0,1,0,,,,,0,0,,,0,,0,attack,s02
11,20,1,2,0,0,0,0,0,0,0,0,1,0,,,,,0,1,99.0,1.6499725004583257,1,101.0,0,attack,s02
11,21,0,1,0,0,0,0,0,0,0,0,1,0,,,,,0,0,,,0,,0,attack,s02
11,22,0,0,0,0,0,0,0,0,0,0,0,0,,,,,0,0,,,0,,0,attack,s02
11,23,0,0,0,0,0,0,0,0,0,0,0,0,,,,,0,0,,,0,,0,attack,s02
11,24,1,0,0,0,0,0,0,0,0,0,0,0,619.0,17.0,5.0,,0,0,,,0,,0,attack,s02
11,25,0,0,0,0,0,0,0,0,0,0,0,0,,,,,0,0,,,0,,0,attack,s02
11,26,0,0,0,0,0,0,0,0,0,0,0,0,,,,,0,1,99.0,1.6499725004583257,1,91.0,0,attack,s02
11,27,0,0,0,0,0,0,0,0,0,0,0,0,,,,,0,0,,,0,,0,attack,s02
11,28,0,0,0,0,0,0,0,0,0,0,0,0,,,,,0,0,,,0,,0,attack,s02
11,29,0,0,0,0,0,0,0,0,0,0,0,0,,,,,0,0,,,0,,0,attack,s02
11,30,0,0,0,0,0,0,0,0,0,0,0,0,615.0,17.0,5.0,,0,0,,,0,,0,attack,s02
11,31,0,1,0,0,0,0,0,0,0,0,1,0,,,,,0,0,,,0,,0,attack,s02
11,32,1,2,0,0,0,0,0,0,0,0,1,0,,,,,0,1,98.0,1.6333061115648073,1,94.0,0,attack,s02
11,33,0,2,0,0,0,0,0,0,0,0,1,0,,,,,0,0,,,0,,0,attack,s02
11,34,1,1,0,0,0,0,0,0,0,0,1,0,,,,,0,0,,,0,,0,attack,s02
11,35,0,0,0,0,0,0,0,0,0,0,0,0,,,,,0,0,,,0,,0,attack,s02
11,36,0,0,0,0,0,0,0,0,0,0,0,0,565.0,17.0,5.0,,0,0,,,0,,0,attack,s02
11,37,0,0,0,0,0,0,0,0,0,0,0,0,,,,,0,0,,,0,,0,attack,s02
11,38,0,0,0,0,0,0,0,0,0,0,0,0,,,,,0,1,99.0,1.6499725004583257,1,119.0,0,attack,s02
11,39,0,0,0,0,0,0,0,0,0,0,0,0,,,,,0,0,,,0,,0,attack,s02
11,40,0,1,0,0,0,0,0,0,0,0,1,0,,,,,0,0,,,0,,0,attack,s02
11,41,1,0,0,0,0,0,0,0,0,0,0,0,,,,,0,0,,,0,,0,attack,s02
11,42,0,0,0,0,0,0,0,0,0,0,0,0,561.0,18.0,5.0,,0,0,,,0,,0,attack,s02
11,43,0,0,0,0,0,0,0,0,0,0,0,0,,,,,0,0,,,0,,0,attack,s02
11,44,0,1,0,0,0,0,0,0,0,0,1,0,,,,,0,1,99.0,1.649916954179973,1,126.0,0,attack,s02
11,45,0,0,0,0,0,0,0,0,0,0,0,0,,,,,0,0,,,0,,0,attack,s02
11,46,1,0,0,0,0,0,0,0,0,0,0,0,,,,,0,0,,,0,,0,attack,s02
11,47,0,0,0,0,0,0,0,0,0,0,0,0,,,,,0,0,,,0,,0,attack,s02
11,48,0,0,0,0,0,0,0,0,0,0,0,0,558.0,18.0,5.0,,0,0,,,0,,0,attack,s02
11,49,1,0,0,0,0,0,0,0,0,0,0,0,,,,,0,0,,,0,,0,attack,s02
11,50,0,2,0,0,0,0,0,0,0,0,1,0,,,,,0,1,99.0,1.6499730504401762,1,102.0,0,attack,s02
11,51,0,0,0,0,0,0,0,0,0,0,0,0,,,,,0,0,,,0,,0,attack,s02
11,52,0,0,0,0,0,0,0,0,0,0,0,0,,,,,0,0,,,0,,0,attack,s02
11,53,0,1,0,0,0,0,0,0,0,0,1,0,,,,,0,0,,,0,,0,attack,s02
11,54,0,0,0,0,0,0,0,0,0,0,0,0,555.0,18.0,5.0,,0,0,,,0,,0,attack,s02
11,55,0,0,0,0,0,0,0,0,0,0,0,0,,,,,0,0,,,0,,0,attack,s02
11,56,0,1,0,0,0,0,0,0,0,0,1,0,,,,,0,1,99.0,1.6499725004583257,1,105.0,0,attack,s02
11,57,1,0,0,0,0,0,0,0,0,0,0,0,,,,,0,0,,,0,,0,attack,s02
11,58,0,1,0,0,0,0,0,0,0,0,1,0,,,,,0,0,,,0,,0,attack,s02
11,59,0,1,0,0,0,0,0,0,0,0,1,0,,,,,0,0,,,0,,0,attack,s02
11,60,0,1,0,0,0,0,0,0,0,0,1,0,530.0,18.0,5.0,,0,0,,,0,,0,attack,s02
11,61,0,1,0,0,0,0,0,0,0,0,1,0,,,,,0,0,,,0,,0,attack,s02
11,62,0,0,0,0,0,0,0,0,0,0,0,0,,,,,0,1,98.0,1.6333061115648073,1,123.0,0,attack,s02
11,63,0,0,0,0,0,0,0,0,0,0,0,0,,,,,0,0,,,0,,0,attack,s02
11,64,1,0,0,0,0,0,0,0,0,0,0,0,,,,,0,0,,,0,,0,attack,s02
11,65,0,1,0,0,0,0,0,0,0,0,1,0,,,,,0,0,,,0,,0,attack,s02
11,66,0,1,0,0,0,0,0,0,0,0,1,0,528.0,19.0,5.0,,0,0,,,0,,0,attack,s02
11,67,0,0,0,0,0,0,0,0,0,0,0,0,,,,,0,0,,,0,,0,attack,s02
11,68,0,0,0,0,0,0,0,0,0,0,0,0,,,,,0,1,99.0,1.6499725004583257,1,105.0,0,attack,s02
11,69,1,0,0,0,0,0,0,0,0,0,0,0,,,,,0,0,,,0,,0,attack,s02
11,70,0,0,0,0,0,0,0,0,0,0,0,0,,,,,0,0,,,0,,0,attack,s02
11,71,0,0,0,0,0,0,0,0,0,0,0,0,,,,,0,0,,,0,,0,attack,s02
11,72,0,0,0,0,0,0,0,0,0,0,0,0,526.0,19.0,5.0,,0,0,,,0,,0,attack,s02
11,73,0,0,0,0,0,0,0,0,0,0,0,0,,,,,0,0,,,0,,0,attack,s02
11,74,0,1,0,0,0,0,0,0,0,0,1,0,,,,,0,1,99.0,1.6499725004583257,1,104.0,0,attack,s02
11,75,0,1,0,0,0,0,0,0,0,0,1,0,,,,,0,0,,,0,,0,attack,s02
11,76,0,0,0,0,0,0,0,0,0,0,0,0,,,,,0,0,,,0,,0,attack,s02
11,77,0,0,0,0,0,0,0,0,0,0,0,0,,,,,0,0,,,0,,0,attack,s02
11,78,0,0,0,0,0,0,0,0,0,0,0,0,524.0,19.0,5.0,,0,0,,,0,,0,attack,s02
11,79,0,0,0,0,0,0,0,0,0,0,0,0,,,,,0,0,,,0,,0,attack,s02
11,80,1,0,0,0,0,0,0,0,0,0,0,0,,,,,0,1,99.0,1.6499725004583257,1,96.0,0,attack,s02
11,81,0,0,0,0,0,0,0,0,0,0,0,0,,,,,0,0,,,0,,0,attack,s02
11,82,0,0,0,0,0,0,0,0,0,0,0,0,,,,,0,0,,,0,,0,attack,s02
11,83,0,1,0,0,0,0,0,0,0,0,1,0,,,,,0,0,,,0,,0,attack,s02
11,84,0,0,0,0,0,0,0,0,0,0,0,0,522.0,19.0,5.0,,0,0,,,0,,0,attack,s02
11,85,0,0,0,0,0,0,0,0,0,0,0,0,,,,,0,0,,,0,,0,attack,s02
11,86,0,0,0,0,0,0,0,0,0,0,0,0,,,,,0,1,99.0,1.6499725004583257,1,95.0,0,attack,s02
11,87,0,0,0,0,0,0,0,0,0,0,0,0,,,,,0,0,,,0,,0,attack,s02
11,88,0,1,0,0,0,0,0,0,0,0,1,0,,,,,0,0,,,0,,0,attack,s02
11,89,1,0,0,0,0,0,0,0,0,0,0,0,,,,,0,0,,,0,,0,attack,s02
11,90,0,0,0,0,0,0,0,0,0,0,0,0,521.0,19.0,5.0,,0,0,,,0,,0,attack,s02
11,91,0,1,0,0,0,0,0,0,0,0,1,0,,,,,0,0,,,0,,0,attack,s02
11,92,0,0,0,0,0,0,0,0,0,0,0,0,,,,,0,1,98.0,1.6333061115648073,1,101.0,0,attack,s02
11,93,1,0,0,0,0,0,0,0,0,0,0,0,,,,,0,0,,,0,,0,attack,s02
11,94,0,0,0,0,0,0,0,0,0,0,0,0,,,,,0,0,,,0,,0,attack,s02
11,95,1,2,0,0,0,0,0,0,0,0,1,0,,,,,0,0,,,0,,0,attack,s02
11,96,0,0,0,0,0,0,0,0,0,0,0,0,520.0,19.0,5.0,,0,0,,,0,,0,attack,s02
11,97,0,0,0,0,0,0,0,0,0,0,0,0,,,,,0,0,,,0,,0,attack,s02
11,98,0,0,0,0,0,0,0,0,0,0,0,0,,,,,0,1,99.0,1.6499725004583257,1,122.0,0,attack,s02
11,99,0,1,0,0,0,0,0,0,0,0,1,0,,,,,0,0,,,0,,0,attack,s02
11,100,0,2,0,0,0,0,0,0,0,0,1,0,,,,,0,0,,,0,,0,attack,s02
11,101,0,0,0,0,0,0,0,0,0,0,0,0,,,,,0,0,,,0,,0,attack,s02
11,102,0,0,0,0,0,0,0,0,0,0,0,0,519.0,19.0,5.0,,0,0,,,0,,0,attack,s02
11,103,1,0,0,0,0,0,0,0,0,0,0,0,,,,,0,0,,,0,,0,attack,s02
11,104,0,0,0,0,0,0,0,0,0,0,0,0,,,,,0,1,99.0,1.6499725004583257,1,130.0,0,attack,s02
11,105,0,0,0,0,0,0,0,0,0,0,0,0,,,,,0,0,,,0,,0,attack,s02
11,106,0,0,0,0,0,0,0,0,0,0,0,0,,,,,0,0,,,0,,0,attack,s02
11,107,0,1,0,0,0,0,0,0,0,0,1,0,,,,,0,0,,,0,,0,attack,s02
11,108,0,0,0,0,0,0,0,0,0,0,0,0,518.0,19.0,5.0,,0,0,,,0,,0,attack,s02
11,109,0,0,0,0,0,0,0,0,0,0,0,0,,,,,0,0,,,0,,0,attack,s02
11,110,1,0,0,0,0,0,0,0,0,0,0,0,,,,,0,1,99.0,1.6499725004583257,1,97.0,0,attack,s02
11,111,0,0,0,0,0,0,0,0,0,0,0,0,,,,,0,0,,,0,,0,attack,s02
11,112,0,1,0,0,0,0,0,0,0,0,1,0,,,,,0,0,,,0,,0,attack,s02
11,113,0,1,0,0,0,0,0,0,0,0,1,0,,,,,0,0,,,0,,0,attack,s02
11,114,0,0,0,0,0,0,0,0,0,0,0,0,517.0,19.0,5.0,,0,0,,,0,,0,attack,s02
11,115,0,0,0,0,0,0,0,0,0,0,0,0,,,,,0,0,,,0,,0,attack,s02
11,116,0,0,0,0,0,0,0,0,0,0,0,0,,,,,0,0,,,0,,0,attack,s02
11,117,0,0,0,0,0,0,0,0,0,0,0,0,,,,,0,0,,,0,,0,attack,s02
11,118,1,0,0,0,0,0,0,0,0,0,0,0,,,,,0,0,,,0,,0,attack,s02
11,119,0,0,0,0,0,0,0,0,0,0,0,0,,,,,0,0,,,0,,0,attack,s02
11,120,0,0,0,0,0,0,0,0,0,0,0,0,517.0,20.0,5.0,,0,0,,,0,,0,attack,s02
11,121,0,0,0,0,0,0,0,0,0,0,0,0,,,,,0,0,,,0,,0,attack,s02
11,122,0,0,0,0,0,0,0,0,0,0,0,0,,,,,0,0,,,0,,0,attack,s02
11,123,0,0,0,0,0,0,0,0,0,0,0,0,,,,,0,0,,,0,,0,attack,s02
11,124,0,0,0,0,0,0,0,0,0,0,0,0,,,,,0,0,,,0,,0,attack,s02
11,125,1,0,0,0,0,0,0,0,0,0,0,0,,,,,0,0,,,0,,0,attack,s02
11,126,0,0,0,0,0,0,0,0,0,0,0,0,517.0,20.0,5.0,,0,0,,,0,,0,attack,s02
11,127,0,0,0,0,0,0,0,0,0,0,0,0,,,,,0,0,,,0,,0,attack,s02
11,128,0,0,0,0,0,0,0,0,0,0,0,0,,,,,0,0,,,0,,0,attack,s02
11,129,0,0,0,0,0,0,0,0,0,0,0,0,,,,,0,0,,,0,,0,attack,s02
11,130,0,0,0,0,0,0,0,0,0,0,0,0,,,,,0,0,,,0,,0,attack,s02
11,131,0,0,0,0,0,0,0,0,0,0,0,0,,,,,0,0,,,0,,0,attack,s02
11,132,0,0,0,0,0,0,0,0,0,0,0,0,517.0,20.0,5.0,,0,0,,,0,,0,attack,s02
11,133,0,0,0,0,0,0,0,0,0,0,0,0,,,,,0,0,,,0,,0,attack,s02
11,134,1,0,0,0,0,0,0,0,0,0,0,0,,,,,0,0,,,0,,0,attack,s02
11,135,0,0,0,0,0,0,0,0,0,0,0,0,,,,,0,0,,,0,,0,attack,s02
11,136,0,0,0,0,0,0,0,0,0,0,0,0,,,,,0,0,,,0,,0,attack,s02
11,137,0,0,0,0,0,0,0,0,0,0,0,0,,,,,0,0,,,0,,0,attack,s02
11,138,0,0,0,0,0,0,0,0,0,0,0,0,517.0,20.0,5.0,,0,0,,,0,,0,attack,s02
11,139,0,1,0,0,0,0,0,0,0,0,1,0,,,,,0,0,,,0,,0,attack,s02
11,140,0,0,0,0,0,0,0,0,0,0,0,0,,,,,0,0,,,0,,0,attack,s02
11,141,0,0,0,0,0,0,0,0,0,0,0,0,,,,,0,0,,,0,,0,attack,s02
11,142,1,0,0,0,0,0,0,0,0,0,0,0,,,,,0,0,,,0,,0,attack,s02
11,143,0,0,0,0,0,0,0,0,0,0,0,0,,,,,0,0,,,0,,0,attack,s02
11,144,0,0,0,0,0,0,0,0,0,0,0,0,517.0,20.0,5.0,,0,0,,,0,,0,attack,s02
11,145,0,0,0,0,0,0,0,0,0,0,0,0,,,,,0,0,,,0,,0,attack,s02
11,146,0,0,0,0,0,0,0,0,0,0,0,0,,,,,0,0,,,0,,0,attack,s02
11,147,0,0,0,0,0,0,0,0,0,0,0,0,,,,,0,0,,,0,,0,attack,s02
11,148,0,0,0,0,0,0,0,0,0,0,0,0,,,,,0,0,,,0,,0,attack,s02
11,149,0,0,0,0,0,0,0,0,0,0,0,0,,,,,0,0,,,0,,0,attack,s02
11,150,0,0,0,0,0,0,0,0,0,0,0,0,517.0,20.0,5.0,,0,0,,,0,,0,attack,s02
11,151,1,0,0,0,0,0,0,0,0,0,0,0,,,,,0,0,,,0,,0,attack,s02
11,152,0,0,0,0,0,0,0,0,0,0,0,0,,,,,0,0,,,0,,0,attack,s02
11,153,0,0,0,0,0,0,0,0,0,0,0,0,,,,,0,0,,,0,,0,attack,s02
11,154,0,0,0,0,0,0,0,0,0,0,0,0,,,,,0,0,,,0,,0,attack,s02
11,155,0,0,0,0,0,0,0,0,0,0,0,0,,,,,0,0,,,0,,0,attack,s02
11,156,0,0,0,0,0,0,0,0,0,0,0,0,517.0,20.0,5.0,,0,0,,,0,,0,attack,s02
11,157,1,0,0,0,0,0,0,0,0,0,0,0,,,,,0,0,,,0,,0,attack,s02
11,158,0,0,0,0,0,0,0,0,0,0,0,0,,,,,0,0,,,0,,0,attack,s02
11,159,0,0,0,0,0,0,0,0,0,0,0,0,,,,,0,0,,,0,,0,attack,s02
11,160,0,1,0,0,0,0,0,0,0,0,1,0,,,,,0,0,,,0,,0,attack,s02
11,161,0,0,0,0,0,0,0,0,0,0,0,0,,,,,0,0,,,0,,0,attack,s02
11,162,0,0,0,0,0,0,0,0,0,0,0,0,517.0,20.0,5.0,,0,0,,,0,,0,attack,s02
11,163,0,0,0,0,0,0,0,0,0,0,0,0,,,,,0,0,,,0,,0,attack,s02
11,164,0,0,0,0,0,0,0,0,0,0,0,0,,,,,0,0,,,0,,0,attack,s02
11,165,0,0,0,0,0,0,0,0,0,0,0,0,,,,,0,0,,,0,,0,attack,s02
11,166,0,0,0,0,0,0,0,0,0,0,0,0,,,,,0,0,,,0,,0,attack,s02
11,167,1,0,0,0,0,0,0,0,0,0,0,0,,,,,0,0,,,0,,0,attack,s02
11,168,0,0,0,0,0,0,0,0,0,0,0,0,517.0,20.0,5.0,,0,0,,,0,,0,attack,s02
11,169,0,1,0,0,0,0,0,0,0,0,1,0,,,,,0,0,,,0,,0,attack,s02
11,170,0,0,0,0,0,0,0,0,0,0,0,0,,,,,0,0,,,0,,0,attack,s02
11,171,0,0,0,0,0,0,0,0,0,0,0,0,,,,,0,0,,,0,,0,attack,s02
11,172,0,0,0,0,0,0,0,0,0,0,0,0,,,,,0,0,,,0,,0,attack,s02
11,173,0,0,0,0,0,0,0,0,0,0,0,0,,,,,0,0,,,0,,0,attack,s02
11,174,1,0,0,0,0,0,0,0,0,0,0,0,517.0,20.0,5.0,,0,0,,,0,,0,attack,s02
11,175,0,0,0,0,0,0,0,0,0,0,0,0,,,,,0,0,,,0,,0,attack,s02
11,176,0,0,0,0,0,0,0,0,0,0,0,0,,,,,0,0,,,0,,0,attack,s02
11,177,0,0,0,0,0,0,0,0,0,0,0,0,,,,,0,0,,,0,,0,attack,s02
11,178,0,0,0,0,0,0,0,0,0,0,0,0,,,,,0,0,,,0,,0,attack,s02
11,179,0,0,0,0,0,0,0,0,0,0,0,0,,,,,0,0,,,0,,0,attack,s02
11,180,0,0,0,0,0,0,0,0,0,0,0,0,516.0,20.0,5.0,,0,0,,,0,,0,attack,s02
11,181,0,0,0,0,0,0,0,0,0,0,0,0,,,,,0,0,,,0,,0,attack,s02
12,0,0,0,0,0,0,0,0,0,0,0,0,0,,,,,0,0,,,0,,0,attack,s02
12,1,0,0,0,0,0,0,0,0,0,0,0,0,,,,,0,0,,,0,,0,attack,s02
12,2,0,0,0,0,0,0,0,0,0,0,0,0,,,,,0,0,,,0,,0,attack,s02
12,3,0,0,0,0,0,0,0,0,0,0,0,0,,,,,0,0,,,0,,0,attack,s02
12,4,3,1,0,0,1,0,0,0,0,0,1,0,,,,,0,0,,,0,,0,attack,s02
12,5,1,1,1,1,0,0,0,1,0,0,1,0,806.0,0.0,1.0,,0,0,,,0,,0,attack,s02
12,6,2,2,0,0,0,0,0,0,0,0,1,0,797.0,12.0,1.0,,0,0,,,0,,0,attack,s02
12,7,0,1,0,0,0,0,0,0,0,0,1,0,,,,,0,1,0.0,,1,124.0,0,attack,s02
12,8,1,5,0,0,0,0,0,0,0,0,1,4,,,,,0,0,,,0,,0,attack,s02
12,9,0,1,0,0,0,0,0,0,0,0,1,0,,,,,0,0,,,0,,0,attack,s02
12,10,0,2,0,0,0,0,0,0,0,0,1,0,,,,,0,0,,,0,,0,attack,s02
12,11,1,2,0,0,0,0,0,0,0,0,1,0,,,,,0,0,,,0,,0,attack,s02
12,12,0,0,0,0,0,0,0,0,0,0,0,0,674.0,16.0,3.0,,0,0,,,0,,0,attack,s02
12,13,0,0,0,0,0,0,0,0,0,0,0,0,,,,,0,1,100.0,1.6666388893518442,1,109.0,0,attack,s02
12,14,0,0,0,0,0,0,0,0,0,0,0,0,,,,,0,0,,,0,,0,attack,s02
12,15,1,1,0,0,0,0,0,0,0,0,1,0,,,,,0,0,,,0,,0,attack,s02
12,16,0,0,0,0,0,0,0,0,0,0,0,0,,,,,0,0,,,0,,0,attack,s02
12,17,1,1,0,0,0,0,0,0,0,0,1,0,,,,,0,0,,,0,,0,attack,s02
12,18,0,0,0,0,0,0,0,0,0,0,0,0,601.0,16.0,3.0,,0,0,,,0,,0,attack,s02
12,19,0,1,0,0,0,0,0,0,0,0,1,0,,,,,0,1,99.0,1.6499725004583257,1,109.0,0,attack,s02
12,20,0,0,0,0,0,0,0,0,0,0,0,0,,,,,0,0,,,0,,0,attack,s02
12,21,0,0,0,0,0,0,0,0,0,0,0,0,,,,,0,0,,,0,,0,attack,s02
12,22,0,0,0,0,0,0,0,0,0,0,0,0,,,,,0,0,,,0,,0,attack,s02
12,23,1,0,0,0,0,0,0,0,0,0,0,0,,,,,0,0,,,0,,0,attack,s02
12,24,0,0,0,0,0,0,0,0,0,0,0,0,593.0,17.0,3.0,,0,0,,,0,,0,attack,s02
12,25,0,0,0,0,0,0,0,0,0,0,0,0,,,,,0,1,99.0,1.6499725004583257,1,128.0,0,attack,s02
12,26,0,1,0,0,0,0,0,0,0,0,1,0,,,,,0,0,,,0,,0,attack,s02
12,27,0,1,0,0,0,0,0,0,0,0,1,0,,,,,0,0,,,0,,0,attack,s02
12,28,2,0,0,0,0,0,0,0,0,0,0,0,,,,,0,0,,,0,,0,attack,s02
12,29,0,0,0,0,0,0,0,0,0,0,0,0,,,,,0,0,,,0,,0,attack,s02
12,30,0,0,0,0,0,0,0,0,0,0,0,0,552.0,17.0,3.0,,0,0,,,0,,0,attack,s02
12,31,0,0,0,0,0,0,0,0,0,0,0,0,,,,,0,1,98.0,1.6333061115648073,1,93.0,0,attack,s02
12,32,0,0,0,0,0,0,0,0,0,0,0,0,,,,,0,0,,,0,,0,attack,s02
12,33,0,1,0,0,0,0,0,0,0,0,1,0,,,,,0,0,,,0,,0,attack,s02
12,34,0,1,0,0,0,0,0,0,0,0,1,0,,,,,0,0,,,0,,0,attack,s02
12,35,0,0,0,0,0,0,0,0,0,0,0,0,,,,,0,0,,,0,,0,attack,s02
12,36,0,0,0,0,0,0,0,0,0,0,0,0,546.0,18.0,3.0,,0,0,,,0,,0,attack,s02
12,37,1,0,0,0,0,0,0,0,0,0,0,0,,,,,0,1,99.0,1.6499725004583257,1,93.0,0,attack,s02
12,38,0,0,0,0,0,0,0,0,0,0,0,0,,,,,0,0,,,0,,0,attack,s02
12,39,0,0,0,0,0,0,0,0,0,0,0,0,,,,,0,0,,,0,,0,attack,s02
12,40,0,0,0,0,0,0,0,0,0,0,0,0,,,,,0,0,,,0,,0,attack,s02
12,41,0,0,0,0,0,0,0,0,0,0,0,0,,,,,0,0,,,0,,0,attack,s02
12,42,0,0,0,0,0,0,0,0,0,0,0,0,542.0,18.0,3.0,,0,0,,,0,,0,attack,s02
12,43,1,0,0,0,0,0,0,0,0,0,0,0,,,,,0,1,99.0,1.6499725004583257,1,116.0,0,attack,s02
12,44,0,0,0,0,0,0,0,0,0,0,0,0,,,,,0,0,,,0,,0,attack,s02
12,45,0,0,0,0,0,0,0,0,0,0,0,0,,,,,0,0,,,0,,0,attack,s02
12,46,0,1,0,0,0,0,0,0,0,0,1,0,,,,,0,0,,,0,,0,attack,s02
12,47,0,0,0,0,0,0,0,0,0,0,0,0,,,,,0,0,,,0,,0,attack,s02
12,48,1,0,0,0,0,0,0,0,0,0,0,0,523.0,18.0,3.0,,0,0,,,0,,0,attack,s02
12,49,0,0,0,0,0,0,0,0,0,0,0,0,,,,,0,1,99.0,1.6499725004583257,1,90.0,0,attack,s02
12,50,0,0,0,0,0,0,0,0,0,0,0,0,,,,,0,0,,,0,,0,attack,s02
12,51,0,0,0,0,0,0,0,0,0,0,0,0,,,,,0,0,,,0,,0,attack,s02
12,52,1,0,0,0,0,0,0,0,0,0,0,0,,,,,0,0,,,0,,0,attack,s02
12,53,0,1,0,0,0,0,0,0,0,0,1,0,,,,,0,0,,,0,,0,attack,s02
12,54,0,0,0,0,0,0,0,0,0,0,0,0,520.0,18.0,3.0,,0,0,,,0,,0,attack,s02
12,55,0,0,0,0,0,0,0,0,0,0,0,0,,,,,0,1,99.0,1.6499725004583257,1,93.0,0,attack,s02
12,56,0,0,0,0,0,0,0,0,0,0,0,0,,,,,0,0,,,0,,0,attack,s02
12,57,0,0,0,0,0,0,0,0,0,0,0,0,,,,,0,0,,,0,,0,attack,s02
12,58,1,0,0,0,0,0,0,0,0,0,0,0,,,,,0,0,,,0,,0,attack,s02
12,59,0,0,0,0,0,0,0,0,0,0,0,0,,,,,0,0,,,0,,0,attack,s02
12,60,0,0,0,0,0,0,0,0,0,0,0,0,518.0,19.0,3.0,,0,0,,,0,,0,attack,s02
12,61,0,0,0,0,0,0,0,0,0,0,0,0,,,,,0,1,98.0,1.6333061115648073,1,102.0,0,attack,s02
12,62,0,0,0,0,0,0,0,0,0,0,0,0,,,,,0,0,,,0,,0,attack,s02
12,63,0,0,0,0,0,0,0,0,0,0,0,0,,,,,0,0,,,0,,0,attack,s02
12,64,0,0,0,0,0,0,0,0,0,0,0,0,,,,,0,0,,,0,,0,attack,s02
12,65,0,0,0,0,0,0,0,0,0,0,0,0,,,,,0,0,,,0,,0,attack,s02
12,66,0,0,0,0,0,0,0,0,0,0,0,0,516.0,19.0,3.0,,0,0,,,0,,0,attack,s02
12,67,0,0,0,0,0,0,0,0,0,0,0,0,,,,,0,1,99.0,1.6499725004583257,1,130.0,0,attack,s02
12,68,0,1,0,0,0,0,0,0,0,0,1,0,,,,,0,0,,,0,,0,attack,s02
12,69,0,0,0,0,0,0,0,0,0,0,0,0,,,,,0,0,,,0,,0,attack,s02
12,70,0,0,0,0,0,0,0,0,0,0,0,0,,,,,0,0,,,0,,0,attack,s02
12,71,0,0,0,0,0,0,0,0,0,0,0,0,,,,,0,0,,,0,,0,attack,s02
12,72,0,0,0,0,0,0,0,0,0,0,0,0,514.0,19.0,3.0,,0,0,,,0,,0,attack,s02
12,73,0,0,0,0,0,0,0,0,0,0,0,0,,,,,0,1,99.0,1.6499725004583257,1,106.0,0,attack,s02
12,74,0,0,0,0,0,0,0,0,0,0,0,0,,,,,0,0,,,0,,0,attack,s02
12,75,0,0,0,0,0,0,0,0,0,0,0,0,,,,,0,0,,,0,,0,attack,s02
12,76,0,0,0,0,0,0,0,0,0,0,0,0,,,,,0,0,,,0,,0,attack,s02
12,77,0,1,0,0,0,0,0,0,0,0,1,0,,,,,0,0,,,0,,0,attack,s02
12,78,0,0,0,0,0,0,0,0,0,0,0,0,512.0,19.0,3.0,,0,0,,,0,,0,attack,s02
12,79,0,0,0,0,0,0,0,0,0,0,0,0,,,,,0,1,99.0,1.6499725004583257,1,124.0,0,attack,s02
12,80,0,0,0,0,0,0,0,0,0,0,0,0,,,,,0,0,,,0,,0,attack,s02
12,81,0,0,0,0,0,0,0,0,0,0,0,0,,,,,0,0,,,0,,0,attack,s02
12,82,0,1,0,0,0,0,0,0,0,0,1,0,,,,,0,0,,,0,,0,attack,s02
12,83,0,0,0,0,0,0,0,0,0,0,0,0,,,,,0,0,,,0,,0,attack,s02
12,84,0,0,0,0,0,0,0,0,0,0,0,0,512.0,19.0,3.0,,0,0,,,0,,0,attack,s02
12,85,0,0,0,0,0,0,0,0,0,0,0,0,,,,,0,1,99.0,1.6499725004583257,1,108.0,0,attack,s02
12,86,0,0,0,0,0,0,0,0,0,0,0,0,,,,,0,0,,,0,,0,attack,s02
12,87,0,0,0,0,0,0,0,0,0,0,0,0,,,,,0,0,,,0,,0,attack,s02
12,88,0,0,0,0,0,0,0,0,0,0,0,0,,,,,0,0,,,0,,0,attack,s02
12,89,0,0,0,0,0,0,0,0,0,0,0,0,,,,,0,0,,,0,,0,attack,s02
12,90,0,0,0,0,0,0,0,0,0,0,0,0,512.0,19.0,3.0,,0,0,,,0,,0,attack,s02
12,91,0,1,0,0,0,0,0,0,0,0,1,0,,,,,0,1,98.0,1.6333061115648073,1,97.0,0,attack,s02
12,92,0,0,0,0,0,0,0,0,0,0,0,0,,,,,0,0,,,0,,0,attack,s02
12,93,0,0,0,0,0,0,0,0,0,0,0,0,,,,,0,0,,,0,,0,attack,s02
12,94,1,1,0,0,0,0,0,0,0,0,1,0,,,,,0,0,,,0,,0,attack,s02
12,95,0,1,0,0,0,0,0,0,0,0,1,0,,,,,0,0,,,0,,0,attack,s02
12,96,0,0,0,0,0,0,0,0,0,0,0,0,512.0,19.0,3.0,,0,0,,,0,,0,attack,s02
12,97,0,0,0,0,0,0,0,0,0,0,0,0,,,,,0,1,99.0,1.6499725004583257,1,109.0,0,attack,s02
12,98,1,0,0,0,0,0,0,0,0,0,0,0,,,,,0,0,,,0,,0,attack,s02
12,99,0,0,0,0,0,0,0,0,0,0,0,0,,,,,0,0,,,0,,0,attack,s02
12,100,0,0,0,0,0,0,0,0,0,0,0,0,,,,,0,0,,,0,,0,attack,s02
12,101,0,1,0,0,0,0,0,0,0,0,1,0,,,,,0,0,,,0,,0,attack,s02
12,102,0,0,0,0,0,0,0,0,0,0,0,0,512.0,19.0,3.0,,0,0,,,0,,0,attack,s02
12,103,1,0,0,0,0,0,0,0,0,0,0,0,,,,,0,1,99.0,1.6499725004583257,1,113.0,0,attack,s02
12,104,0,0,0,0,0,0,0,0,0,0,0,0,,,,,0,0,,,0,,0,attack,s02
12,105,0,0,0,0,0,0,0,0,0,0,0,0,,,,,0,0,,,0,,0,attack,s02
12,106,0,1,0,0,0,0,0,0,0,0,1,0,,,,,0,0,,,0,,0,attack,s02
12,107,0,0,0,0,0,0,0,0,0,0,0,0,,,,,0,0,,,0,,0,attack,s02
12,108,0,0,0,0,0,0,0,0,0,0,0,0,512.0,19.0,3.0,,0,0,,,0,,0,attack,s02
12,109,0,0,0,0,0,0,0,0,0,0,0,0,,,,,0,1,99.0,1.6499725004583257,1,124.0,0,attack,s02
12,110,0,0,0,0,0,0,0,0,0,0,0,0,,,,,0,0,,,0,,0,attack,s02
12,111,1,0,0,0,0,0,0,0,0,0,0,0,,,,,0,0,,,0,,0,attack,s02
12,112,0,0,0,0,0,0,0,0,0,0,0,0,,,,,0,0,,,0,,0,attack,s02
12,113,0,0,0,0,0,0,0,0,0,0,0,0,,,,,0,0,,,0,,0,attack,s02
12,114,0,0,0,0,0,0,0,0,0,0,0,0,512.0,20.0,3.0,,0,0,,,0,,0,attack,s02
12,115,0,0,0,0,0,0,0,0,0,0,0,0,,,,,0,1,99.0,1.6499725004583257,1,117.0,0,attack,s02
12,116,1,0,0,0,0,0,0,0,0,0,0,0,,,,,0,0,,,0,,0,attack,s02
12,117,0,0,0,0,0,0,0,0,0,0,0,0,,,,,0,0,,,0,,0,attack,s02
12,118,0,0,0,0,0,0,0,0,0,0,0,0,,,,,0,0,,,0,,0,attack,s02
12,119,0,0,0,0,0,0,0,0,0,0,0,0,,,,,0,0,,,0,,0,attack,s02
12,120,0,0,0,0,0,0,0,0,0,0,0,0,512.0,20.0,3.0,,0,0,,,0,,0,attack,s02
12,121,0,0,0,0,0,0,0,0,0,0,0,0,,,,,0,1,98.0,1.6333061115648073,1,120.0,0,attack,s02
12,122,0,0,0,0,0,0,0,0,0,0,0,0,,,,,0,0,,,0,,0,attack,s02
12,123,0,0,0,0,0,0,0,0,0,0,0,0,,,,,0,0,,,0,,0,attack,s02
12,124,0,0,0,0,0,0,0,0,0,0,0,0,,,,,0,0,,,0,,0,attack,s02
12,125,0,0,0,0,0,0,0,0,0,0,0,0,,,,,0,0,,,0,,0,attack,s02
12,126,0,0,0,0,0,0,0,0,0,0,0,0,512.0,20.0,3.0,,0,0,,,0,,0,attack,s02
12,127,0,0,0,0,0,0,0,0,0,0,0,0,,,,,0,1,99.0,1.6499725004583257,1,116.0,0,attack,s02
12,128,0,0,0,0,0,0,0,0,0,0,0,0,,,,,0,0,,,0,,0,attack,s02
12,129,0,0,0,0,0,0,0,0,0,0,0,0,,,,,0,0,,,0,,0,attack,s02
12,130,0,0,0,0,0,0,0,0,0,0,0,0,,,,,0,0,,,0,,0,attack,s02
12,131,0,0,0,0,0,0,0,0,0,0,0,0,,,,,0,0,,,0,,0,attack,s02
12,132,0,0,0,0,0,0,0,0,0,0,0,0,512.0,20.0,3.0,,0,0,,,0,,0,attack,s02
12,133,0,0,0,0,0,0,0,0,0,0,0,0,,,,,0,1,98.0,1.6333061115648073,1,116.0,0,attack,s02
12,134,0,0,0,0,0,0,0,0,0,0,0,0,,,,,0,0,,,0,,0,attack,s02
12,135,0,0,0,0,0,0,0,0,0,0,0,0,,,,,0,0,,,0,,0,attack,s02
12,136,0,0,0,0,0,0,0,0,0,0,0,0,,,,,0,0,,,0,,0,attack,s02
12,137,0,0,0,0,0,0,0,0,0,0,0,0,,,,,0,0,,,0,,0,attack,s02
12,138,0,0,0,0,0,0,0,0,0,0,0,0,512.0,20.0,3.0,,0,0,,,0,,0,attack,s02
12,139,0,0,0,0,0,0,0,0,0,0,0,0,,,,,0,1,99.0,1.6499725004583257,1,90.0,0,attack,s02
12,140,0,0,0,0,0,0,0,0,0,0,0,0,,,,,0,0,,,0,,0,attack,s02
12,141,0,0,0,0,0,0,0,0,0,0,0,0,,,,,0,0,,,0,,0,attack,s02
12,142,0,0,0,0,0,0,0,0,0,0,0,0,,,,,0,0,,,0,,0,attack,s02
12,143,0,0,0,0,0,0,0,0,0,0,0,0,,,,,0,0,,,0,,0,attack,s02
12,144,0,0,0,0,0,0,0,0,0,0,0,0,512.0,20.0,3.0,,0,0,,,0,,0,attack,s02
12,145,0,0,0,0,0,0,0,0,0,0,0,0,,,,,0,1,99.0,1.6499725004583257,1,104.0,0,attack,s02
12,146,0,0,0,0,0,0,0,0,0,0,0,0,,,,,0,0,,,0,,0,attack,s02
12,147,0,0,0,0,0,0,0,0,0,0,0,0,,,,,0,0,,,0,,0,attack,s02
12,148,0,0,0,0,0,0,0,0,0,0,0,0,,,,,0,0,,,0,,0,attack,s02
12,149,0,0,0,0,0,0,0,0,0,0,0,0,,,,,0,0,,,0,,0,attack,s02
12,150,0,0,0,0,0,0,0,0,0,0,0,0,512.0,20.0,3.0,,0,0,,,0,,0,attack,s02
12,151,0,0,0,0,0,0,0,0,0,0,0,0,,,,,0,1,98.0,1.6333061115648073,1,116.0,0,attack,s02
12,152,0,0,0,0,0,0,0,0,0,0,0,0,,,,,0,0,,,0,,0,attack,s02
12,153,0,0,0,0,0,0,0,0,0,0,0,0,,,,,0,0,,,0,,0,attack,s02
12,154,0,0,0,0,0,0,0,0,0,0,0,0,,,,,0,0,,,0,,0,attack,s02
12,155,0,0,0,0,0,0,0,0,0,0,0,0,,,,,0,0,,,0,,0,attack,s02
12,156,0,0,0,0,0,0,0,0,0,0,0,0,512.0,20.0,3.0,,0,0,,,0,,0,attack,s02
12,157,0,0,0,0,0,0,0,0,0,0,0,0,,,,,0,1,99.0,1.649916954179973,1,101.0,0,attack,s02
12,158,0,0,0,0,0,0,0,0,0,0,0,0,,,,,0,0,,,0,,0,attack,s02
12,159,0,0,0,0,0,0,0,0,0,0,0,0,,,,,0,0,,,0,,0,attack,s02
12,160,0,0,0,0,0,0,0,0,0,0,0,0,,,,,0,0,,,0,,0,attack,s02
12,161,0,0,0,0,0,0,0,0,0,0,0,0,,,,,0,0,,,0,,0,attack,s02
12,162,0,0,0,0,0,0,0,0,0,0,0,0,512.0,20.0,3.0,,0,0,,,0,,0,attack,s02
12,163,0,0,0,0,0,0,0,0,0,0,0,0,,,,,0,1,98.0,1.6333066559912854,1,107.0,0,attack,s02
12,164,0,0,0,0,0,0,0,0,0,0,0,0,,,,,0,0,,,0,,0,attack,s02
12,165,0,0,0,0,0,0,0,0,0,0,0,0,,,,,0,0,,,0,,0,attack,s02
12,166,0,0,0,0,0,0,0,0,0,0,0,0,,,,,0,0,,,0,,0,attack,s02
12,167,1,1,0,0,0,0,0,0,0,0,1,0,,,,,0,0,,,0,,0,attack,s02
12,168,0,1,0,0,0,0,0,0,0,0,1,0,512.0,20.0,3.0,,0,0,,,0,,0,attack,s02
12,169,0,0,0,0,0,0,0,0,0,0,0,0,,,,,0,1,99.0,1.6499725004583257,1,101.0,0,attack,s02
12,170,0,1,0,0,0,0,0,0,0,0,1,0,,,,,0,0,,,0,,0,attack,s02
12,171,0,0,0,0,0,0,0,0,0,0,0,0,,,,,0,0,,,0,,0,attack,s02
12,172,0,0,0,0,0,0,0,0,0,0,0,0,,,,,0,0,,,0,,0,attack,s02
12,173,0,0,0,0,0,0,0,0,0,0,0,0,,,,,0,0,,,0,,0,attack,s02
12,174,0,0,0,0,0,0,0,0,0,0,0,0,512.0,20.0,3.0,,0,0,,,0,,0,attack,s02
12,175,0,0,1,1,0,0,0,0,0,0,0,0,,,,,0,1,99.0,1.6499725004583257,1,119.0,0,attack,s02
12,176,0,0,0,0,0,0,0,0,0,0,0,0,,,,,0,0,,,0,,0,attack,s02
12,177,0,0,0,0,0,0,0,0,0,0,0,0,,,,,0,0,,,0,,0,attack,s02
12,178,0,0,0,0,0,0,0,0,0,0,0,0,,,,,0,0,,,0,,0,attack,s02
12,179,1,0,0,0,0,0,0,0,0,0,0,0,,,,,0,0,,,0,,0,attack,s02
12,180,0,0,0,0,0,0,0,0,0,0,0,0,512.0,20.0,3.0,,0,0,,,0,,0,attack,s02
12,181,0,0,0,0,0,0,0,0,0,0,0,0,,,,,0,1,98.0,1.6333061115648073,1,120.0,0,attack,s02
13,0,0,0,0,0,0,0,0,0,0,0,0,0,,,,,0,0,,,0,,0,attack,s02
13,1,0,0,0,0,0,0,0,0,0,0,0,0,,,,,0,0,,,0,,0,attack,s02
13,2,0,0,0,0,0,0,0,0,0,0,0,0,,,,,0,0,,,0,,0,attack,s02
13,3,1,2,0,0,1,0,0,0,0,0,1,0,,,,,0,0,,,0,,0,attack,s02
13,4,4,3,0,0,0,0,0,1,0,0,1,0,485.0,0.0,3.0,,0,0,,,0,,0,attack,s02
13,5,1,2,1,1,0,0,0,0,0,0,1,0,,,,,0,0,,,0,,0,attack,s02
13,6,1,7,0,0,0,0,0,0,0,0,1,3,478.0,13.0,5.0,,0,0,,,0,,0,attack,s02
13,7,1,0,0,0,0,0,0,0,0,0,0,0,,,,,0,1,0.0,,1,109.0,0,attack,s02
13,8,0,7,0,0,0,0,0,0,0,0,1,4,,,,,0,0,,,0,,0,attack,s02
13,9,0,6,0,0,0,0,0,0,0,0,1,0,,,,,0,0,,,0,,0,attack,s02
13,10,1,2,0,0,0,0,0,0,0,0,1,0,,,,,0,0,,,0,,0,attack,s02
13,11,0,0,0,0,0,0,0,0,0,0,0,0,,,,,0,0,,,0,,0,attack,s02
13,12,0,1,0,0,0,0,0,0,0,0,1,0,455.0,16.0,8.0,,0,0,,,0,,0,attack,s02
13,13,1,1,0,0,0,0,0,0,0,0,1,0,,,,,0,1,101.0,1.6832486098199724,1,122.0,0,attack,s02
13,14,0,3,0,0,0,0,0,0,0,0,1,0,,,,,0,0,,,0,,0,attack,s02
13,15,1,0,0,0,0,0,0,0,0,0,0,0,,,,,0,0,,,0,,0,attack,s02
13,16,0,3,0,0,0,0,0,0,0,0,1,0,,,,,0,0,,,0,,0,attack,s02
13,17,0,0,0,0,0,0,0,0,0,0,0,0,,,,,0,0,,,0,,0,attack,s02
13,18,0,0,0,0,0,0,0,0,0,0,0,0,440.0,17.0,8.0,,0,0,,,0,,0,attack,s02
13,19,0,0,0,0,0,0,0,0,0,0,0,0,,,,,0,1,99.0,1.6499730504401762,1,92.0,0,attack,s02
13,20,1,1,0,0,0,0,0,0,0,0,1,0,,,,,0,0,,,0,,0,attack,s02
13,21,0,1,0,0,0,0,0,0,0,0,1,0,,,,,0,0,,,0,,0,attack,s02
13,22,0,0,0,0,0,0,0,0,0,0,0,0,,,,,0,0,,,0,,0,attack,s02
13,23,0,1,0,0,0,0,0,0,0,0,1,0,,,,,0,0,,,0,,0,attack,s02
13,24,0,2,0,0,0,0,0,0,0,0,1,0,432.0,17.0,8.0,,0,0,,,0,,0,attack,s02
13,25,1,1,0,0,0,0,0,0,0,0,1,0,,,,,0,1,100.0,1.6666388893518442,1,126.0,0,attack,s02
13,26,0,0,0,0,0,0,0,0,0,0,0,0,,,,,0,0,,,0,,0,attack,s02
13,27,0,1,0,0,0,0,0,0,0,0,1,0,,,,,0,0,,,0,,0,attack,s02
13,28,0,1,0,0,0,0,0,0,0,0,1,0,,,,,0,0,,,0,,0,attack,s02
13,29,1,0,0,0,0,0,0,0,0,0,0,0,,,,,0,0,,,0,,0,attack,s02
13,30,1,0,0,0,0,0,0,0,0,0,0,0,416.0,17.0,8.0,,0,0,,,0,,0,attack,s02
13,31,0,1,0,0,0,0,0,0,0,0,1,0,,,,,0,1,98.0,1.6333061115648073,1,95.0,0,attack,s02
13,32,0,1,0,0,0,0,0,0,0,0,1,0,,,,,0,0,,,0,,0,attack,s02
13,33,0,0,0,0,0,0,0,0,0,0,0,0,,,,,0,0,,,0,,0,attack,s02
13,34,0,0,0,0,0,0,0,0,0,0,0,0,,,,,0,0,,,0,,0,attack,s02
13,35,0,0,0,0,0,0,0,0,0,0,0,0,,,,,0,0,,,0,,0,attack,s02
13,36,1,0,0,0,0,0,0,0,0,0,0,0,410.0,18.0,8.0,,0,0,,,0,,0,attack,s02
13,37,0,1,0,0,0,0,0,0,0,0,1,0,,,,,0,1,99.0,1.6499725004583257,1,129.0,0,attack,s02
13,38,0,0,0,0,0,0,0,0,0,0,0,0,,,,,0,0,,,0,,0,attack,s02
13,39,0,0,0,0,0,0,0,0,0,0,0,0,,,,,0,0,,,0,,0,attack,s02
13,40,0,0,0,0,0,0,0,0,0,0,0,0,,,,,0,0,,,0,,0,attack,s02
13,41,0,0,0,0,0,0,0,0,0,0,0,0,,,,,0,0,,,0,,0,attack,s02
13,42,0,0,0,0,0,0,0,0,0,0,0,0,406.0,18.0,8.0,,0,0,,,0,,0,attack,s02
13,43,0,0,0,0,0,0,0,0,0,0,0,0,,,,,0,1,98.0,1.6333061115648073,1,101.0,0,attack,s02
13,44,0,0,0,0,0,0,0,0,0,0,0,0,,,,,0,0,,,0,,0,attack,s02
13,45,0,1,0,0,0,0,0,0,0,0,1,0,,,,,0,0,,,0,,0,attack,s02
13,46,0,1,0,0,0,0,0,0,0,0,1,0,,,,,0,0,,,0,,0,attack,s02
13,47,1,1,0,0,0,0,0,0,0,0,1,0,,,,,0,0,,,0,,0,attack,s02
13,48,0,1,0,0,0,0,0,0,0,0,1,0,394.0,18.0,8.0,,0,0,,,0,,0,attack,s02
13,49,0,0,0,0,0,0,0,0,0,0,0,0,,,,,0,1,99.0,1.6499725004583257,1,92.0,0,attack,s02
13,50,0,1,0,0,0,0,0,0,0,0,1,0,,,,,0,0,,,0,,0,attack,s02
13,51,0,0,0,0,0,0,0,0,0,0,0,0,,,,,0,0,,,0,,0,attack,s02
13,52,0,1,0,0,0,0,0,0,0,0,1,0,,,,,0,0,,,0,,0,attack,s02
13,53,1,0,0,0,0,0,0,0,0,0,0,0,,,,,0,0,,,0,,0,attack,s02
13,54,1,0,0,0,0,0,0,0,0,0,0,0,392.0,18.0,8.0,,0,0,,,0,,0,attack,s02
13,55,0,0,0,0,0,0,0,0,0,0,0,0,,,,,0,1,99.0,1.6499725004583257,1,97.0,0,attack,s02
13,56,0,0,0,0,0,0,0,0,0,0,0,0,,,,,0,0,,,0,,0,attack,s02
13,57,0,0,0,0,0,0,0,0,0,0,0,0,,,,,0,0,,,0,,0,attack,s02
13,58,0,0,0,0,0,0,0,0,0,0,0,0,,,,,0,0,,,0,,0,attack,s02
13,59,0,0,0,0,0,0,0,0,0,0,0,0,,,,,0,0,,,0,,0,attack,s02
13,60,0,0,0,0,0,0,0,0,0,0,0,0,390.0,19.0,8.0,,0,0,,,0,,0,attack,s02
13,61,0,1,0,0,0,0,0,0,0,0,1,0,,,,,0,1,98.0,1.6333061115648073,1,96.0,0,attack,s02
13,62,0,0,0,0,0,0,0,0,0,0,0,0,,,,,0,0,,,0,,0,attack,s02
13,63,0,0,0,0,0,0,0,0,0,0,0,0,,,,,0,0,,,0,,0,attack,s02
13,64,1,0,0,0,0,0,0,0,0,0,0,0,,,,,0,0,,,0,,0,attack,s02
13,65,0,0,0,0,0,0,0,0,0,0,0,0,,,,,0,0,,,0,,0,attack,s02
13,66,0,0,0,0,0,0,0,0,0,0,0,0,388.0,19.0,8.0,,0,0,,,0,,0,attack,s02
13,67,0,0,0,0,0,0,0,0,0,0,0,0,,,,,0,1,99.0,1.6499725004583257,1,94.0,0,attack,s02
13,68,0,0,0,0,0,0,0,0,0,0,0,0,,,,,0,0,,,0,,0,attack,s02
13,69,0,0,0,0,0,0,0,0,0,0,0,0,,,,,0,0,,,0,,0,attack,s02
13,70,1,0,0,0,0,0,0,0,0,0,0,0,,,,,0,0,,,0,,0,attack,s02
13,71,0,0,0,0,0,0,0,0,0,0,0,0,,,,,0,0,,,0,,0,attack,s02
13,72,0,0,0,0,0,0,0,0,0,0,0,0,386.0,19.0,8.0,,0,0,,,0,,0,attack,s02
13,73,0,0,0,0,0,0,0,0,0,0,0,0,,,,,0,1,99.0,1.6499725004583257,1,113.0,0,attack,s02
13,74,0,0,0,0,0,0,0,0,0,0,0,0,,,,,0,0,,,0,,0,attack,s02
13,75,0,0,0,0,0,0,0,0,0,0,0,0,,,,,0,0,,,0,,0,attack,s02
13,76,0,0,0,0,0,0,0,0,0,0,0,0,,,,,0,0,,,0,,0,attack,s02
13,77,1,0,0,0,0,0,0,0,0,0,0,0,,,,,0,0,,,0,,0,attack,s02
13,78,0,0,0,0,0,0,0,0,0,0,0,0,384.0,19.0,8.0,,0,0,,,0,,0,attack,s02
13,79,0,0,0,0,0,0,0,0,0,0,0,0,,,,,0,1,99.0,1.6499725004583257,1,107.0,0,attack,s02
13,80,0,0,0,0,0,0,0,0,0,0,0,0,,,,,0,0,,,0,,0,attack,s02
13,81,0,0,0,0,0,0,0,0,0,0,0,0,,,,,0,0,,,0,,0,attack,s02
13,82,0,0,0,0,0,0,0,0,0,0,0,0,,,,,0,0,,,0,,0,attack,s02
13,83,0,0,0,0,0,0,0,0,0,0,0,0,,,,,0,0,,,0,,0,attack,s02
13,84,0,0,0,0,0,0,0,0,0,0,0,0,384.0,19.0,8.0,,0,0,,,0,,0,attack,s02
13,85,0,1,0,0,0,0,0,0,0,0,1,0,,,,,0,1,99.0,1.6499725004583257,1,99.0,0,attack,s02
13,86,1,1,0,0,0,0,0,0,0,0,1,0,,,,,0,0,,,0,,0,attack,s02
13,87,0,0,0,0,0,0,0,0,0,0,0,0,,,,,0,0,,,0,,0,attack,s02
13,88,0,0,0,0,0,0,0,0,0,0,0,0,,,,,0,0,,,0,,0,attack,s02
13,89,0,0,0,0,0,0,0,0,0,0,0,0,,,,,0,0,,,0,,0,attack,s02
13,90,0,0,0,0,0,0,0,0,0,0,0,0,384.0,19.0,8.0,,0,0,,,0,,0,attack,s02
13,91,0,0,0,0,0,0,0,0,0,0,0,0,,,,,0,1,98.0,1.6333061115648073,1,107.0,0,attack,s02
13,92,0,0,0,0,0,0,0,0,0,0,0,0,,,,,0,0,,,0,,0,attack,s02
13,93,0,0,0,0,0,0,0,0,0,0,0,0,,,,,0,0,,,0,,0,attack,s02
13,94,0,0,0,0,0,0,0,0,0,0,0,0,,,,,0,0,,,0,,0,attack,s02
13,95,1,0,0,0,0,0,0,0,0,0,0,0,,,,,0,0,,,0,,0,attack,s02
13,96,0,0,0,0,0,0,0,0,0,0,0,0,384.0,19.0,8.0,,0,0,,,0,,0,attack,s02
13,97,0,2,0,0,0,0,0,0,0,0,1,0,,,,,0,1,99.0,1.6499725004583257,1,113.0,0,attack,s02
13,98,1,0,0,0,0,0,0,0,0,0,0,0,,,,,0,0,,,0,,0,attack,s02
13,99,0,1,0,0,0,0,0,0,0,0,1,0,,,,,0,0,,,0,,0,attack,s02
13,100,0,1,0,0,0,0,0,0,0,0,1,0,,,,,0,0,,,0,,0,attack,s02
13,101,0,0,0,0,0,0,0,0,0,0,0,0,,,,,0,0,,,0,,0,attack,s02
13,102,1,1,0,0,0,0,0,0,0,0,1,0,384.0,19.0,8.0,,0,0,,,0,,0,attack,s02
13,103,0,1,0,0,0,0,0,0,0,0,1,0,,,,,0,1,99.0,1.6499725004583257,1,118.0,0,attack,s02
13,104,0,0,0,0,0,0,0,0,0,0,0,0,,,,,0,0,,,0,,0,attack,s02
13,105,0,0,0,0,0,0,0,0,0,0,0,0,,,,,0,0,,,0,,0,attack,s02
13,106,0,0,0,0,0,0,0,0,0,0,0,0,,,,,0,0,,,0,,0,attack,s02
13,107,0,0,0,0,0,0,0,0,0,0,0,0,,,,,0,0,,,0,,0,attack,s02
13,108,0,0,0,0,0,0,0,0,0,0,0,0,384.0,19.0,8.0,,0,0,,,0,,0,attack,s02
13,109,0,0,0,0,0,0,0,0,0,0,0,0,,,,,0,1,99.0,1.6499725004583257,1,102.0,0,attack,s02
13,110,1,1,0,0,0,0,0,0,0,0,1,0,,,,,0,0,,,0,,0,attack,s02
13,111,0,0,0,0,0,0,0,0,0,0,0,0,,,,,0,0,,,0,,0,attack,s02
13,112,0,0,0,0,0,0,0,0,0,0,0,0,,,,,0,0,,,0,,0,attack,s02
13,113,0,1,0,0,0,0,0,0,0,0,1,0,,,,,0,0,,,0,,0,attack,s02
13,114,0,0,0,0,0,0,0,0,0,0,0,0,384.0,20.0,8.0,,0,0,,,0,,0,attack,s02
13,115,0,0,0,0,0,0,0,0,0,0,0,0,,,,,0,1,99.0,1.6499725004583257,1,101.0,0,attack,s02
13,116,1,0,0,0,0,0,0,0,0,0,0,0,,,,,0,0,,,0,,0,attack,s02
13,117,0,0,0,0,0,0,0,0,0,0,0,0,,,,,0,0,,,0,,0,attack,s02
13,118,0,0,0,0,0,0,0,0,0,0,0,0,,,,,0,0,,,0,,0,attack,s02
13,119,0,0,0,0,0,0,0,0,0,0,0,0,,,,,0,0,,,0,,0,attack,s02
13,120,0,0,0,0,0,0,0,0,0,0,0,0,384.0,20.0,8.0,,0,0,,,0,,0,attack,s02
13,121,0,0,0,0,0,0,0,0,0,0,0,0,,,,,0,1,99.0,1.6499725004583257,1,112.0,0,attack,s02
13,122,0,0,0,0,0,0,0,0,0,0,0,0,,,,,0,0,,,0,,0,attack,s02
13,123,1,0,0,0,0,0,0,0,0,0,0,0,,,,,0,0,,,0,,0,attack,s02
13,124,0,0,0,0,0,0,0,0,0,0,0,0,,,,,0,0,,,0,,0,attack,s02
13,125,0,0,0,0,0,0,0,0,0,0,0,0,,,,,0,0,,,0,,0,attack,s02
13,126,0,0,0,0,0,0,0,0,0,0,0,0,384.0,20.0,8.0,,0,0,,,0,,0,attack,s02
13,127,0,1,0,0,0,0,0,0,0,0,1,0,,,,,0,1,99.0,1.6499725004583257,1,98.0,0,attack,s02
13,128,0,0,0,0,0,0,0,0,0,0,0,0,,,,,0,0,,,0,,0,attack,s02
13,129,0,0,0,0,0,0,0,0,0,0,0,0,,,,,0,0,,,0,,0,attack,s02
13,130,0,0,0,0,0,0,0,0,0,0,0,0,,,,,0,0,,,0,,0,attack,s02
13,131,1,0,0,0,0,0,0,0,0,0,0,0,,,,,0,0,,,0,,0,attack,s02
13,132,0,0,0,0,0,0,0,0,0,0,0,0,384.0,20.0,8.0,,0,0,,,0,,0,attack,s02
13,133,0,0,0,0,0,0,0,0,0,0,0,0,,,,,0,1,99.0,1.6499725004583257,1,90.0,0,attack,s02
13,134,0,0,0,0,0,0,0,0,0,0,0,0,,,,,0,0,,,0,,0,attack,s02
13,135,0,1,0,0,0,0,0,0,0,0,1,0,,,,,0,0,,,0,,0,attack,s02
13,136,0,0,0,0,0,0,0,0,0,0,0,0,,,,,0,0,,,0,,0,attack,s02
13,137,0,0,0,0,0,0,0,0,0,0,0,0,,,,,0,0,,,0,,0,attack,s02
13,138,0,0,0,0,0,0,0,0,0,0,0,0,384.0,20.0,8.0,,0,0,,,0,,0,attack,s02
13,139,1,0,0,0,0,0,0,0,0,0,0,0,,,,,0,1,98.0,1.6333061115648073,1,100.0,0,attack,s02
13,140,0,0,0,0,0,0,0,0,0,0,0,0,,,,,0,0,,,0,,0,attack,s02
13,141,0,0,0,0,0,0,0,0,0,0,0,0,,,,,0,0,,,0,,0,attack,s02
13,142,0,0,0,0,0,0,0,0,0,0,0,0,,,,,0,0,,,0,,0,attack,s02
13,143,0,0,0,0,0,0,0,0,0,0,0,0,,,,,0,0,,,0,,0,attack,s02
13,144,0,0,0,0,0,0,0,0,0,0,0,0,384.0,20.0,8.0,,0,0,,,0,,0,attack,s02
13,145,0,0,0,0,0,0,0,0,0,0,0,0,,,,,0,1,99.0,1.6499725004583257,1,120.0,0,attack,s02
13,146,0,0,0,0,0,0,0,0,0,0,0,0,,,,,0,0,,,0,,0,attack,s02
13,147,0,0,0,0,0,0,0,0,0,0,0,0,,,,,0,0,,,0,,0,attack,s02
13,148,1,0,0,0,0,0,0,0,0,0,0,0,,,,,0,0,,,0,,0,attack,s02
13,149,0,0,0,0,0,0,0,0,0,0,0,0,,,,,0,0,,,0,,0,attack,s02
13,150,0,0,0,0,0,0,0,0,0,0,0,0,384.0,20.0,8.0,,0,0,,,0,,0,attack,s02
13,151,0,0,0,0,0,0,0,0,0,0,0,0,,,,,0,1,98.0,1.6333061115648073,1,122.0,0,attack,s02
13,152,0,0,0,0,0,0,0,0,0,0,0,0,,,,,0,0,,,0,,0,attack,s02
13,153,0,0,0,0,0,0,0,0,0,0,0,0,,,,,0,0,,,0,,0,attack,s02
13,154,0,0,0,0,0,0,0,0,0,0,0,0,,,,,0,0,,,0,,0,attack,s02
13,155,1,0,0,0,0,0,0,0,0,0,0,0,,,,,0,0,,,0,,0,attack,s02
13,156,0,0,0,0,0,0,0,0,0,0,0,0,384.0,20.0,8.0,,0,0,,,0,,0,attack,s02
13,157,0,0,0,0,0,0,0,0,0,0,0,0,,,,,0,1,99.0,1.6499725004583257,1,103.0,0,attack,s02
13,158,0,0,0,0,0,0,0,0,0,0,0,0,,,,,0,0,,,0,,0,attack,s02
13,159,1,0,0,0,0,0,0,0,0,0,0,0,,,,,0,0,,,0,,0,attack,s02
13,160,0,0,0,0,0,0,0,0,0,0,0,0,,,,,0,0,,,0,,0,attack,s02
13,161,0,0,0,0,0,0,0,0,0,0,0,0,,,,,0,0,,,0,,0,attack,s02
13,162,0,0,0,0,0,0,0,0,0,0,0,0,384.0,20.0,8.0,,0,0,,,0,,0,attack,s02
13,163,0,2,0,0,0,0,0,0,0,0,1,0,,,,,0,1,99.0,1.6499725004583257,1,120.0,0,attack,s02
13,164,0,1,0,0,0,0,0,0,0,0,1,0,,,,,0,0,,,0,,0,attack,s02
13,165,0,0,0,0,0,0,0,0,0,0,0,0,,,,,0,0,,,0,,0,attack,s02
13,166,1,0,0,0,0,0,0,0,0,0,0,0,,,,,0,0,,,0,,0,attack,s02
13,167,0,0,0,0,0,0,0,0,0,0,0,0,,,,,0,0,,,0,,0,attack,s02
13,168,0,0,0,0,0,0,0,0,0,0,0,0,384.0,20.0,8.0,,0,0,,,0,,0,attack,s02
13,169,0,1,0,0,0,0,0,0,0,0,1,0,,,,,0,1,99.0,1.6499725004583257,1,100.0,0,attack,s02
13,170,0,1,0,0,0,0,0,0,0,0,1,0,,,,,0,0,,,0,,0,attack,s02
13,171,0,1,0,0,0,0,0,0,0,0,1,0,,,,,0,0,,,0,,0,attack,s02
13,172,0,0,0,0,0,0,0,0,0,0,0,0,,,,,0,0,,,0,,0,attack,s02
13,173,0,0,1,1,0,0,0,0,0,0,0,0,,,,,0,0,,,0,,0,attack,s02
13,174,1,0,0,0,0,0,0,0,0,0,0,0,384.0,20.0,8.0,,0,0,,,0,,0,attack,s02
13,175,0,0,0,0,0,0,0,0,0,0,0,0,,,,,0,1,99.0,1.6499725004583257,1,106.0,0,attack,s02
13,176,0,0,0,0,0,0,0,0,0,0,0,0,,,,,0,0,,,0,,0,attack,s02
13,177,0,0,0,0,0,0,0,0,0,0,0,0,,,,,0,0,,,0,,0,attack,s02
13,178,0,0,0,0,0,0,0,0,0,0,0,0,,,,,0,0,,,0,,0,attack,s02
13,179,1,0,0,0,0,0,0,0,0,0,0,0,,,,,0,0,,,0,,0,attack,s02
13,180,0,0,0,0,0,0,0,0,0,0,0,0,384.0,20.0,8.0,,0,0,,,0,,0,attack,s02
13,181,0,0,0,0,0,0,0,0,0,0,0,0,,,,,0,0,,,0,,0,attack,s02
14,0,0,0,0,0,0,0,0,0,0,0,0,0,,,,,0,0,,,0,,0,attack,s02
14,1,2,2,0,0,0,0,0,0,0,0,1,0,,,,,0,0,,,0,,0,attack,s02
14,2,1,4,1,1,0,0,0,1,0,0,1,0,467.0,0.0,2.0,,0,0,,,0,,0,attack,s02
14,3,1,5,0,0,0,0,0,0,0,0,1,0,,,,,0,0,,,0,,0,attack,s02
14,4,0,5,0,0,0,0,0,0,0,0,1,0,,,,,0,0,,,0,,0,attack,s02
14,5,1,4,0,0,0,0,0,0,0,0,1,0,,,,,0,0,,,0,,0,attack,s02
14,6,0,4,0,0,0,0,0,0,0,0,1,0,471.0,15.0,8.0,,0,1,0.0,,0,,0,attack,s02
14,7,1,0,0,0,0,0,0,0,0,0,0,0,,,,,0,0,,,1,102.0,0,attack,s02
14,8,0,4,0,0,0,0,0,0,0,0,1,0,,,,,0,0,,,0,,0,attack,s02
14,9,0,4,0,0,0,0,0,0,0,0,1,0,,,,,0,0,,,0,,0,attack,s02
14,10,1,0,0,0,0,0,0,0,0,0,0,0,,,,,0,0,,,0,,0,attack,s02
14,11,0,0,0,0,0,0,0,0,0,0,0,0,,,,,0,0,,,0,,0,attack,s02
14,12,0,0,0,0,0,0,0,0,0,0,0,0,463.0,16.0,8.0,,0,1,99.0,1.6499725004583257,1,90.0,0,attack,s02
14,13,0,2,0,0,0,0,0,0,0,0,1,0,,,,,0,0,,,0,,0,attack,s02
14,14,0,2,0,0,0,0,0,0,0,0,1,0,,,,,0,0,,,0,,0,attack,s02
14,15,1,1,0,0,0,0,0,0,0,0,1,0,,,,,0,0,,,0,,0,attack,s02
14,16,0,3,0,0,0,0,0,0,0,0,1,0,,,,,0,0,,,0,,0,attack,s02
14,17,0,0,0,0,0,0,0,0,0,0,0,0,,,,,0,0,,,0,,0,attack,s02
14,18,0,0,0,0,0,0,0,0,0,0,0,0,442.0,17.0,8.0,,0,1,99.0,1.6499725004583257,1,122.0,0,attack,s02
14,19,0,0,0,0,0,0,0,0,0,0,0,0,,,,,0,0,,,0,,0,attack,s02
14,20,1,0,0,0,0,0,0,0,0,0,0,0,,,,,0,0,,,0,,0,attack,s02
14,21,0,0,0,0,0,0,0,0,0,0,0,0,,,,,0,0,,,0,,0,attack,s02
14,22,0,0,0,0,0,0,0,0,0,0,0,0,,,,,0,0,,,0,,0,attack,s02
14,23,1,2,0,0,0,0,0,0,0,0,1,0,,,,,0,0,,,0,,0,attack,s02
14,24,0,2,0,0,0,0,0,0,0,0,1,0,423.0,17.0,8.0,,0,1,99.0,1.6499725004583257,1,90.0,0,attack,s02
14,25,0,1,0,0,0,0,0,0,0,0,1,0,,,,,0,0,,,0,,0,attack,s02
14,26,0,0,0,0,0,0,0,0,0,0,0,0,,,,,0,0,,,0,,0,attack,s02
14,27,0,2,0,0,0,0,0,0,0,0,1,0,,,,,0,0,,,0,,0,attack,s02
14,28,0,1,0,0,0,0,0,0,0,0,1,0,,,,,0,0,,,0,,0,attack,s02
14,29,0,0,0,0,0,0,0,0,0,0,0,0,,,,,0,0,,,0,,0,attack,s02
14,30,1,0,0,0,0,0,0,0,0,0,0,0,406.0,18.0,8.0,,0,1,99.0,1.6499725004583257,1,104.0,0,attack,s02
14,31,0,0,0,0,0,0,0,0,0,0,0,0,,,,,0,0,,,0,,0,attack,s02
14,32,0,0,0,0,0,0,0,0,0,0,0,0,,,,,0,0,,,0,,0,attack,s02
14,33,0,0,0,0,0,0,0,0,0,0,0,0,,,,,0,0,,,0,,0,attack,s02
14,34,1,0,0,0,0,0,0,0,0,0,0,0,,,,,0,0,,,0,,0,attack,s02
14,35,0,0,0,0,0,0,0,0,0,0,0,0,,,,,0,0,,,0,,0,attack,s02
14,36,0,0,0,0,0,0,0,0,0,0,0,0,391.0,18.0,8.0,,0,1,99.0,1.6499725004583257,1,103.0,0,attack,s02
14,37,0,0,0,0,0,0,0,0,0,0,0,0,,,,,0,0,,,0,,0,attack,s02
14,38,0,0,0,0,0,0,0,0,0,0,0,0,,,,,0,0,,,0,,0,attack,s02
14,39,0,0,0,0,0,0,0,0,0,0,0,0,,,,,0,0,,,0,,0,attack,s02
14,40,0,0,0,0,0,0,0,0,0,0,0,0,,,,,0,0,,,0,,0,attack,s02
14,41,0,0,0,0,0,0,0,0,0,0,0,0,,,,,0,0,,,0,,0,attack,s02
14,42,0,1,0,0,0,0,0,0,0,0,1,0,377.0,18.0,8.0,,0,1,98.0,1.6333061115648073,1,113.0,0,attack,s02
14,43,0,2,0,0,0,0,0,0,0,0,1,0,,,,,0,0,,,0,,0,attack,s02
14,44,0,0,0,0,0,0,0,0,0,0,0,0,,,,,0,0,,,0,,0,attack,s02
14,45,1,1,0,0,0,0,0,0,0,0,1,0,,,,,0,0,,,0,,0,attack,s02
14,46,0,1,0,0,0,0,0,0,0,0,1,0,,,,,0,0,,,0,,0,attack,s02
14,47,0,1,0,0,0,0,0,0,0,0,1,0,,,,,0,0,,,0,,0,attack,s02
14,48,0,1,0,0,0,0,0,0,0,0,1,0,364.0,18.0,8.0,,0,1,99.0,1.6499725004583257,1,96.0,0,attack,s02
14,49,1,0,0,0,0,0,0,0,0,0,0,0,,,,,0,0,,,0,,0,attack,s02
14,50,0,2,0,0,0,0,0,0,0,0,1,0,,,,,0,0,,,0,,0,attack,s02
14,51,0,0,0,0,0,0,0,0,0,0,0,0,,,,,0,0,,,0,,0,attack,s02
14,52,0,3,0,0,0,0,0,0,0,0,1,0,,,,,0,0,,,0,,0,attack,s02
14,53,0,0,0,0,0,0,0,0,0,0,0,0,,,,,0,0,,,0,,0,attack,s02
14,54,0,0,0,0,0,0,0,0,0,0,0,0,353.0,18.0,8.0,,0,1,99.0,1.6499725004583257,1,114.0,0,attack,s02
14,55,1,0,0,0,0,0,0,0,0,0,0,0,,,,,0,0,,,0,,0,attack,s02
14,56,0,2,0,0,0,0,0,0,0,0,1,0,,,,,0,0,,,0,,0,attack,s02
14,57,0,0,0,0,0,0,0,0,0,0,0,0,,,,,0,0,,,0,,0,attack,s02
14,58,0,0,0,0,0,0,0,0,0,0,0,0,,,,,0,0,,,0,,0,attack,s02
14,59,0,0,0,0,0,0,0,0,0,0,0,0,,,,,0,0,,,0,,0,attack,s02
14,60,0,0,0,0,0,0,0,0,0,0,0,0,343.0,19.0,8.0,,0,1,98.0,1.6333061115648073,1,123.0,0,attack,s02
14,61,0,0,0,0,0,0,0,0,0,0,0,0,,,,,0,0,,,0,,0,attack,s02
14,62,0,0,0,0,0,0,0,0,0,0,0,0,,,,,0,0,,,0,,0,attack,s02
14,63,0,0,0,0,0,0,0,0,0,0,0,0,,,,,0,0,,,0,,0,attack,s02
14,64,1,0,0,0,0,0,0,0,0,0,0,0,,,,,0,0,,,0,,0,attack,s02
14,65,0,0,0,0,0,0,0,0,0,0,0,0,,,,,0,0,,,0,,0,attack,s02
14,66,0,0,0,0,0,0,0,0,0,0,0,0,334.0,19.0,8.0,,0,1,99.0,1.6499725004583257,1,101.0,0,attack,s02
14,67,0,0,0,0,0,0,0,0,0,0,0,0,,,,,0,0,,,0,,0,attack,s02
14,68,0,0,0,0,0,0,0,0,0,0,0,0,,,,,0,0,,,0,,0,attack,s02
14,69,0,0,0,0,0,0,0,0,0,0,0,0,,,,,0,0,,,0,,0,attack,s02
14,70,0,1,0,0,0,0,0,0,0,0,1,0,,,,,0,0,,,0,,0,attack,s02
14,71,0,0,0,0,0,0,0,0,0,0,0,0,,,,,0,0,,,0,,0,attack,s02
14,72,0,0,0,0,0,0,0,0,0,0,0,0,326.0,19.0,8.0,,0,1,98.0,1.6332511263599732,1,112.0,0,attack,s02
14,73,1,1,0,0,0,0,0,0,0,0,1,0,,,,,0,0,,,0,,0,attack,s02
14,74,0,0,0,0,0,0,0,0,0,0,0,0,,,,,0,0,,,0,,0,attack,s02
14,75,0,0,0,0,0,0,0,0,0,0,0,0,,,,,0,0,,,0,,0,attack,s02
14,76,0,0,0,0,0,0,0,0,0,0,0,0,,,,,0,0,,,0,,0,attack,s02
14,77,0,0,0,0,0,0,0,0,0,0,0,0,,,,,0,0,,,0,,0,attack,s02
14,78,0,0,0,0,0,0,0,0,0,0,0,0,319.0,19.0,8.0,,0,1,99.0,1.6499730504401762,1,128.0,0,attack,s02
14,79,0,0,0,0,0,0,0,0,0,0,0,0,,,,,0,0,,,0,,0,attack,s02
14,80,0,0,0,0,0,0,0,0,0,0,0,0,,,,,0,0,,,0,,0,attack,s02
14,81,0,0,0,0,0,0,0,0,0,0,0,0,,,,,0,0,,,0,,0,attack,s02
14,82,0,0,0,0,0,0,0,0,0,0,0,0,,,,,0,0,,,0,,0,attack,s02
14,83,1,0,0,0,0,0,0,0,0,0,0,0,,,,,0,0,,,0,,0,attack,s02
14,84,0,0,0,0,0,0,0,0,0,0,0,0,312.0,19.0,8.0,,0,1,98.0,1.6333061115648073,1,101.0,0,attack,s02
14,85,0,2,0,0,0,0,0,0,0,0,1,0,,,,,0,0,,,0,,0,attack,s02
14,86,0,1,0,0,0,0,0,0,0,0,1,0,,,,,0,0,,,0,,0,attack,s02
14,87,0,0,0,0,0,0,0,0,0,0,0,0,,,,,0,0,,,0,,0,attack,s02
14,88,1,0,0,0,0,0,0,0,0,0,0,0,,,,,0,0,,,0,,0,attack,s02
14,89,0,0,0,0,0,0,0,0,0,0,0,0,,,,,0,0,,,0,,0,attack,s02
14,90,0,0,0,0,0,0,0,0,0,0,0,0,306.0,19.0,8.0,,0,1,99.0,1.6499725004583257,1,101.0,0,attack,s02
14,91,0,0,0,0,0,0,0,0,0,0,0,0,,,,,0,0,,,0,,0,attack,s02
14,92,0,0,0,0,0,0,0,0,0,0,0,0,,,,,0,0,,,0,,0,attack,s02
14,93,0,0,0,0,0,0,0,0,0,0,0,0,,,,,0,0,,,0,,0,attack,s02
14,94,1,0,0,0,0,0,0,0,0,0,0,0,,,,,0,0,,,0,,0,attack,s02
14,95,0,1,0,0,0,0,0,0,0,0,1,0,,,,,0,0,,,0,,0,attack,s02
14,96,1,0,0,0,0,0,0,0,0,0,0,0,301.0,19.0,8.0,,0,1,99.0,1.6499725004583257,1,115.0,0,attack,s02
14,97,0,2,0,0,0,0,0,0,0,0,1,0,,,,,0,0,,,0,,0,attack,s02
14,98,0,1,0,0,0,0,0,0,0,0,1,0,,,,,0,0,,,0,,0,attack,s02
14,99,0,0,0,0,0,0,0,0,0,0,0,0,,,,,0,0,,,0,,0,attack,s02
14,100,0,0,0,0,0,0,0,0,0,0,0,0,,,,,0,0,,,0,,0,attack,s02
14,101,0,0,0,0,0,0,0,0,0,0,0,0,,,,,0,0,,,0,,0,attack,s02
14,102,0,2,0,0,0,0,0,0,0,0,1,0,296.0,19.0,8.0,,0,1,99.0,1.6499725004583257,1,128.0,0,attack,s02
14,103,0,0,0,0,0,0,0,0,0,0,0,0,,,,,0,0,,,0,,0,attack,s02
14,104,0,0,0,0,0,0,0,0,0,0,0,0,,,,,0,0,,,0,,0,attack,s02
14,105,0,0,0,0,0,0,0,0,0,0,0,0,,,,,0,0,,,0,,0,attack,s02
14,106,1,1,0,0,0,0,0,0,0,0,1,0,,,,,0,0,,,0,,0,attack,s02
14,107,0,0,0,0,0,0,0,0,0,0,0,0,,,,,0,0,,,0,,0,attack,s02
14,108,0,0,0,0,0,0,0,0,0,0,0,0,292.0,20.0,8.0,,0,1,99.0,1.6499725004583257,1,119.0,0,attack,s02
14,109,0,0,0,0,0,0,0,0,0,0,0,0,,,,,0,0,,,0,,0,attack,s02
14,110,0,0,0,0,0,0,0,0,0,0,0,0,,,,,0,0,,,0,,0,attack,s02
14,111,0,0,0,0,0,0,0,0,0,0,0,0,,,,,0,0,,,0,,0,attack,s02
14,112,0,0,0,0,0,0,0,0,0,0,0,0,,,,,0,0,,,0,,0,attack,s02
14,113,0,0,0,0,0,0,0,0,0,0,0,0,,,,,0,0,,,0,,0,attack,s02
14,114,0,0,0,0,0,0,0,0,0,0,0,0,288.0,20.0,8.0,,0,1,99.0,1.6499725004583257,1,125.0,0,attack,s02
14,115,1,0,0,0,0,0,0,0,0,0,0,0,,,,,0,0,,,0,,0,attack,s02
14,116,0,0,0,0,0,0,0,0,0,0,0,0,,,,,0,0,,,0,,0,attack,s02
14,117,0,0,0,0,0,0,0,0,0,0,0,0,,,,,0,0,,,0,,0,attack,s02
14,118,0,0,0,0,0,0,0,0,0,0,0,0,,,,,0,0,,,0,,0,attack,s02
14,119,0,0,0,0,0,0,0,0,0,0,0,0,,,,,0,0,,,0,,0,attack,s02
14,120,0,0,0,0,0,0,0,0,0,0,0,0,284.0,20.0,8.0,,0,1,99.0,1.6499725004583257,1,97.0,0,attack,s02
14,121,0,1,0,0,0,0,0,0,0,0,1,0,,,,,0,0,,,0,,0,attack,s02
14,122,0,0,0,0,0,0,0,0,0,0,0,0,,,,,0,0,,,0,,0,attack,s02
14,123,1,0,0,0,0,0,0,0,0,0,0,0,,,,,0,0,,,0,,0,attack,s02
14,124,0,0,0,0,0,0,0,0,0,0,0,0,,,,,0,0,,,0,,0,attack,s02
14,125,0,0,0,0,0,0,0,0,0,0,0,0,,,,,0,0,,,0,,0,attack,s02
14,126,0,0,0,0,0,0,0,0,0,0,0,0,281.0,20.0,8.0,,0,1,99.0,1.6499725004583257,1,93.0,0,attack,s02
14,127,0,0,0,0,0,0,0,0,0,0,0,0,,,,,0,0,,,0,,0,attack,s02
14,128,1,0,0,0,0,0,0,0,0,0,0,0,,,,,0,0,,,0,,0,attack,s02
14,129,0,0,0,0,0,0,0,0,0,0,0,0,,,,,0,0,,,0,,0,attack,s02
14,130,0,1,0,0,0,0,0,0,0,0,1,0,,,,,0,0,,,0,,0,attack,s02
14,131,0,0,0,0,0,0,0,0,0,0,0,0,,,,,0,0,,,0,,0,attack,s02
14,132,0,0,0,0,0,0,0,0,0,0,0,0,278.0,20.0,8.0,,0,1,99.0,1.6499725004583257,1,109.0,0,attack,s02
14,133,0,0,0,0,0,0,0,0,0,0,0,0,,,,,0,0,,,0,,0,attack,s02
14,134,0,0,0,0,0,0,0,0,0,0,0,0,,,,,0,0,,,0,,0,attack,s02
14,135,0,1,0,0,0,0,0,0,0,0,1,0,,,,,0,0,,,0,,0,attack,s02
14,136,1,0,0,0,0,0,0,0,0,0,0,0,,,,,0,0,,,0,,0,attack,s02
14,137,0,0,0,0,0,0,0,0,0,0,0,0,,,,,0,0,,,0,,0,attack,s02
14,138,0,1,0,0,0,0,0,0,0,0,1,0,275.0,20.0,8.0,,0,1,98.0,1.6333061115648073,1,94.0,0,attack,s02
14,139,0,0,0,0,0,0,0,0,0,0,0,0,,,,,0,0,,,0,,0,attack,s02
14,140,0,0,0,0,0,0,0,0,0,0,0,0,,,,,0,0,,,0,,0,attack,s02
14,141,0,0,0,0,0,0,0,0,0,0,0,0,,,,,0,0,,,0,,0,attack,s02
14,142,1,1,0,0,0,0,0,0,0,0,1,0,,,,,0,0,,,0,,0,attack,s02
14,143,0,0,0,0,0,0,0,0,0,0,0,0,,,,,0,0,,,0,,0,attack,s02
14,144,0,0,0,0,0,0,0,0,0,0,0,0,273.0,20.0,8.0,,0,1,99.0,1.6499725004583257,1,118.0,0,attack,s02
14,145,0,0,0,0,0,0,0,0,0,0,0,0,,,,,0,0,,,0,,0,attack,s02
14,146,0,2,0,0,0,0,0,0,0,0,1,0,,,,,0,0,,,0,,0,attack,s02
14,147,0,1,0,0,0,0,0,0,0,0,1,0,,,,,0,0,,,0,,0,attack,s02
14,148,0,1,0,0,0,0,0,0,0,0,1,0,,,,,0,0,,,0,,0,attack,s02
14,149,0,0,0,0,0,0,0,0,0,0,0,0,,,,,0,0,,,0,,0,attack,s02
14,150,0,0,0,0,0,0,0,0,0,0,0,0,271.0,20.0,8.0,,0,1,99.0,1.6499725004583257,1,116.0,0,attack,s02
14,151,0,0,0,0,0,0,0,0,0,0,0,0,,,,,0,0,,,0,,0,attack,s02
14,152,1,0,0,0,0,0,0,0,0,0,0,0,,,,,0,0,,,0,,0,attack,s02
14,153,0,1,0,0,0,0,0,0,0,0,1,0,,,,,0,0,,,0,,0,attack,s02
14,154,0,0,0,0,0,0,0,0,0,0,0,0,,,,,0,0,,,0,,0,attack,s02
14,155,0,1,0,0,0,0,0,0,0,0,1,0,,,,,0,0,,,0,,0,attack,s02
14,156,0,0,0,0,0,0,0,0,0,0,0,0,269.0,20.0,8.0,,0,1,99.0,1.6499725004583257,1,125.0,0,attack,s02
14,157,0,0,0,0,0,0,0,0,0,0,0,0,,,,,0,0,,,0,,0,attack,s02
14,158,0,1,0,0,0,0,0,0,0,0,1,0,,,,,0,0,,,0,,0,attack,s02
14,159,1,0,0,0,0,0,0,0,0,0,0,0,,,,,0,0,,,0,,0,attack,s02
14,160,0,1,0,0,0,0,0,0,0,0,1,0,,,,,0,0,,,0,,0,attack,s02
14,161,0,1,0,0,0,0,0,0,0,0,1,0,,,,,0,0,,,0,,0,attack,s02
14,162,0,0,0,0,0,0,0,0,0,0,0,0,267.0,20.0,8.0,,0,1,99.0,1.6499725004583257,1,113.0,0,attack,s02
14,163,1,2,0,0,0,0,0,0,0,0,1,0,,,,,0,0,,,0,,0,attack,s02
14,164,0,0,0,0,0,0,0,0,0,0,0,0,,,,,0,0,,,0,,0,attack,s02
14,165,0,0,0,0,0,0,0,0,0,0,0,0,,,,,0,0,,,0,,0,attack,s02
14,166,0,0,0,0,0,0,0,0,0,0,0,0,,,,,0,0,,,0,,0,attack,s02
14,167,0,0,0,0,0,0,0,0,0,0,0,0,,,,,0,0,,,0,,0,attack,s02
14,168,0,0,0,0,0,0,0,0,0,0,0,0,265.0,20.0,8.0,,0,1,99.0,1.6499725004583257,1,91.0,0,attack,s02
14,169,0,0,0,0,0,0,0,0,0,0,0,0,,,,,0,0,,,0,,0,attack,s02
14,170,0,0,0,0,0,0,0,0,0,0,0,0,,,,,0,0,,,0,,0,attack,s02
14,171,0,1,0,0,0,0,0,0,0,0,1,0,,,,,0,0,,,0,,0,attack,s02
14,172,0,0,0,0,0,0,0,0,0,0,0,0,,,,,0,0,,,0,,0,attack,s02
14,173,1,0,1,1,0,0,0,0,0,0,0,0,,,,,0,0,,,0,,0,attack,s02
14,174,0,0,0,0,0,0,0,0,0,0,0,0,288.0,20.0,8.0,,0,1,99.0,1.6499725004583257,1,94.0,0,attack,s02
14,175,0,1,0,0,0,0,0,0,0,0,1,0,,,,,0,0,,,0,,0,attack,s02
14,176,0,0,0,0,0,0,0,0,0,0,0,0,,,,,0,0,,,0,,0,attack,s02
14,177,0,0,0,0,0,0,0,0,0,0,0,0,,,,,0,0,,,0,,0,attack,s02
14,178,1,1,0,0,0,0,0,0,0,0,1,0,,,,,0,0,,,0,,0,attack,s02
14,179,0,0,0,0,0,0,0,0,0,0,0,0,,,,,0,0,,,0,,0,attack,s02
14,180,0,0,0,0,0,0,0,0,0,0,0,0,323.0,20.0,8.0,,0,1,99.0,1.6499725004583257,1,101.0,0,attack,s02
14,181,0,0,0,0,0,0,0,0,0,0,0,0,,,,,0,0,,,0,,0,attack,s02
15,0,0,0,0,0,0,0,0,0,0,0,0,0,,,,,0,0,,,0,,0,attack,s02
15,1,3,2,0,0,0,0,0,1,0,0,1,0,361.0,0.0,2.0,,0,0,,,0,,0,attack,s02
15,2,1,4,1,1,0,0,0,0,0,0,1,0,,,,,0,0,,,0,,0,attack,s02
15,3,1,3,0,0,0,0,0,0,0,0,1,0,,,,,0,0,,,0,,0,attack,s02
15,4,1,3,0,0,0,0,0,0,0,0,1,0,,,,,0,0,,,0,,0,attack,s02
15,5,1,2,0,0,0,0,0,0,0,0,1,0,,,,,0,0,,,0,,0,attack,s02
15,6,1,5,0,0,0,0,0,0,0,0,1,1,340.0,14.0,7.0,,0,1,0.0,,1,92.0,0,attack,s02
15,7,0,4,0,0,0,0,0,0,0,0,1,3,,,,,0,0,,,0,,0,attack,s02
15,8,0,3,0,0,0,0,0,0,0,0,1,0,,,,,0,0,,,0,,0,attack,s02
15,9,2,3,0,0,0,0,0,0,0,0,1,0,,,,,0,0,,,0,,0,attack,s02
15,10,0,2,0,0,0,0,0,0,0,0,1,0,,,,,0,0,,,0,,0,attack,s02
15,11,0,0,0,0,0,0,0,0,0,0,0,0,,,,,0,0,,,0,,0,attack,s02
15,12,0,1,0,0,0,0,0,0,0,0,1,0,317.0,16.0,8.0,,0,1,104.0,1.733304444925918,1,99.0,0,attack,s02
15,13,0,2,0,0,0,0,0,0,0,0,1,0,,,,,0,0,,,0,,0,attack,s02
15,14,2,1,0,0,0,0,0,0,0,0,1,0,,,,,0,0,,,0,,0,attack,s02
15,15,0,2,0,0,0,0,0,0,0,0,1,0,,,,,0,0,,,0,,0,attack,s02
15,16,0,3,0,0,0,0,0,0,0,0,1,0,,,,,0,0,,,0,,0,attack,s02
15,17,0,1,0,0,0,0,0,0,0,0,1,0,,,,,0,0,,,0,,0,attack,s02
15,18,0,0,0,0,0,0,0,0,0,0,0,0,286.0,17.0,8.0,,0,1,100.0,1.6666388893518442,1,111.0,0,attack,s02
15,19,0,0,0,0,0,0,0,0,0,0,0,0,,,,,0,0,,,0,,0,attack,s02
15,20,0,1,0,0,0,0,0,0,0,0,1,0,,,,,0,0,,,0,,0,attack,s02
15,21,0,2,0,0,0,0,0,0,0,0,1,0,,,,,0,0,,,0,,0,attack,s02
15,22,1,0,0,0,0,0,0,0,0,0,0,0,,,,,0,0,,,0,,0,attack,s02
15,23,0,2,0,0,0,0,0,0,0,0,1,0,,,,,0,0,,,0,,0,attack,s02
15,24,1,1,0,0,0,0,0,0,0,0,1,0,270.0,17.0,8.0,,0,1,100.0,1.6666388893518442,1,101.0,0,attack,s02
15,25,0,1,0,0,0,0,0,0,0,0,1,0,,,,,0,0,,,0,,0,attack,s02
15,26,0,0,0,0,0,0,0,0,0,0,0,0,,,,,0,0,,,0,,0,attack,s02
15,27,0,2,0,0,0,0,0,0,0,0,1,0,,,,,0,0,,,0,,0,attack,s02
15,28,0,1,0,0,0,0,0,0,0,0,1,0,,,,,0,0,,,0,,0,attack,s02
15,29,0,1,0,0,0,0,0,0,0,0,1,0,,,,,0,0,,,0,,0,attack,s02
15,30,1,1,0,0,0,0,0,0,0,0,1,0,262.0,18.0,8.0,,0,1,100.0,1.666638333814992,1,123.0,0,attack,s02
15,31,0,1,0,0,0,0,0,0,0,0,1,0,,,,,0,0,,,0,,0,attack,s02
15,32,0,0,0,0,0,0,0,0,0,0,0,0,,,,,0,0,,,0,,0,attack,s02
15,33,0,0,0,0,0,0,0,0,0,0,0,0,,,,,0,0,,,0,,0,attack,s02
15,34,0,0,0,0,0,0,0,0,0,0,0,0,,,,,0,0,,,0,,0,attack,s02
15,35,0,1,0,0,0,0,0,0,0,0,1,0,,,,,0,0,,,0,,0,attack,s02
15,36,0,2,0,0,0,0,0,0,0,0,1,0,256.0,18.0,8.0,,0,1,100.0,1.666639444889067,1,109.0,0,attack,s02
15,37,1,0,0,0,0,0,0,0,0,0,0,0,,,,,0,0,,,0,,0,attack,s02
15,38,0,0,0,0,0,0,0,0,0,0,0,0,,,,,0,0,,,0,,0,attack,s02
15,39,0,0,0,0,0,0,0,0,0,0,0,0,,,,,0,0,,,0,,0,attack,s02
15,40,0,0,0,0,0,0,0,0,0,0,0,0,,,,,0,0,,,0,,0,attack,s02
15,41,0,0,0,0,0,0,0,0,0,0,0,0,,,,,0,0,,,0,,0,attack,s02
15,42,1,1,0,0,0,0,0,0,0,0,1,0,256.0,18.0,8.0,,0,1,100.0,1.6666388893518442,1,109.0,0,attack,s02
15,43,0,0,0,0,0,0,0,0,0,0,0,0,,,,,0,0,,,0,,0,attack,s02
15,44,0,0,0,0,0,0,0,0,0,0,0,0,,,,,0,0,,,0,,0,attack,s02
15,45,1,1,0,0,0,0,0,0,0,0,1,0,,,,,0,0,,,0,,0,attack,s02
15,46,0,1,0,0,0,0,0,0,0,0,1,0,,,,,0,0,,,0,,0,attack,s02
15,47,0,1,0,0,0,0,0,0,0,0,1,0,,,,,0,0,,,0,,0,attack,s02
15,48,0,0,0,0,0,0,0,0,0,0,0,0,256.0,18.0,8.0,,0,1,100.0,1.6666388893518442,1,124.0,0,attack,s02
15,49,1,0,0,0,0,0,0,0,0,0,0,0,,,,,0,0,,,0,,0,attack,s02
15,50,0,1,0,0,0,0,0,0,0,0,1,0,,,,,0,0,,,0,,0,attack,s02
15,51,0,0,0,0,0,0,0,0,0,0,0,0,,,,,0,0,,,0,,0,attack,s02
15,52,0,1,0,0,0,0,0,0,0,0,1,0,,,,,0,0,,,0,,0,attack,s02
15,53,0,1,0,0,0,0,0,0,0,0,1,0,,,,,0,0,,,0,,0,attack,s02
15,54,0,0,0,0,0,0,0,0,0,0,0,0,256.0,18.0,8.0,,0,1,100.0,1.6666388893518442,1,119.0,0,attack,s02
15,55,1,0,0,0,0,0,0,0,0,0,0,0,,,,,0,0,,,0,,0,attack,s02
15,56,0,2,0,0,0,0,0,0,0,0,1,0,,,,,0,0,,,0,,0,attack,s02
15,57,0,1,0,0,0,0,0,0,0,0,1,0,,,,,0,0,,,0,,0,attack,s02
15,58,0,1,0,0,0,0,0,0,0,0,1,0,,,,,0,0,,,0,,0,attack,s02
15,59,0,0,0,0,0,0,0,0,0,0,0,0,,,,,0,0,,,0,,0,attack,s02
15,60,0,1,0,0,0,0,0,0,0,0,1,0,256.0,19.0,8.0,,0,1,100.0,1.6666388893518442,1,93.0,0,attack,s02
15,61,0,0,0,0,0,0,0,0,0,0,0,0,,,,,0,0,,,0,,0,attack,s02
15,62,1,0,0,0,0,0,0,0,0,0,0,0,,,,,0,0,,,0,,0,attack,s02
15,63,0,0,0,0,0,0,0,0,0,0,0,0,,,,,0,0,,,0,,0,attack,s02
15,64,0,1,0,0,0,0,0,0,0,0,1,0,,,,,0,0,,,0,,0,attack,s02
15,65,0,0,0,0,0,0,0,0,0,0,0,0,,,,,0,0,,,0,,0,attack,s02
15,66,0,0,0,0,0,0,0,0,0,0,0,0,256.0,19.0,8.0,,0,1,100.0,1.6666388893518442,1,109.0,0,attack,s02
15,67,0,1,0,0,0,0,0,0,0,0,1,0,,,,,0,0,,,0,,0,attack,s02
15,68,1,0,0,0,0,0,0,0,0,0,0,0,,,,,0,0,,,0,,0,attack,s02
15,69,0,1,0,0,0,0,0,0,0,0,1,0,,,,,0,0,,,0,,0,attack,s02
15,70,0,0,0,0,0,0,0,0,0,0,0,0,,,,,0,0,,,0,,0,attack,s02
15,71,0,0,0,0,0,0,0,0,0,0,0,0,,,,,0,0,,,0,,0,attack,s02
15,72,0,0,0,0,0,0,0,0,0,0,0,0,256.0,19.0,8.0,,0,1,100.0,1.6666388893518442,1,101.0,0,attack,s02
15,73,0,0,0,0,0,0,0,0,0,0,0,0,,,,,0,0,,,0,,0,attack,s02
15,74,0,0,0,0,0,0,0,0,0,0,0,0,,,,,0,0,,,0,,0,attack,s02
15,75,0,0,0,0,0,0,0,0,0,0,0,0,,,,,0,0,,,0,,0,attack,s02
15,76,0,0,0,0,0,0,0,0,0,0,0,0,,,,,0,0,,,0,,0,attack,s02
15,77,0,0,0,0,0,0,0,0,0,0,0,0,,,,,0,0,,,0,,0,attack,s02
15,78,1,0,0,0,0,0,0,0,0,0,0,0,256.0,19.0,8.0,,0,1,100.0,1.6666388893518442,1,97.0,0,attack,s02
15,79,0,0,0,0,0,0,0,0,0,0,0,0,,,,,0,0,,,0,,0,attack,s02
15,80,0,0,0,0,0,0,0,0,0,0,0,0,,,,,0,0,,,0,,0,attack,s02
15,81,0,0,0,0,0,0,0,0,0,0,0,0,,,,,0,0,,,0,,0,attack,s02
15,82,0,0,0,0,0,0,0,0,0,0,0,0,,,,,0,0,,,0,,0,attack,s02
15,83,0,1,0,0,0,0,0,0,0,0,1,0,,,,,0,0,,,0,,0,attack,s02
15,84,0,0,0,0,0,0,0,0,0,0,0,0,256.0,19.0,8.0,,0,1,100.0,1.6666388893518442,1,111.0,0,attack,s02
15,85,0,1,0,0,0,0,0,0,0,0,1,0,,,,,0,0,,,0,,0,attack,s02
15,86,0,1,0,0,0,0,0,0,0,0,1,0,,,,,0,0,,,0,,0,attack,s02
15,87,0,0,0,0,0,0,0,0,0,0,0,0,,,,,0,0,,,0,,0,attack,s02
15,88,0,0,0,0,0,0,0,0,0,0,0,0,,,,,0,0,,,0,,0,attack,s02
15,89,1,0,0,0,0,0,0,0,0,0,0,0,,,,,0,0,,,0,,0,attack,s02
15,90,0,0,0,0,0,0,0,0,0,0,0,0,256.0,19.0,8.0,,0,1,100.0,1.6666388893518442,1,118.0,0,attack,s02
15,91,0,0,0,0,0,0,0,0,0,0,0,0,,,,,0,0,,,0,,0,attack,s02
15,92,0,0,0,0,0,0,0,0,0,0,0,0,,,,,0,0,,,0,,0,attack,s02
15,93,0,0,0,0,0,0,0,0,0,0,0,0,,,,,0,0,,,0,,0,attack,s02
15,94,0,0,0,0,0,0,0,0,0,0,0,0,,,,,0,0,,,0,,0,attack,s02
15,95,0,0,0,0,0,0,0,0,0,0,0,0,,,,,0,0,,,0,,0,attack,s02
15,96,1,0,0,0,0,0,0,0,0,0,0,0,256.0,19.0,8.0,,0,1,99.0,1.6499725004583257,1,96.0,0,attack,s02
15,97,0,1,0,0,0,0,0,0,0,0,1,0,,,,,0,0,,,0,,0,attack,s02
15,98,0,2,0,0,0,0,0,0,0,0,1,0,,,,,0,0,,,0,,0,attack,s02
15,99,0,1,0,0,0,0,0,0,0,0,1,0,,,,,0,0,,,0,,0,attack,s02
15,100,0,1,0,0,0,0,0,0,0,0,1,0,,,,,0,0,,,0,,0,attack,s02
15,101,0,0,0,0,0,0,0,0,0,0,0,0,,,,,0,0,,,0,,0,attack,s02
15,102,0,1,0,0,0,0,0,0,0,0,1,0,256.0,19.0,8.0,,0,1,100.0,1.6666388893518442,1,119.0,0,attack,s02
15,103,1,0,0,0,0,0,0,0,0,0,0,0,,,,,0,0,,,0,,0,attack,s02
15,104,0,1,0,0,0,0,0,0,0,0,1,0,,,,,0,0,,,0,,0,attack,s02
15,105,0,0,0,0,0,0,0,0,0,0,0,0,,,,,0,0,,,0,,0,attack,s02
15,106,1,0,0,0,0,0,0,0,0,0,0,0,,,,,0,0,,,0,,0,attack,s02
15,107,0,1,0,0,0,0,0,0,0,0,1,0,,,,,0,0,,,0,,0,attack,s02
15,108,0,0,0,0,0,0,0,0,0,0,0,0,256.0,19.0,8.0,,0,1,100.0,1.6666388893518442,1,130.0,0,attack,s02
15,109,0,0,0,0,0,0,0,0,0,0,0,0,,,,,0,0,,,0,,0,attack,s02
15,110,0,0,0,0,0,0,0,0,0,0,0,0,,,,,0,0,,,0,,0,attack,s02
15,111,0,0,0,0,0,0,0,0,0,0,0,0,,,,,0,0,,,0,,0,attack,s02
15,112,0,0,0,0,0,0,0,0,0,0,0,0,,,,,0,0,,,0,,0,attack,s02
15,113,1,1,0,0,0,0,0,0,0,0,1,0,,,,,0,0,,,0,,0,attack,s02
15,114,0,0,0,0,0,0,0,0,0,0,0,0,256.0,20.0,8.0,,0,1,100.0,1.6666388893518442,1,123.0,0,attack,s02
15,115,0,0,0,0,0,0,0,0,0,0,0,0,,,,,0,0,,,0,,0,attack,s02
15,116,0,1,0,0,0,0,0,0,0,0,1,0,,,,,0,0,,,0,,0,attack,s02
15,117,0,1,0,0,0,0,0,0,0,0,1,0,,,,,0,0,,,0,,0,attack,s02
15,118,0,0,0,0,0,0,0,0,0,0,0,0,,,,,0,0,,,0,,0,attack,s02
15,119,0,0,0,0,0,0,0,0,0,0,0,0,,,,,0,0,,,0,,0,attack,s02
15,120,0,2,0,0,0,0,0,0,0,0,1,0,256.0,20.0,8.0,,0,1,99.0,1.6499725004583257,1,124.0,0,attack,s02
15,121,0,0,0,0,0,0,0,0,0,0,0,0,,,,,0,0,,,0,,0,attack,s02
15,122,1,0,0,0,0,0,0,0,0,0,0,0,,,,,0,0,,,0,,0,attack,s02
15,123,0,1,0,0,0,0,0,0,0,0,1,0,,,,,0,0,,,0,,0,attack,s02
15,124,0,1,0,0,0,0,0,0,0,0,1,0,,,,,0,0,,,0,,0,attack,s02
15,125,0,1,0,0,0,0,0,0,0,0,1,0,,,,,0,0,,,0,,0,attack,s02
15,126,0,0,0,0,0,0,0,0,0,0,0,0,256.0,20.0,8.0,,0,1,99.0,1.6499725004583257,1,102.0,0,attack,s02
15,127,1,0,0,0,0,0,0,0,0,0,0,0,,,,,0,0,,,0,,0,attack,s02
15,128,0,0,0,0,0,0,0,0,0,0,0,0,,,,,0,0,,,0,,0,attack,s02
15,129,0,0,0,0,0,0,0,0,0,0,0,0,,,,,0,0,,,0,,0,attack,s02
15,130,0,1,0,0,0,0,0,0,0,0,1,0,,,,,0,0,,,0,,0,attack,s02
15,131,0,0,0,0,0,0,0,0,0,0,0,0,,,,,0,0,,,0,,0,attack,s02
15,132,0,0,0,0,0,0,0,0,0,0,0,0,256.0,20.0,8.0,,0,1,99.0,1.6499725004583257,1,122.0,0,attack,s02
15,133,1,0,0,0,0,0,0,0,0,0,0,0,,,,,0,0,,,0,,0,attack,s02
15,134,0,0,0,0,0,0,0,0,0,0,0,0,,,,,0,0,,,0,,0,attack,s02
15,135,0,0,0,0,0,0,0,0,0,0,0,0,,,,,0,0,,,0,,0,attack,s02
15,136,0,0,0,0,0,0,0,0,0,0,0,0,,,,,0,0,,,0,,0,attack,s02
15,137,0,0,0,0,0,0,0,0,0,0,0,0,,,,,0,0,,,0,,0,attack,s02
15,138,0,0,0,0,0,0,0,0,0,0,0,0,256.0,20.0,8.0,,0,1,99.0,1.6499725004583257,1,112.0,0,attack,s02
15,139,0,0,0,0,0,0,0,0,0,0,0,0,,,,,0,0,,,0,,0,attack,s02
15,140,0,0,0,0,0,0,0,0,0,0,0,0,,,,,0,0,,,0,,0,attack,s02
15,141,0,0,0,0,0,0,0,0,0,0,0,0,,,,,0,0,,,0,,0,attack,s02
15,142,0,0,0,0,0,0,0,0,0,0,0,0,,,,,0,0,,,0,,0,attack,s02
15,143,1,0,0,0,0,0,0,0,0,0,0,0,,,,,0,0,,,0,,0,attack,s02
15,144,0,0,0,0,0,0,0,0,0,0,0,0,256.0,20.0,8.0,,0,1,99.0,1.6499444518701203,1,113.0,0,attack,s02
15,145,0,0,0,0,0,0,0,0,0,0,0,0,,,,,0,0,,,0,,0,attack,s02
15,146,0,0,0,0,0,0,0,0,0,0,0,0,,,,,0,0,,,0,,0,attack,s02
15,147,0,0,0,0,0,0,0,0,0,0,0,0,,,,,0,0,,,0,,0,attack,s02
15,148,1,0,0,0,0,0,0,0,0,0,0,0,,,,,0,0,,,0,,0,attack,s02
15,149,0,0,0,0,0,0,0,0,0,0,0,0,,,,,0,0,,,0,,0,attack,s02
15,150,0,0,0,0,0,0,0,0,0,0,0,0,256.0,20.0,8.0,,0,1,99.0,1.6499730504401762,1,114.0,0,attack,s02
15,151,0,0,0,0,0,0,0,0,0,0,0,0,,,,,0,0,,,0,,0,attack,s02
15,152,0,0,0,0,0,0,0,0,0,0,0,0,,,,,0,0,,,0,,0,attack,s02
15,153,1,0,0,0,0,0,0,0,0,0,0,0,,,,,0,0,,,0,,0,attack,s02
15,154,0,0,0,0,0,0,0,0,0,0,0,0,,,,,0,0,,,0,,0,attack,s02
15,155,0,0,0,0,0,0,0,0,0,0,0,0,,,,,0,0,,,0,,0,attack,s02
15,156,0,0,0,0,0,0,0,0,0,0,0,0,256.0,20.0,8.0,,0,1,99.0,1.6499725004583257,1,95.0,0,attack,s02
15,157,0,0,0,0,0,0,0,0,0,0,0,0,,,,,0,0,,,0,,0,attack,s02
15,158,0,0,0,0,0,0,0,0,0,0,0,0,,,,,0,0,,,0,,0,attack,s02
15,159,0,0,0,0,0,0,0,0,0,0,0,0,,,,,0,0,,,0,,0,attack,s02
15,160,0,0,0,0,0,0,0,0,0,0,0,0,,,,,0,0,,,0,,0,attack,s02
15,161,0,0,0,0,0,0,0,0,0,0,0,0,,,,,0,0,,,0,,0,attack,s02
15,162,1,0,0,0,0,0,0,0,0,0,0,0,256.0,20.0,8.0,,0,1,99.0,1.6499725004583257,1,102.0,0,attack,s02
15,163,0,2,0,0,0,0,0,0,0,0,1,0,,,,,0,0,,,0,,0,attack,s02
15,164,1,1,0,0,0,0,0,0,0,0,1,0,,,,,0,0,,,0,,0,attack,s02
15,165,0,0,0,0,0,0,0,0,0,0,0,0,,,,,0,0,,,0,,0,attack,s02
15,166,0,0,0,0,0,0,0,0,0,0,0,0,,,,,0,0,,,0,,0,attack,s02
15,167,0,0,0,0,0,0,0,0,0,0,0,0,,,,,0,0,,,0,,0,attack,s02
15,168,0,0,0,0,0,0,0,0,0,0,0,0,256.0,20.0,8.0,,0,1,99.0,1.6499725004583257,1,116.0,0,attack,s02
15,169,0,0,0,0,0,0,0,0,0,0,0,0,,,,,0,0,,,0,,0,attack,s02
15,170,1,0,0,0,0,0,0,0,0,0,0,0,,,,,0,0,,,0,,0,attack,s02
15,171,0,1,0,0,0,0,0,0,0,0,1,0,,,,,0,0,,,0,,0,attack,s02
15,172,0,0,0,0,0,0,0,0,0,0,0,0,,,,,0,0,,,0,,0,attack,s02
15,173,0,0,0,0,0,0,0,0,0,0,0,0,,,,,0,0,,,0,,0,attack,s02
15,174,0,0,0,0,0,0,0,0,0,0,0,0,256.0,20.0,8.0,,0,1,99.0,1.6499725004583257,1,125.0,0,attack,s02
15,175,0,0,1,1,0,0,0,0,0,0,0,0,,,,,0,0,,,0,,0,attack,s02
15,176,0,0,0,0,0,0,0,0,0,0,0,0,,,,,0,0,,,0,,0,attack,s02
15,177,0,0,0,0,0,0,0,0,0,0,0,0,,,,,0,0,,,0,,0,attack,s02
15,178,0,0,0,0,0,0,0,0,0,0,0,0,,,,,0,0,,,0,,0,attack,s02
15,179,0,0,0,0,0,0,0,0,0,0,0,0,,,,,0,0,,,0,,0,attack,s02
15,180,0,0,0,0,0,0,0,0,0,0,0,0,256.0,20.0,8.0,,0,1,100.0,1.6666388893518442,1,105.0,0,attack,s02
15,181,1,0,0,0,0,0,0,0,0,0,0,0,,,,,0,0,,,0,,0,attack,s02
16,0,0,0,0,0,0,0,0,0,0,0,0,0,,,,,0,0,,,0,,0,attack,s02
16,1,0,0,0,0,0,0,0,0,0,0,0,0,,,,,0,0,,,0,,0,attack,s02
16,2,0,1,0,0,0,0,0,0,0,0,1,0,,,,,0,0,,,0,,0,attack,s02
16,3,4,2,0,0,0,0,0,1,0,0,1,0,559.0,0.0,2.0,,0,0,,,0,,0,attack,s02
16,4,1,2,1,1,0,0,0,0,0,0,1,0,,,,,0,0,,,0,,0,attack,s02
16,5,1,3,0,0,0,0,0,0,0,0,1,0,,,,,0,0,,,0,,0,attack,s02
16,6,1,2,0,0,0,0,0,0,0,0,1,0,553.0,14.0,5.0,,0,0,,,0,,0,attack,s02
16,7,0,3,0,0,0,0,0,0,0,0,1,0,,,,,0,1,0.0,,1,119.0,0,attack,s02
16,8,0,1,0,0,0,0,0,0,0,0,1,0,,,,,0,0,,,0,,0,attack,s02
16,9,2,2,0,0,0,0,0,0,0,0,1,0,,,,,0,0,,,0,,0,attack,s02
16,10,0,1,0,0,0,0,0,0,0,0,1,0,,,,,0,0,,,0,,0,attack,s02
16,11,0,2,0,0,0,0,0,0,0,0,1,0,,,,,0,0,,,0,,0,attack,s02
16,12,0,1,0,0,0,0,0,0,0,0,1,0,541.0,16.0,6.0,,0,0,,,0,,0,attack,s02
16,13,0,1,0,0,0,0,0,0,0,0,1,0,,,,,0,1,100.0,1.6666388893518442,1,114.0,0,attack,s02
16,14,0,1,0,0,0,0,0,0,0,0,1,0,,,,,0,0,,,0,,0,attack,s02
16,15,1,2,0,0,0,0,0,0,0,0,1,0,,,,,0,0,,,0,,0,attack,s02
16,16,0,0,0,0,0,0,0,0,0,0,0,0,,,,,0,0,,,0,,0,attack,s02
16,17,0,2,0,0,0,0,0,0,0,0,1,0,,,,,0,0,,,0,,0,attack,s02
16,18,0,0,0,0,0,0,0,0,0,0,0,0,496.0,17.0,6.0,,0,0,,,0,,0,attack,s02
16,19,1,0,0,0,0,0,0,0,0,0,0,0,,,,,0,1,99.0,1.6499725004583257,1,109.0,0,attack,s02
16,20,0,0,0,0,0,0,0,0,0,0,0,0,,,,,0,0,,,0,,0,attack,s02
16,21,0,0,0,0,0,0,0,0,0,0,0,0,,,,,0,0,,,0,,0,attack,s02
16,22,0,0,0,0,0,0,0,0,0,0,0,0,,,,,0,0,,,0,,0,attack,s02
16,23,0,0,0,0,0,0,0,0,0,0,0,0,,,,,0,0,,,0,,0,attack,s02
16,24,0,0,0,0,0,0,0,0,0,0,0,0,485.0,17.0,6.0,,0,0,,,0,,0,attack,s02
16,25,0,1,0,0,0,0,0,0,0,0,1,0,,,,,0,1,99.0,1.6499725004583257,1,107.0,0,attack,s02
16,26,1,3,0,0,0,0,0,0,0,0,1,0,,,,,0,0,,,0,,0,attack,s02
16,27,1,3,0,0,0,0,0,0,0,0,1,0,,,,,0,0,,,0,,0,attack,s02
16,28,0,0,0,0,0,0,0,0,0,0,0,0,,,,,0,0,,,0,,0,attack,s02
16,29,0,0,0,0,0,0,0,0,0,0,0,0,,,,,0,0,,,0,,0,attack,s02
16,30,0,0,0,0,0,0,0,0,0,0,0,0,466.0,18.0,6.0,,0,0,,,0,,0,attack,s02
16,31,0,0,0,0,0,0,0,0,0,0,0,0,,,,,0,1,98.0,1.6333061115648073,1,129.0,0,attack,s02
16,32,0,0,0,0,0,0,0,0,0,0,0,0,,,,,0,0,,,0,,0,attack,s02
16,33,0,0,0,0,0,0,0,0,0,0,0,0,,,,,0,0,,,0,,0,attack,s02
16,34,0,0,0,0,0,0,0,0,0,0,0,0,,,,,0,0,,,0,,0,attack,s02
16,35,1,0,0,0,0,0,0,0,0,0,0,0,,,,,0,0,,,0,,0,attack,s02
16,36,0,0,0,0,0,0,0,0,0,0,0,0,457.0,18.0,6.0,,0,0,,,0,,0,attack,s02
16,37,0,1,0,0,0,0,0,0,0,0,1,0,,,,,0,1,99.0,1.6499725004583257,1,92.0,0,attack,s02
16,38,0,0,0,0,0,0,0,0,0,0,0,0,,,,,0,0,,,0,,0,attack,s02
16,39,0,0,0,0,0,0,0,0,0,0,0,0,,,,,0,0,,,0,,0,attack,s02
16,40,0,0,0,0,0,0,0,0,0,0,0,0,,,,,0,0,,,0,,0,attack,s02
16,41,1,0,0,0,0,0,0,0,0,0,0,0,,,,,0,0,,,0,,0,attack,s02
16,42,0,0,0,0,0,0,0,0,0,0,0,0,449.0,18.0,6.0,,0,0,,,0,,0,attack,s02
16,43,0,0,0,0,0,0,0,0,0,0,0,0,,,,,0,1,99.0,1.6499725004583257,1,125.0,0,attack,s02
16,44,0,1,0,0,0,0,0,0,0,0,1,0,,,,,0,0,,,0,,0,attack,s02
16,45,0,0,0,0,0,0,0,0,0,0,0,0,,,,,0,0,,,0,,0,attack,s02
16,46,0,1,0,0,0,0,0,0,0,0,1,0,,,,,0,0,,,0,,0,attack,s02
16,47,0,0,0,0,0,0,0,0,0,0,0,0,,,,,0,0,,,0,,0,attack,s02
16,48,0,1,0,0,0,0,0,0,0,0,1,0,442.0,18.0,6.0,,0,0,,,0,,0,attack,s02
16,49,0,0,0,0,0,0,0,0,0,0,0,0,,,,,0,1,99.0,1.6499725004583257,1,93.0,0,attack,s02
16,50,1,1,0,0,0,0,0,0,0,0,1,0,,,,,0,0,,,0,,0,attack,s02
16,51,0,1,0,0,0,0,0,0,0,0,1,0,,,,,0,0,,,0,,0,attack,s02
16,52,0,0,0,0,0,0,0,0,0,0,0,0,,,,,0,0,,,0,,0,attack,s02
16,53,0,0,0,0,0,0,0,0,0,0,0,0,,,,,0,0,,,0,,0,attack,s02
16,54,0,1,0,0,0,0,0,0,0,0,1,0,436.0,18.0,6.0,,0,0,,,0,,0,attack,s02
16,55,0,1,0,0,0,0,0,0,0,0,1,0,,,,,0,1,99.0,1.6499725004583257,1,113.0,0,attack,s02
16,56,1,0,0,0,0,0,0,0,0,0,0,0,,,,,0,0,,,0,,0,attack,s02
16,57,0,0,0,0,0,0,0,0,0,0,0,0,,,,,0,0,,,0,,0,attack,s02
16,58,0,0,0,0,0,0,0,0,0,0,0,0,,,,,0,0,,,0,,0,attack,s02
16,59,0,0,0,0,0,0,0,0,0,0,0,0,,,,,0,0,,,0,,0,attack,s02
16,60,1,0,0,0,0,0,0,0,0,0,0,0,430.0,19.0,6.0,,0,0,,,0,,0,attack,s02
16,61,0,0,0,0,0,0,0,0,0,0,0,0,,,,,0,1,98.0,1.6333061115648073,1,120.0,0,attack,s02
16,62,0,0,0,0,0,0,0,0,0,0,0,0,,,,,0,0,,,0,,0,attack,s02
16,63,0,0,0,0,0,0,0,0,0,0,0,0,,,,,0,0,,,0,,0,attack,s02
16,64,0,0,0,0,0,0,0,0,0,0,0,0,,,,,0,0,,,0,,0,attack,s02
16,65,0,0,0,0,0,0,0,0,0,0,0,0,,,,,0,0,,,0,,0,attack,s02
16,66,0,0,0,0,0,0,0,0,0,0,0,0,425.0,19.0,6.0,,0,0,,,0,,0,attack,s02
16,67,0,0,0,0,0,0,0,0,0,0,0,0,,,,,0,1,99.0,1.6499725004583257,1,92.0,0,attack,s02
16,68,0,0,0,0,0,0,0,0,0,0,0,0,,,,,0,0,,,0,,0,attack,s02
16,69,1,0,0,0,0,0,0,0,0,0,0,0,,,,,0,0,,,0,,0,attack,s02
16,70,0,0,0,0,0,0,0,0,0,0,0,0,,,,,0,0,,,0,,0,attack,s02
16,71,0,0,0,0,0,0,0,0,0,0,0,0,,,,,0,0,,,0,,0,attack,s02
16,72,0,1,0,0,0,0,0,0,0,0,1,0,420.0,19.0,6.0,,0,0,,,0,,0,attack,s02
16,73,0,0,0,0,0,0,0,0,0,0,0,0,,,,,0,1,99.0,1.6499725004583257,1,103.0,0,attack,s02
16,74,1,0,0,0,0,0,0,0,0,0,0,0,,,,,0,0,,,0,,0,attack,s02
16,75,0,0,0,0,0,0,0,0,0,0,0,0,,,,,0,0,,,0,,0,attack,s02
16,76,0,0,0,0,0,0,0,0,0,0,0,0,,,,,0,0,,,0,,0,attack,s02
16,77,0,0,0,0,0,0,0,0,0,0,0,0,,,,,0,0,,,0,,0,attack,s02
16,78,0,0,0,0,0,0,0,0,0,0,0,0,416.0,19.0,6.0,,0,0,,,0,,0,attack,s02
16,79,0,0,0,0,0,0,0,0,0,0,0,0,,,,,0,1,99.0,1.6499725004583257,1,114.0,0,attack,s02
16,80,0,0,0,0,0,0,0,0,0,0,0,0,,,,,0,0,,,0,,0,attack,s02
16,81,0,0,0,0,0,0,0,0,0,0,0,0,,,,,0,0,,,0,,0,attack,s02
16,82,0,2,0,0,0,0,0,0,0,0,1,0,,,,,0,0,,,0,,0,attack,s02
16,83,0,0,0,0,0,0,0,0,0,0,0,0,,,,,0,0,,,0,,0,attack,s02
16,84,1,0,0,0,0,0,0,0,0,0,0,0,412.0,19.0,6.0,,0,0,,,0,,0,attack,s02
16,85,0,0,0,0,0,0,0,0,0,0,0,0,,,,,0,1,100.0,1.666610557444566,1,115.0,0,attack,s02
16,86,0,0,0,0,0,0,0,0,0,0,0,0,,,,,0,0,,,0,,0,attack,s02
16,87,0,0,0,0,0,0,0,0,0,0,0,0,,,,,0,0,,,0,,0,attack,s02
16,88,0,0,0,0,0,0,0,0,0,0,0,0,,,,,0,0,,,0,,0,attack,s02
16,89,0,0,0,0,0,0,0,0,0,0,0,0,,,,,0,0,,,0,,0,attack,s02
16,90,0,1,0,0,0,0,0,0,0,0,1,0,409.0,19.0,6.0,,0,0,,,0,,0,attack,s02
16,91,0,0,0,0,0,0,0,0,0,0,0,0,,,,,0,1,97.0,1.616640261542395,1,109.0,0,attack,s02
16,92,0,0,0,0,0,0,0,0,0,0,0,0,,,,,0,0,,,0,,0,attack,s02
16,93,1,0,0,0,0,0,0,0,0,0,0,0,,,,,0,0,,,0,,0,attack,s02
16,94,0,0,0,0,0,0,0,0,0,0,0,0,,,,,0,0,,,0,,0,attack,s02
16,95,0,1,0,0,0,0,0,0,0,0,1,0,,,,,0,0,,,0,,0,attack,s02
16,96,0,0,0,0,0,0,0,0,0,0,0,0,406.0,19.0,6.0,,0,0,,,0,,0,attack,s02
16,97,0,0,0,0,0,0,0,0,0,0,0,0,,,,,0,1,99.0,1.6499725004583257,1,117.0,0,attack,s02
16,98,0,0,0,0,0,0,0,0,0,0,0,0,,,,,0,0,,,0,,0,attack,s02
16,99,1,0,0,0,0,0,0,0,0,0,0,0,,,,,0,0,,,0,,0,attack,s02
16,100,0,1,0,0,0,0,0,0,0,0,1,0,,,,,0,0,,,0,,0,attack,s02
16,101,0,1,0,0,0,0,0,0,0,0,1,0,,,,,0,0,,,0,,0,attack,s02
16,102,0,0,0,0,0,0,0,0,0,0,0,0,403.0,19.0,6.0,,0,0,,,0,,0,attack,s02
16,103,0,0,0,0,0,0,0,0,0,0,0,0,,,,,0,1,99.0,1.6499725004583257,1,101.0,0,attack,s02
16,104,0,2,0,0,0,0,0,0,0,0,1,0,,,,,0,0,,,0,,0,attack,s02
16,105,1,0,0,0,0,0,0,0,0,0,0,0,,,,,0,0,,,0,,0,attack,s02
16,106,0,1,0,0,0,0,0,0,0,0,1,0,,,,,0,0,,,0,,0,attack,s02
16,107,1,0,0,0,0,0,0,0,0,0,0,0,,,,,0,0,,,0,,0,attack,s02
16,108,0,0,0,0,0,0,0,0,0,0,0,0,401.0,19.0,6.0,,0,0,,,0,,0,attack,s02
16,109,0,0,0,0,0,0,0,0,0,0,0,0,,,,,0,1,100.0,1.6666388893518442,1,112.0,0,attack,s02
16,110,0,0,0,0,0,0,0,0,0,0,0,0,,,,,0,0,,,0,,0,attack,s02
16,111,0,0,0,0,0,0,0,0,0,0,0,0,,,,,0,0,,,0,,0,attack,s02
16,112,0,0,0,0,0,0,0,0,0,0,0,0,,,,,0,0,,,0,,0,attack,s02
16,113,1,0,0,0,0,0,0,0,0,0,0,0,,,,,0,0,,,0,,0,attack,s02
16,114,0,0,0,0,0,0,0,0,0,0,0,0,399.0,20.0,6.0,,0,0,,,0,,0,attack,s02
16,115,0,0,0,0,0,0,0,0,0,0,0,0,,,,,0,1,98.0,1.6333061115648073,1,122.0,0,attack,s02
16,116,0,0,0,0,0,0,0,0,0,0,0,0,,,,,0,0,,,0,,0,attack,s02
16,117,0,1,0,0,0,0,0,0,0,0,1,0,,,,,0,0,,,0,,0,attack,s02
16,118,0,0,0,0,0,0,0,0,0,0,0,0,,,,,0,0,,,0,,0,attack,s02
16,119,0,0,0,0,0,0,0,0,0,0,0,0,,,,,0,0,,,0,,0,attack,s02
16,120,0,0,0,0,0,0,0,0,0,0,0,0,397.0,20.0,6.0,,0,0,,,0,,0,attack,s02
16,121,1,0,0,0,0,0,0,0,0,0,0,0,,,,,0,1,99.0,1.6499725004583257,1,125.0,0,attack,s02
16,122,0,0,0,0,0,0,0,0,0,0,0,0,,,,,0,0,,,0,,0,attack,s02
16,123,0,0,0,0,0,0,0,0,0,0,0,0,,,,,0,0,,,0,,0,attack,s02
16,124,0,0,0,0,0,0,0,0,0,0,0,0,,,,,0,0,,,0,,0,attack,s02
16,125,0,0,0,0,0,0,0,0,0,0,0,0,,,,,0,0,,,0,,0,attack,s02
16,126,0,0,0,0,0,0,0,0,0,0,0,0,395.0,20.0,6.0,,0,0,,,0,,0,attack,s02
16,127,0,0,0,0,0,0,0,0,0,0,0,0,,,,,0,1,98.0,1.6333061115648073,1,94.0,0,attack,s02
16,128,0,0,0,0,0,0,0,0,0,0,0,0,,,,,0,0,,,0,,0,attack,s02
16,129,0,0,0,0,0,0,0,0,0,0,0,0,,,,,0,0,,,0,,0,attack,s02
16,130,1,0,0,0,0,0,0,0,0,0,0,0,,,,,0,0,,,0,,0,attack,s02
16,131,0,0,0,0,0,0,0,0,0,0,0,0,,,,,0,0,,,0,,0,attack,s02
16,132,0,0,0,0,0,0,0,0,0,0,0,0,393.0,20.0,6.0,,0,0,,,0,,0,attack,s02
16,133,0,0,0,0,0,0,0,0,0,0,0,0,,,,,0,1,99.0,1.6499725004583257,1,111.0,0,attack,s02
16,134,0,0,0,0,0,0,0,0,0,0,0,0,,,,,0,0,,,0,,0,attack,s02
16,135,0,1,0,0,0,0,0,0,0,0,1,0,,,,,0,0,,,0,,0,attack,s02
16,136,0,0,0,0,0,0,0,0,0,0,0,0,,,,,0,0,,,0,,0,attack,s02
16,137,1,0,0,0,0,0,0,0,0,0,0,0,,,,,0,0,,,0,,0,attack,s02
16,138,0,0,0,0,0,0,0,0,0,0,0,0,392.0,20.0,6.0,,0,0,,,0,,0,attack,s02
16,139,0,0,0,0,0,0,0,0,0,0,0,0,,,,,0,1,99.0,1.6499444518701203,1,104.0,0,attack,s02
16,140,0,0,0,0,0,0,0,0,0,0,0,0,,,,,0,0,,,0,,0,attack,s02
16,141,0,0,0,0,0,0,0,0,0,0,0,0,,,,,0,0,,,0,,0,attack,s02
16,142,0,0,0,0,0,0,0,0,0,0,0,0,,,,,0,0,,,0,,0,attack,s02
16,143,0,0,0,0,0,0,0,0,0,0,0,0,,,,,0,0,,,0,,0,attack,s02
16,144,0,0,0,0,0,0,0,0,0,0,0,0,391.0,20.0,6.0,,0,0,,,0,,0,attack,s02
16,145,0,0,0,0,0,0,0,0,0,0,0,0,,,,,0,1,98.0,1.6333066559912854,1,127.0,0,attack,s02
16,146,1,0,0,0,0,0,0,0,0,0,0,0,,,,,0,0,,,0,,0,attack,s02
16,147,0,0,0,0,0,0,0,0,0,0,0,0,,,,,0,0,,,0,,0,attack,s02
16,148,0,0,0,0,0,0,0,0,0,0,0,0,,,,,0,0,,,0,,0,attack,s02
16,149,0,1,0,0,0,0,0,0,0,0,1,0,,,,,0,0,,,0,,0,attack,s02
16,150,0,0,0,0,0,0,0,0,0,0,0,0,390.0,20.0,6.0,,0,0,,,0,,0,attack,s02
16,151,1,0,0,0,0,0,0,0,0,0,0,0,,,,,0,1,99.0,1.6499725004583257,1,122.0,0,attack,s02
16,152,0,0,0,0,0,0,0,0,0,0,0,0,,,,,0,0,,,0,,0,attack,s02
16,153,0,0,0,0,0,0,0,0,0,0,0,0,,,,,0,0,,,0,,0,attack,s02
16,154,0,0,0,0,0,0,0,0,0,0,0,0,,,,,0,0,,,0,,0,attack,s02
16,155,0,0,0,0,0,0,0,0,0,0,0,0,,,,,0,0,,,0,,0,attack,s02
16,156,0,0,0,0,0,0,0,0,0,0,0,0,389.0,20.0,6.0,,0,0,,,0,,0,attack,s02
16,157,0,0,0,0,0,0,0,0,0,0,0,0,,,,,0,1,98.0,1.6333061115648073,1,115.0,0,attack,s02
16,158,0,0,0,0,0,0,0,0,0,0,0,0,,,,,0,0,,,0,,0,attack,s02
16,159,0,0,0,0,0,0,0,0,0,0,0,0,,,,,0,0,,,0,,0,attack,s02
16,160,1,0,0,0,0,0,0,0,0,0,0,0,,,,,0,0,,,0,,0,attack,s02
16,161,0,0,0,0,0,0,0,0,0,0,0,0,,,,,0,0,,,0,,0,attack,s02
16,162,0,0,0,0,0,0,0,0,0,0,0,0,388.0,20.0,6.0,,0,0,,,0,,0,attack,s02
16,163,0,0,0,0,0,0,0,0,0,0,0,0,,,,,0,1,99.0,1.6499725004583257,1,121.0,0,attack,s02
16,164,0,1,0,0,0,0,0,0,0,0,1,0,,,,,0,0,,,0,,0,attack,s02
16,165,1,1,0,0,0,0,0,0,0,0,1,0,,,,,0,0,,,0,,0,attack,s02
16,166,0,0,0,0,0,0,0,0,0,0,0,0,,,,,0,0,,,0,,0,attack,s02
16,167,0,0,0,0,0,0,0,0,0,0,0,0,,,,,0,0,,,0,,0,attack,s02
16,168,0,2,0,0,0,0,0,0,0,0,1,0,387.0,20.0,6.0,,0,0,,,0,,0,attack,s02
16,169,0,0,0,0,0,0,0,0,0,0,0,0,,,,,0,1,99.0,1.6499725004583257,1,123.0,0,attack,s02
16,170,0,0,0,0,0,0,0,0,0,0,0,0,,,,,0,0,,,0,,0,attack,s02
16,171,1,0,0,0,0,0,0,0,0,0,0,0,,,,,0,0,,,0,,0,attack,s02
16,172,0,0,0,0,0,0,0,0,0,0,0,0,,,,,0,0,,,0,,0,attack,s02
16,173,0,1,0,0,0,0,0,0,0,0,1,0,,,,,0,0,,,0,,0,attack,s02
16,174,0,0,0,0,0,0,0,0,0,0,0,0,386.0,20.0,6.0,,0,0,,,0,,0,attack,s02
16,175,0,0,0,0,0,0,0,0,0,0,0,0,,,,,0,1,99.0,1.6499725004583257,1,95.0,0,attack,s02
16,176,0,1,1,1,0,0,0,0,0,0,1,0,,,,,0,0,,,0,,0,attack,s02
16,177,0,0,0,0,0,0,0,0,0,0,0,0,,,,,0,0,,,0,,0,attack,s02
16,178,1,0,0,0,0,0,0,0,0,0,0,0,,,,,0,0,,,0,,0,attack,s02
16,179,0,0,0,0,0,0,0,0,0,0,0,0,,,,,0,0,,,0,,0,attack,s02
16,180,0,0,0,0,0,0,0,0,0,0,0,0,384.0,20.0,6.0,,0,0,,,0,,0,attack,s02
16,181,0,0,0,0,0,0,0,0,0,0,0,0,,,,,0,0,,,0,,0,attack,s02
17,0,0,0,0,0,0,0,0,0,0,0,0,0,,,,,0,0,,,0,,0,attack,s02
17,1,0,0,0,0,1,0,0,0,0,1,0,0,,,,,0,0,,,0,,0,attack,s02
17,2,0,0,0,0,0,0,0,0,0,0,0,0,,,,,0,0,,,0,,0,attack,s02
17,3,0,0,0,0,1,0,0,0,0,1,0,0,,,,,0,0,,,0,,0,attack,s02
17,4,0,0,0,0,0,0,0,0,0,0,0,0,,,,,0,0,,,0,,0,attack,s02
17,5,0,0,0,0,0,0,0,0,0,0,0,0,,,,,0,0,,,0,,0,attack,s02
17,6,0,0,0,0,1,0,0,0,0,1,0,0,,,,,0,0,,,0,,0,attack,s02
17,7,0,0,0,0,0,0,0,0,0,0,0,0,,,,,0,0,,,0,,0,attack,s02
17,8,4,2,0,0,0,0,0,1,0,0,1,0,933.0,0.0,2.0,,0,0,,,0,,0,attack,s02
17,9,1,0,1,1,0,0,0,0,0,0,0,0,,,,,0,0,,,0,,0,attack,s02
17,10,1,0,0,0,0,0,0,0,0,0,0,0,,,,,0,0,,,0,,0,attack,s02
17,11,1,2,0,0,0,0,0,0,0,0,1,0,,,,,0,0,,,0,,0,attack,s02
17,12,0,0,0,0,0,0,0,0,0,0,0,0,840.0,14.0,2.0,,0,0,,,0,,0,attack,s02
17,13,1,0,0,0,0,0,0,0,0,0,0,0,,,,,0,0,,,0,,0,attack,s02
17,14,1,0,0,0,0,0,0,0,0,0,0,0,,,,,0,1,0.0,,1,127.0,0,attack,s02
17,15,0,0,0,0,0,0,0,0,0,0,0,0,,,,,0,0,,,0,,0,attack,s02
17,16,0,0,0,0,0,0,0,0,0,0,0,0,,,,,0,0,,,0,,0,attack,s02
17,17,0,2,0,0,0,0,0,0,0,0,1,0,,,,,0,0,,,0,,0,attack,s02
17,18,0,0,0,0,0,0,0,0,0,0,0,0,753.0,16.0,2.0,,0,0,,,0,,0,attack,s02
17,19,1,0,0,0,0,0,0,0,0,0,0,0,,,,,0,0,,,0,,0,attack,s02
17,20,0,0,0,0,0,0,0,0,0,0,0,0,,,,,0,1,99.0,1.6499725004583257,1,113.0,0,attack,s02
17,21,0,0,0,0,0,0,0,0,0,0,0,0,,,,,0,0,,,0,,0,attack,s02
17,22,0,0,0,0,0,0,0,0,0,0,0,0,,,,,0,0,,,0,,0,attack,s02
17,23,1,0,0,0,0,0,0,0,0,0,0,0,,,,,0,0,,,0,,0,attack,s02
17,24,0,0,0,0,0,0,0,0,0,0,0,0,750.0,17.0,2.0,,0,0,,,0,,0,attack,s02
17,25,0,0,0,0,0,0,0,0,0,0,0,0,,,,,0,0,,,0,,0,attack,s02
17,26,0,0,0,0,0,0,0,0,0,0,0,0,,,,,0,1,98.0,1.6333061115648073,1,94.0,0,attack,s02
17,27,0,0,0,0,0,0,0,0,0,0,0,0,,,,,0,0,,,0,,0,attack,s02
17,28,1,1,0,0,0,0,0,0,0,0,1,0,,,,,0,0,,,0,,0,attack,s02
17,29,0,0,0,0,0,0,0,0,0,0,0,0,,,,,0,0,,,0,,0,attack,s02
17,30,0,0,0,0,0,0,0,0,0,0,0,0,698.0,17.0,2.0,,0,0,,,0,,0,attack,s02
17,31,0,0,0,0,0,0,0,0,0,0,0,0,,,,,0,0,,,0,,0,attack,s02
17,32,0,0,0,0,0,0,0,0,0,0,0,0,,,,,0,1,98.0,1.6333061115648073,1,121.0,0,attack,s02
17,33,2,0,0,0,0,0,0,0,0,0,0,0,,,,,0,0,,,0,,0,attack,s02
17,34,0,0,0,0,0,0,0,0,0,0,0,0,,,,,0,0,,,0,,0,attack,s02
17,35,0,0,0,0,0,0,0,0,0,0,0,0,,,,,0,0,,,0,,0,attack,s02
17,36,0,0,0,0,0,0,0,0,0,0,0,0,696.0,18.0,2.0,,0,0,,,0,,0,attack,s02
17,37,0,0,0,0,0,0,0,0,0,0,0,0,,,,,0,0,,,0,,0,attack,s02
17,38,0,0,0,0,0,0,0,0,0,0,0,0,,,,,0,1,98.0,1.6333061115648073,1,109.0,0,attack,s02
17,39,0,0,0,0,0,0,0,0,0,0,0,0,,,,,0,0,,,0,,0,attack,s02
17,40,0,0,0,0,0,0,0,0,0,0,0,0,,,,,0,0,,,0,,0,attack,s02
17,41,1,0,0,0,0,0,0,0,0,0,0,0,,,,,0,0,,,0,,0,attack,s02
17,42,0,0,0,0,0,0,0,0,0,0,0,0,694.0,18.0,2.0,,0,0,,,0,,0,attack,s02
17,43,0,1,0,0,0,0,0,0,0,0,1,0,,,,,0,0,,,0,,0,attack,s02
17,44,0,0,0,0,0,0,0,0,0,0,0,0,,,,,0,1,98.0,1.6333061115648073,1,111.0,0,attack,s02
17,45,0,0,0,0,0,0,0,0,0,0,0,0,,,,,0,0,,,0,,0,attack,s02
17,46,0,0,0,0,0,0,0,0,0,0,0,0,,,,,0,0,,,0,,0,attack,s02
17,47,0,0,0,0,0,0,0,0,0,0,0,0,,,,,0,0,,,0,,0,attack,s02
17,48,1,1,0,0,0,0,0,0,0,0,1,0,680.0,18.0,2.0,,0,0,,,0,,0,attack,s02
17,49,0,0,0,0,0,0,0,0,0,0,0,0,,,,,0,0,,,0,,0,attack,s02
17,50,0,0,0,0,0,0,0,0,0,0,0,0,,,,,0,1,98.0,1.6333061115648073,1,91.0,0,attack,s02
17,51,1,0,0,0,0,0,0,0,0,0,0,0,,,,,0,0,,,0,,0,attack,s02
17,52,0,1,0,0,0,0,0,0,0,0,1,0,,,,,0,0,,,0,,0,attack,s02
17,53,0,0,0,0,0,0,0,0,0,0,0,0,,,,,0,0,,,0,,0,attack,s02
17,54,0,0,0,0,0,0,0,0,0,0,0,0,658.0,18.0,2.0,,0,0,,,0,,0,attack,s02
17,55,0,0,0,0,0,0,0,0,0,0,0,0,,,,,0,0,,,0,,0,attack,s02
17,56,0,0,0,0,0,0,0,0,0,0,0,0,,,,,0,1,99.0,1.649916954179973,1,121.0,0,attack,s02
17,57,1,0,0,0,0,0,0,0,0,0,0,0,,,,,0,0,,,0,,0,attack,s02
17,58,0,1,0,0,0,0,0,0,0,0,1,0,,,,,0,0,,,0,,0,attack,s02
17,59,0,0,0,0,0,0,0,0,0,0,0,0,,,,,0,0,,,0,,0,attack,s02
17,60,0,0,0,0,0,0,0,0,0,0,0,0,655.0,18.0,2.0,,0,0,,,0,,0,attack,s02
17,61,0,0,0,0,0,0,0,0,0,0,0,0,,,,,0,0,,,0,,0,attack,s02
17,62,0,0,0,0,0,0,0,0,0,0,0,0,,,,,0,1,98.0,1.6333066559912854,1,129.0,0,attack,s02
17,63,0,0,0,0,0,0,0,0,0,0,0,0,,,,,0,0,,,0,,0,attack,s02
17,64,1,0,0,0,0,0,0,0,0,0,0,0,,,,,0,0,,,0,,0,attack,s02
17,65,0,0,0,0,0,0,0,0,0,0,0,0,,,,,0,0,,,0,,0,attack,s02
17,66,0,0,0,0,0,0,0,0,0,0,0,0,654.0,19.0,2.0,,0,0,,,0,,0,attack,s02
17,67,0,0,0,0,0,0,0,0,0,0,0,0,,,,,0,0,,,0,,0,attack,s02
17,68,0,0,0,0,0,0,0,0,0,0,0,0,,,,,0,1,99.0,1.6499725004583257,1,121.0,0,attack,s02
17,69,0,0,0,0,0,0,0,0,0,0,0,0,,,,,0,0,,,0,,0,attack,s02
17,70,0,0,0,0,0,0,0,0,0,0,0,0,,,,,0,0,,,0,,0,attack,s02
17,71,0,0,0,0,0,0,0,0,0,0,0,0,,,,,0,0,,,0,,0,attack,s02
17,72,0,0,0,0,0,0,0,0,0,0,0,0,653.0,19.0,2.0,,0,0,,,0,,0,attack,s02
17,73,1,0,0,0,0,0,0,0,0,0,0,0,,,,,0,0,,,0,,0,attack,s02
17,74,0,0,0,0,0,0,0,0,0,0,0,0,,,,,0,1,98.0,1.6333061115648073,1,105.0,0,attack,s02
17,75,0,0,0,0,0,0,0,0,0,0,0,0,,,,,0,0,,,0,,0,attack,s02
17,76,0,0,0,0,0,0,0,0,0,0,0,0,,,,,0,0,,,0,,0,attack,s02
17,77,0,0,0,0,0,0,0,0,0,0,0,0,,,,,0,0,,,0,,0,attack,s02
17,78,0,0,0,0,0,0,0,0,0,0,0,0,652.0,19.0,2.0,,0,0,,,0,,0,attack,s02
17,79,0,0,0,0,0,0,0,0,0,0,0,0,,,,,0,0,,,0,,0,attack,s02
17,80,0,0,0,0,0,0,0,0,0,0,0,0,,,,,0,1,98.0,1.6333061115648073,1,91.0,0,attack,s02
17,81,0,0,0,0,0,0,0,0,0,0,0,0,,,,,0,0,,,0,,0,attack,s02
17,82,0,0,0,0,0,0,0,0,0,0,0,0,,,,,0,0,,,0,,0,attack,s02
17,83,1,0,0,0,0,0,0,0,0,0,0,0,,,,,0,0,,,0,,0,attack,s02
17,84,0,0,0,0,0,0,0,0,0,0,0,0,651.0,19.0,2.0,,0,0,,,0,,0,attack,s02
17,85,0,0,0,0,0,0,0,0,0,0,0,0,,,,,0,0,,,0,,0,attack,s02
17,86,0,0,0,0,0,0,0,0,0,0,0,0,,,,,0,1,99.0,1.6499725004583257,1,90.0,0,attack,s02
17,87,0,0,0,0,0,0,0,0,0,0,0,0,,,,,0,0,,,0,,0,attack,s02
17,88,0,0,0,0,0,0,0,0,0,0,0,0,,,,,0,0,,,0,,0,attack,s02
17,89,0,0,0,0,0,0,0,0,0,0,0,0,,,,,0,0,,,0,,0,attack,s02
17,90,0,0,0,0,0,0,0,0,0,0,0,0,650.0,19.0,2.0,,0,0,,,0,,0,attack,s02
17,91,1,0,0,0,0,0,0,0,0,0,0,0,,,,,0,0,,,0,,0,attack,s02
17,92,1,0,0,0,0,0,0,0,0,0,0,0,,,,,0,1,98.0,1.6333061115648073,1,130.0,0,attack,s02
17,93,0,0,0,0,0,0,0,0,0,0,0,0,,,,,0,0,,,0,,0,attack,s02
17,94,0,0,0,0,0,0,0,0,0,0,0,0,,,,,0,0,,,0,,0,attack,s02
17,95,0,0,0,0,0,0,0,0,0,0,0,0,,,,,0,0,,,0,,0,attack,s02
17,96,1,0,0,0,0,0,0,0,0,0,0,0,649.0,19.0,2.0,,0,0,,,0,,0,attack,s02
17,97,0,0,0,0,0,0,0,0,0,0,0,0,,,,,0,0,,,0,,0,attack,s02
17,98,0,1,0,0,0,0,0,0,0,0,1,0,,,,,0,1,98.0,1.6333061115648073,1,111.0,0,attack,s02
17,99,0,0,0,0,0,0,0,0,0,0,0,0,,,,,0,0,,,0,,0,attack,s02
17,100,0,0,0,0,0,0,0,0,0,0,0,0,,,,,0,0,,,0,,0,attack,s02
17,101,0,0,0,0,0,0,0,0,0,0,0,0,,,,,0,0,,,0,,0,attack,s02
17,102,0,0,0,0,0,0,0,0,0,0,0,0,642.0,19.0,2.0,,0,0,,,0,,0,attack,s02
17,103,0,0,0,0,0,0,0,0,0,0,0,0,,,,,0,0,,,0,,0,attack,s02
17,104,0,0,0,0,0,0,0,0,0,0,0,0,,,,,0,1,98.0,1.6333061115648073,1,112.0,0,attack,s02
17,105,1,0,0,0,0,0,0,0,0,0,0,0,,,,,0,0,,,0,,0,attack,s02
17,106,0,1,0,0,0,0,0,0,0,0,1,0,,,,,0,0,,,0,,0,attack,s02
17,107,0,0,0,0,0,0,0,0,0,0,0,0,,,,,0,0,,,0,,0,attack,s02
17,108,0,0,0,0,0,0,0,0,0,0,0,0,641.0,19.0,2.0,,0,0,,,0,,0,attack,s02
17,109,0,0,0,0,0,0,0,0,0,0,0,0,,,,,0,0,,,0,,0,attack,s02
17,110,0,0,0,0,0,0,0,0,0,0,0,0,,,,,0,1,99.0,1.6499725004583257,1,112.0,0,attack,s02
17,111,0,1,0,0,0,0,0,0,0,0,1,0,,,,,0,0,,,0,,0,attack,s02
17,112,0,0,0,0,0,0,0,0,0,0,0,0,,,,,0,0,,,0,,0,attack,s02
17,113,0,0,0,0,0,0,0,0,0,0,0,0,,,,,0,0,,,0,,0,attack,s02
17,114,0,0,0,0,0,0,0,0,0,0,0,0,640.0,20.0,2.0,,0,0,,,0,,0,attack,s02
17,115,1,0,0,0,0,0,0,0,0,0,0,0,,,,,0,0,,,0,,0,attack,s02
17,116,0,1,0,0,0,0,0,0,0,0,1,0,,,,,0,1,98.0,1.6333061115648073,1,103.0,0,attack,s02
17,117,0,0,0,0,0,0,0,0,0,0,0,0,,,,,0,0,,,0,,0,attack,s02
17,118,0,0,0,0,0,0,0,0,0,0,0,0,,,,,0,0,,,0,,0,attack,s02
17,119,1,0,0,0,0,0,0,0,0,0,0,0,,,,,0,0,,,0,,0,attack,s02
17,120,0,0,0,0,0,0,0,0,0,0,0,0,640.0,20.0,2.0,,0,0,,,0,,0,attack,s02
17,121,0,0,0,0,0,0,0,0,0,0,0,0,,,,,0,0,,,0,,0,attack,s02
17,122,0,0,0,0,0,0,0,0,0,0,0,0,,,,,0,1,98.0,1.6333061115648073,1,91.0,0,attack,s02
17,123,0,0,0,0,0,0,0,0,0,0,0,0,,,,,0,0,,,0,,0,attack,s02
17,124,0,0,0,0,0,0,0,0,0,0,0,0,,,,,0,0,,,0,,0,attack,s02
17,125,0,0,0,0,0,0,0,0,0,0,0,0,,,,,0,0,,,0,,0,attack,s02
17,126,0,0,0,0,0,0,0,0,0,0,0,0,640.0,20.0,2.0,,0,0,,,0,,0,attack,s02
17,127,0,0,0,0,0,0,0,0,0,0,0,0,,,,,0,0,,,0,,0,attack,s02
17,128,1,0,0,0,0,0,0,0,0,0,0,0,,,,,0,1,98.0,1.6333061115648073,1,90.0,0,attack,s02
17,129,0,0,0,0,0,0,0,0,0,0,0,0,,,,,0,0,,,0,,0,attack,s02
17,130,0,0,0,0,0,0,0,0,0,0,0,0,,,,,0,0,,,0,,0,attack,s02
17,131,0,0,0,0,0,0,0,0,0,0,0,0,,,,,0,0,,,0,,0,attack,s02
17,132,0,0,0,0,0,0,0,0,0,0,0,0,640.0,20.0,2.0,,0,0,,,0,,0,attack,s02
17,133,0,0,0,0,0,0,0,0,0,0,0,0,,,,,0,0,,,0,,0,attack,s02
17,134,0,0,0,0,0,0,0,0,0,0,0,0,,,,,0,1,98.0,1.6333061115648073,1,103.0,0,attack,s02
17,135,0,0,0,0,0,0,0,0,0,0,0,0,,,,,0,0,,,0,,0,attack,s02
17,136,0,0,0,0,0,0,0,0,0,0,0,0,,,,,0,0,,,0,,0,attack,s02
17,137,0,0,0,0,0,0,0,0,0,0,0,0,,,,,0,0,,,0,,0,attack,s02
17,138,1,0,0,0,0,0,0,0,0,0,0,0,640.0,20.0,2.0,,0,0,,,0,,0,attack,s02
17,139,0,0,0,0,0,0,0,0,0,0,0,0,,,,,0,0,,,0,,0,attack,s02
17,140,0,0,0,0,0,0,0,0,0,0,0,0,,,,,0,1,99.0,1.6499725004583257,1,117.0,0,attack,s02
17,141,0,0,0,0,0,0,0,0,0,0,0,0,,,,,0,0,,,0,,0,attack,s02
17,142,0,0,0,0,0,0,0,0,0,0,0,0,,,,,0,0,,,0,,0,attack,s02
17,143,0,0,0,0,0,0,0,0,0,0,0,0,,,,,0,0,,,0,,0,attack,s02
17,144,0,0,0,0,0,0,0,0,0,0,0,0,640.0,20.0,2.0,,0,0,,,0,,0,attack,s02
17,145,0,0,0,0,0,0,0,0,0,0,0,0,,,,,0,0,,,0,,0,attack,s02
17,146,1,0,0,0,0,0,0,0,0,0,0,0,,,,,0,0,,,0,,0,attack,s02
17,147,0,0,0,0,0,0,0,0,0,0,0,0,,,,,0,0,,,0,,0,attack,s02
17,148,0,0,0,0,0,0,0,0,0,0,0,0,,,,,0,0,,,0,,0,attack,s02
17,149,0,0,0,0,0,0,0,0,0,0,0,0,,,,,0,0,,,0,,0,attack,s02
17,150,0,0,0,0,0,0,0,0,0,0,0,0,640.0,20.0,2.0,,0,0,,,0,,0,attack,s02
17,151,1,0,0,0,0,0,0,0,0,0,0,0,,,,,0,0,,,0,,0,attack,s02
17,152,0,0,0,0,0,0,0,0,0,0,0,0,,,,,0,0,,,0,,0,attack,s02
17,153,0,0,0,0,0,0,0,0,0,0,0,0,,,,,0,0,,,0,,0,attack,s02
17,154,0,0,0,0,0,0,0,0,0,0,0,0,,,,,0,0,,,0,,0,attack,s02
17,155,0,0,0,0,0,0,0,0,0,0,0,0,,,,,0,0,,,0,,0,attack,s02
17,156,0,0,0,0,0,0,0,0,0,0,0,0,640.0,20.0,2.0,,0,0,,,0,,0,attack,s02
17,157,0,0,0,0,0,0,0,0,0,0,0,0,,,,,0,0,,,0,,0,attack,s02
17,158,1,0,0,0,0,0,0,0,0,0,0,0,,,,,0,0,,,0,,0,attack,s02
17,159,0,0,0,0,0,0,0,0,0,0,0,0,,,,,0,0,,,0,,0,attack,s02
17,160,0,0,0,0,0,0,0,0,0,0,0,0,,,,,0,0,,,0,,0,attack,s02
17,161,0,0,0,0,0,0,0,0,0,0,0,0,,,,,0,0,,,0,,0,attack,s02
17,162,0,0,0,0,0,0,0,0,0,0,0,0,640.0,20.0,2.0,,0,0,,,0,,0,attack,s02
17,163,0,0,0,0,0,0,0,0,0,0,0,0,,,,,0,0,,,0,,0,attack,s02
17,164,0,0,0,0,0,0,0,0,0,0,0,0,,,,,0,0,,,0,,0,attack,s02
17,165,0,0,0,0,0,0,0,0,0,0,0,0,,,,,0,0,,,0,,0,attack,s02
17,166,0,0,0,0,0,0,0,0,0,0,0,0,,,,,0,0,,,0,,0,attack,s02
17,167,0,0,0,0,0,0,0,0,0,0,0,0,,,,,0,0,,,0,,0,attack,s02
17,168,1,0,0,0,0,0,0,0,0,0,0,0,640.0,20.0,2.0,,0,0,,,0,,0,attack,s02
17,169,0,0,0,0,0,0,0,0,0,0,0,0,,,,,0,0,,,0,,0,attack,s02
17,170,0,0,0,0,0,0,0,0,0,0,0,0,,,,,0,0,,,0,,0,attack,s02
17,171,0,0,0,0,0,0,0,0,0,0,0,0,,,,,0,0,,,0,,0,attack,s02
17,172,0,0,0,0,0,0,0,0,0,0,0,0,,,,,0,0,,,0,,0,attack,s02
17,173,0,0,0,0,0,0,0,0,0,0,0,0,,,,,0,0,,,0,,0,attack,s02
17,174,0,0,0,0,0,0,0,0,0,0,0,0,640.0,20.0,2.0,,0,0,,,0,,0,attack,s02
17,175,0,0,0,0,0,0,0,0,0,0,0,0,,,,,0,0,,,0,,0,attack,s02
17,176,0,0,0,0,0,0,0,0,0,0,0,0,,,,,0,0,,,0,,0,attack,s02
17,177,1,0,0,0,0,0,0,0,0,0,0,0,,,,,0,0,,,0,,0,attack,s02
17,178,0,0,0,0,0,0,0,0,0,0,0,0,,,,,0,0,,,0,,0,attack,s02
17,179,0,1,0,0,0,0,0,0,0,0,1,0,,,,,0,0,,,0,,0,attack,s02
17,180,0,0,0,0,0,0,0,0,0,0,0,0,640.0,20.0,2.0,,0,0,,,0,,0,attack,s02
17,181,0,0,1,1,0,0,0,0,0,0,0,0,,,,,0,0,,,0,,0,attack,s02
18,0,0,0,0,0,0,0,0,0,0,0,0,0,,,,,0,0,,,0,,0,attack,s02
18,1,0,0,0,0,0,0,0,0,0,0,0,0,,,,,0,0,,,0,,0,attack,s02
18,2,0,0,0,0,0,0,0,0,0,0,0,0,,,,,0,0,,,0,,0,attack,s02
18,3,0,0,0,0,0,0,0,0,0,0,0,0,,,,,0,0,,,0,,0,attack,s02
18,4,0,0,0,0,1,0,0,0,0,1,0,0,,,,,0,0,,,0,,0,attack,s02
18,5,0,0,0,0,0,0,0,0,0,0,0,0,,,,,0,0,,,0,,0,attack,s02
18,6,0,0,0,0,0,0,0,0,0,0,0,0,,,,,0,0,,,0,,0,attack,s02
18,7,0,0,0,0,1,0,0,0,0,1,0,0,,,,,0,0,,,0,,0,attack,s02
18,8,2,1,0,0,0,0,0,0,0,0,1,0,,,,,0,0,,,0,,0,attack,s02
18,9,2,2,1,1,0,0,0,1,0,0,1,0,743.0,0.0,1.0,,0,0,,,0,,0,attack,s02
18,10,2,3,0,0,0,0,0,0,0,0,1,0,,,,,0,0,,,0,,0,attack,s02
18,11,0,4,0,0,0,0,0,0,0,0,1,0,,,,,0,1,0.0,,1,116.0,0,attack,s02
18,12,1,3,0,0,0,0,0,0,0,0,1,0,714.0,14.0,4.0,,0,0,,,0,,0,attack,s02
18,13,0,1,0,0,0,0,0,0,0,0,1,0,,,,,0,0,,,0,,0,attack,s02
18,14,1,1,0,0,0,0,0,0,0,0,1,0,,,,,0,0,,,0,,0,attack,s02
18,15,0,0,0,0,0,0,0,0,0,0,0,0,,,,,0,0,,,0,,0,attack,s02
18,16,0,3,0,0,0,0,0,0,0,0,1,0,,,,,0,0,,,0,,0,attack,s02
18,17,0,0,0,0,0,0,0,0,0,0,0,0,,,,,0,1,99.0,1.649916954179973,1,93.0,0,attack,s02
18,18,1,0,0,0,0,0,0,0,0,0,0,0,671.0,16.0,4.0,,0,0,,,0,,0,attack,s02
18,19,0,0,0,0,0,0,0,0,0,0,0,0,,,,,0,0,,,0,,0,attack,s02
18,20,1,2,0,0,0,0,0,0,0,0,1,0,,,,,0,0,,,0,,0,attack,s02
18,21,0,1,0,0,0,0,0,0,0,0,1,0,,,,,0,0,,,0,,0,attack,s02
18,22,0,0,0,0,0,0,0,0,0,0,0,0,,,,,0,0,,,0,,0,attack,s02
18,23,0,0,0,0,0,0,0,0,0,0,0,0,,,,,0,1,99.0,1.6499730504401762,1,103.0,0,attack,s02
18,24,0,0,0,0,0,0,0,0,0,0,0,0,637.0,17.0,4.0,,0,0,,,0,,0,attack,s02
18,25,0,0,0,0,0,0,0,0,0,0,0,0,,,,,0,0,,,0,,0,attack,s02
18,26,0,0,0,0,0,0,0,0,0,0,0,0,,,,,0,0,,,0,,0,attack,s02
18,27,0,0,0,0,0,0,0,0,0,0,0,0,,,,,0,0,,,0,,0,attack,s02
18,28,1,0,0,0,0,0,0,0,0,0,0,0,,,,,0,0,,,0,,0,attack,s02
18,29,0,1,0,0,0,0,0,0,0,0,1,0,,,,,0,1,99.0,1.6499725004583257,1,126.0,0,attack,s02
18,30,0,0,0,0,0,0,0,0,0,0,0,0,631.0,17.0,4.0,,0,0,,,0,,0,attack,s02
18,31,0,1,0,0,0,0,0,0,0,0,1,0,,,,,0,0,,,0,,0,attack,s02
18,32,1,1,0,0,0,0,0,0,0,0,1,0,,,,,0,0,,,0,,0,attack,s02
18,33,0,2,0,0,0,0,0,0,0,0,1,0,,,,,0,0,,,0,,0,attack,s02
18,34,0,0,0,0,0,0,0,0,0,0,0,0,,,,,0,0,,,0,,0,attack,s02
18,35,1,0,0,0,0,0,0,0,0,0,0,0,,,,,0,1,98.0,1.6333061115648073,1,100.0,0,attack,s02
18,36,0,0,0,0,0,0,0,0,0,0,0,0,579.0,18.0,4.0,,0,0,,,0,,0,attack,s02
18,37,0,0,0,0,0,0,0,0,0,0,0,0,,,,,0,0,,,0,,0,attack,s02
18,38,0,0,0,0,0,0,0,0,0,0,0,0,,,,,0,0,,,0,,0,attack,s02
18,39,0,0,0,0,0,0,0,0,0,0,0,0,,,,,0,0,,,0,,0,attack,s02
18,40,1,0,0,0,0,0,0,0,0,0,0,0,,,,,0,0,,,0,,0,attack,s02
18,41,0,0,0,0,0,0,0,0,0,0,0,0,,,,,0,1,99.0,1.6499725004583257,1,91.0,0,attack,s02
18,42,0,0,0,0,0,0,0,0,0,0,0,0,574.0,18.0,4.0,,0,0,,,0,,0,attack,s02
18,43,0,0,0,0,0,0,0,0,0,0,0,0,,,,,0,0,,,0,,0,attack,s02
18,44,0,0,0,0,0,0,0,0,0,0,0,0,,,,,0,0,,,0,,0,attack,s02
18,45,0,0,0,0,0,0,0,0,0,0,0,0,,,,,0,0,,,0,,0,attack,s02
18,46,0,0,0,0,0,0,0,0,0,0,0,0,,,,,0,0,,,0,,0,attack,s02
18,47,0,0,0,0,0,0,0,0,0,0,0,0,,,,,0,1,99.0,1.6499725004583257,1,99.0,0,attack,s02
18,48,1,0,0,0,0,0,0,0,0,0,0,0,570.0,18.0,4.0,,0,0,,,0,,0,attack,s02
18,49,0,0,0,0,0,0,0,0,0,0,0,0,,,,,0,0,,,0,,0,attack,s02
18,50,0,0,0,0,0,0,0,0,0,0,0,0,,,,,0,0,,,0,,0,attack,s02
18,51,0,0,0,0,0,0,0,0,0,0,0,0,,,,,0,0,,,0,,0,attack,s02
18,52,0,0,0,0,0,0,0,0,0,0,0,0,,,,,0,0,,,0,,0,attack,s02
18,53,1,0,0,0,0,0,0,0,0,0,0,0,,,,,0,1,99.0,1.6499725004583257,1,99.0,0,attack,s02
18,54,0,0,0,0,0,0,0,0,0,0,0,0,566.0,18.0,4.0,,0,0,,,0,,0,attack,s02
18,55,0,0,0,0,0,0,0,0,0,0,0,0,,,,,0,0,,,0,,0,attack,s02
18,56,0,1,0,0,0,0,0,0,0,0,1,0,,,,,0,0,,,0,,0,attack,s02
18,57,0,0,0,0,0,0,0,0,0,0,0,0,,,,,0,0,,,0,,0,attack,s02
18,58,1,0,0,0,0,0,0,0,0,0,0,0,,,,,0,0,,,0,,0,attack,s02
18,59,0,0,0,0,0,0,0,0,0,0,0,0,,,,,0,1,99.0,1.6499725004583257,1,111.0,0,attack,s02
18,60,0,1,0,0,0,0,0,0,0,0,1,0,540.0,18.0,4.0,,0,0,,,0,,0,attack,s02
18,61,0,0,0,0,0,0,0,0,0,0,0,0,,,,,0,0,,,0,,0,attack,s02
18,62,0,0,0,0,0,0,0,0,0,0,0,0,,,,,0,0,,,0,,0,attack,s02
18,63,0,0,0,0,0,0,0,0,0,0,0,0,,,,,0,0,,,0,,0,attack,s02
18,64,0,0,0,0,0,0,0,0,0,0,0,0,,,,,0,0,,,0,,0,attack,s02
18,65,1,1,0,0,0,0,0,0,0,0,1,0,,,,,0,1,98.0,1.6333061115648073,1,126.0,0,attack,s02
18,66,0,0,0,0,0,0,0,0,0,0,0,0,537.0,19.0,4.0,,0,0,,,0,,0,attack,s02
18,67,0,0,0,0,0,0,0,0,0,0,0,0,,,,,0,0,,,0,,0,attack,s02
18,68,0,0,0,0,0,0,0,0,0,0,0,0,,,,,0,0,,,0,,0,attack,s02
18,69,0,0,0,0,0,0,0,0,0,0,0,0,,,,,0,0,,,0,,0,attack,s02
18,70,0,0,0,0,0,0,0,0,0,0,0,0,,,,,0,0,,,0,,0,attack,s02
18,71,0,0,0,0,0,0,0,0,0,0,0,0,,,,,0,1,99.0,1.6499725004583257,1,102.0,0,attack,s02
18,72,0,0,0,0,0,0,0,0,0,0,0,0,534.0,19.0,4.0,,0,0,,,0,,0,attack,s02
18,73,0,1,0,0,0,0,0,0,0,0,1,0,,,,,0,0,,,0,,0,attack,s02
18,74,0,0,0,0,0,0,0,0,0,0,0,0,,,,,0,0,,,0,,0,attack,s02
18,75,1,0,0,0,0,0,0,0,0,0,0,0,,,,,0,0,,,0,,0,attack,s02
18,76,0,0,0,0,0,0,0,0,0,0,0,0,,,,,0,0,,,0,,0,attack,s02
18,77,0,0,0,0,0,0,0,0,0,0,0,0,,,,,0,1,98.0,1.6333061115648073,1,94.0,0,attack,s02
18,78,0,0,0,0,0,0,0,0,0,0,0,0,531.0,19.0,4.0,,0,0,,,0,,0,attack,s02
18,79,0,0,0,0,0,0,0,0,0,0,0,0,,,,,0,0,,,0,,0,attack,s02
18,80,0,1,0,0,0,0,0,0,0,0,1,0,,,,,0,0,,,0,,0,attack,s02
18,81,0,0,0,0,0,0,0,0,0,0,0,0,,,,,0,0,,,0,,0,attack,s02
18,82,0,0,0,0,0,0,0,0,0,0,0,0,,,,,0,0,,,0,,0,attack,s02
18,83,1,0,0,0,0,0,0,0,0,0,0,0,,,,,0,1,98.0,1.6333061115648073,1,126.0,0,attack,s02
18,84,0,0,0,0,0,0,0,0,0,0,0,0,529.0,19.0,4.0,,0,0,,,0,,0,attack,s02
18,85,0,0,0,0,0,0,0,0,0,0,0,0,,,,,0,0,,,0,,0,attack,s02
18,86,0,0,0,0,0,0,0,0,0,0,0,0,,,,,0,0,,,0,,0,attack,s02
18,87,0,0,0,0,0,0,0,0,0,0,0,0,,,,,0,0,,,0,,0,attack,s02
18,88,1,0,0,0,0,0,0,0,0,0,0,0,,,,,0,0,,,0,,0,attack,s02
18,89,0,1,0,0,0,0,0,0,0,0,1,0,,,,,0,1,99.0,1.6499725004583257,1,92.0,0,attack,s02
18,90,0,0,0,0,0,0,0,0,0,0,0,0,527.0,19.0,4.0,,0,0,,,0,,0,attack,s02
18,91,1,0,0,0,0,0,0,0,0,0,0,0,,,,,0,0,,,0,,0,attack,s02
18,92,0,0,0,0,0,0,0,0,0,0,0,0,,,,,0,0,,,0,,0,attack,s02
18,93,0,1,0,0,0,0,0,0,0,0,1,0,,,,,0,0,,,0,,0,attack,s02
18,94,0,0,0,0,0,0,0,0,0,0,0,0,,,,,0,0,,,0,,0,attack,s02
18,95,0,1,0,0,0,0,0,0,0,0,1,0,,,,,0,1,99.0,1.6499725004583257,1,130.0,0,attack,s02
18,96,0,0,0,0,0,0,0,0,0,0,0,0,525.0,19.0,4.0,,0,0,,,0,,0,attack,s02
18,97,0,0,0,0,0,0,0,0,0,0,0,0,,,,,0,0,,,0,,0,attack,s02
18,98,0,0,0,0,0,0,0,0,0,0,0,0,,,,,0,0,,,0,,0,attack,s02
18,99,0,0,0,0,0,0,0,0,0,0,0,0,,,,,0,0,,,0,,0,attack,s02
18,100,1,1,0,0,0,0,0,0,0,0,1,0,,,,,0,0,,,0,,0,attack,s02
18,101,0,0,0,0,0,0,0,0,0,0,0,0,,,,,0,1,98.0,1.6333061115648073,1,128.0,0,attack,s02
18,102,0,0,0,0,0,0,0,0,0,0,0,0,523.0,19.0,4.0,,0,0,,,0,,0,attack,s02
18,103,0,0,0,0,0,0,0,0,0,0,0,0,,,,,0,0,,,0,,0,attack,s02
18,104,0,0,0,0,0,0,0,0,0,0,0,0,,,,,0,0,,,0,,0,attack,s02
18,105,0,0,0,0,0,0,0,0,0,0,0,0,,,,,0,0,,,0,,0,attack,s02
18,106,0,0,0,0,0,0,0,0,0,0,0,0,,,,,0,0,,,0,,0,attack,s02
18,107,0,1,0,0,0,0,0,0,0,0,1,0,,,,,0,1,99.0,1.6499725004583257,1,111.0,0,attack,s02
18,108,0,0,0,0,0,0,0,0,0,0,0,0,521.0,19.0,4.0,,0,0,,,0,,0,attack,s02
18,109,0,0,0,0,0,0,0,0,0,0,0,0,,,,,0,0,,,0,,0,attack,s02
18,110,1,1,0,0,0,0,0,0,0,0,1,0,,,,,0,0,,,0,,0,attack,s02
18,111,0,0,0,0,0,0,0,0,0,0,0,0,,,,,0,0,,,0,,0,attack,s02
18,112,0,0,0,0,0,0,0,0,0,0,0,0,,,,,0,0,,,0,,0,attack,s02
18,113,0,0,0,0,0,0,0,0,0,0,0,0,,,,,0,1,99.0,1.6499725004583257,1,100.0,0,attack,s02
18,114,0,0,0,0,0,0,0,0,0,0,0,0,520.0,19.0,4.0,,0,0,,,0,,0,attack,s02
18,115,0,0,0,0,0,0,0,0,0,0,0,0,,,,,0,0,,,0,,0,attack,s02
18,116,0,0,0,0,0,0,0,0,0,0,0,0,,,,,0,0,,,0,,0,attack,s02
18,117,1,0,0,0,0,0,0,0,0,0,0,0,,,,,0,0,,,0,,0,attack,s02
18,118,0,1,0,0,0,0,0,0,0,0,1,0,,,,,0,0,,,0,,0,attack,s02
18,119,0,0,0,0,0,0,0,0,0,0,0,0,,,,,0,1,99.0,1.6499725004583257,1,97.0,0,attack,s02
18,120,0,1,0,0,0,0,0,0,0,0,1,0,519.0,20.0,4.0,,0,0,,,0,,0,attack,s02
18,121,0,0,0,0,0,0,0,0,0,0,0,0,,,,,0,0,,,0,,0,attack,s02
18,122,0,0,0,0,0,0,0,0,0,0,0,0,,,,,0,0,,,0,,0,attack,s02
18,123,0,0,0,0,0,0,0,0,0,0,0,0,,,,,0,0,,,0,,0,attack,s02
18,124,0,0,0,0,0,0,0,0,0,0,0,0,,,,,0,0,,,0,,0,attack,s02
18,125,0,1,0,0,0,0,0,0,0,0,1,0,,,,,0,1,98.0,1.6333061115648073,1,100.0,0,attack,s02
18,126,1,0,0,0,0,0,0,0,0,0,0,0,518.0,20.0,4.0,,0,0,,,0,,0,attack,s02
18,127,0,1,0,0,0,0,0,0,0,0,1,0,,,,,0,0,,,0,,0,attack,s02
18,128,0,0,0,0,0,0,0,0,0,0,0,0,,,,,0,0,,,0,,0,attack,s02
18,129,0,0,0,0,0,0,0,0,0,0,0,0,,,,,0,0,,,0,,0,attack,s02
18,130,0,0,0,0,0,0,0,0,0,0,0,0,,,,,0,0,,,0,,0,attack,s02
18,131,0,0,0,0,0,0,0,0,0,0,0,0,,,,,0,1,99.0,1.6499444518701203,1,121.0,0,attack,s02
18,132,0,0,0,0,0,0,0,0,0,0,0,0,517.0,20.0,4.0,,0,0,,,0,,0,attack,s02
18,133,0,0,0,0,0,0,0,0,0,0,0,0,,,,,0,0,,,0,,0,attack,s02
18,134,0,0,0,0,0,0,0,0,0,0,0,0,,,,,0,0,,,0,,0,attack,s02
18,135,0,0,0,0,0,0,0,0,0,0,0,0,,,,,0,0,,,0,,0,attack,s02
18,136,1,0,0,0,0,0,0,0,0,0,0,0,,,,,0,0,,,0,,0,attack,s02
18,137,0,0,0,0,0,0,0,0,0,0,0,0,,,,,0,1,98.0,1.6333066559912854,1,96.0,0,attack,s02
18,138,0,0,0,0,0,0,0,0,0,0,0,0,516.0,20.0,4.0,,0,0,,,0,,0,attack,s02
18,139,0,0,0,0,0,0,0,0,0,0,0,0,,,,,0,0,,,0,,0,attack,s02
18,140,0,0,0,0,0,0,0,0,0,0,0,0,,,,,0,0,,,0,,0,attack,s02
18,141,1,0,0,0,0,0,0,0,0,0,0,0,,,,,0,0,,,0,,0,attack,s02
18,142,0,0,0,0,0,0,0,0,0,0,0,0,,,,,0,0,,,0,,0,attack,s02
18,143,0,0,0,0,0,0,0,0,0,0,0,0,,,,,0,1,99.0,1.6499725004583257,1,103.0,0,attack,s02
18,144,0,0,0,0,0,0,0,0,0,0,0,0,515.0,20.0,4.0,,0,0,,,0,,0,attack,s02
18,145,0,0,0,0,0,0,0,0,0,0,0,0,,,,,0,0,,,0,,0,attack,s02
18,146,0,1,0,0,0,0,0,0,0,0,1,0,,,,,0,0,,,0,,0,attack,s02
18,147,0,0,0,0,0,0,0,0,0,0,0,0,,,,,0,0,,,0,,0,attack,s02
18,148,0,0,0,0,0,0,0,0,0,0,0,0,,,,,0,0,,,0,,0,attack,s02
18,149,0,1,0,0,0,0,0,0,0,0,1,0,,,,,0,1,98.0,1.6333061115648073,1,123.0,0,attack,s02
18,150,1,0,0,0,0,0,0,0,0,0,0,0,514.0,20.0,4.0,,0,0,,,0,,0,attack,s02
18,151,0,0,0,0,0,0,0,0,0,0,0,0,,,,,0,0,,,0,,0,attack,s02
18,152,0,0,0,0,0,0,0,0,0,0,0,0,,,,,0,0,,,0,,0,attack,s02
18,153,0,0,0,0,0,0,0,0,0,0,0,0,,,,,0,0,,,0,,0,attack,s02
18,154,0,0,0,0,0,0,0,0,0,0,0,0,,,,,0,0,,,0,,0,attack,s02
18,155,0,0,0,0,0,0,0,0,0,0,0,0,,,,,0,1,99.0,1.6499725004583257,1,123.0,0,attack,s02
18,156,0,1,0,0,0,0,0,0,0,0,1,0,513.0,20.0,4.0,,0,0,,,0,,0,attack,s02
18,157,0,0,0,0,0,0,0,0,0,0,0,0,,,,,0,0,,,0,,0,attack,s02
18,158,0,0,0,0,0,0,0,0,0,0,0,0,,,,,0,0,,,0,,0,attack,s02
18,159,0,0,0,0,0,0,0,0,0,0,0,0,,,,,0,0,,,0,,0,attack,s02
18,160,1,0,0,0,0,0,0,0,0,0,0,0,,,,,0,0,,,0,,0,attack,s02
18,161,0,0,0,0,0,0,0,0,0,0,0,0,,,,,0,0,,,0,,0,attack,s02
18,162,0,0,0,0,0,0,0,0,0,0,0,0,513.0,20.0,4.0,,0,0,,,0,,0,attack,s02
18,163,0,0,0,0,0,0,0,0,0,0,0,0,,,,,0,0,,,0,,0,attack,s02
18,164,0,0,0,0,0,0,0,0,0,0,0,0,,,,,0,0,,,0,,0,attack,s02
18,165,0,0,0,0,0,0,0,0,0,0,0,0,,,,,0,0,,,0,,0,attack,s02
18,166,0,0,0,0,0,0,0,0,0,0,0,0,,,,,0,0,,,0,,0,attack,s02
18,167,0,0,0,0,0,0,0,0,0,0,0,0,,,,,0,0,,,0,,0,attack,s02
18,168,0,0,0,0,0,0,0,0,0,0,0,0,513.0,20.0,4.0,,0,0,,,0,,0,attack,s02
18,169,0,1,0,0,0,0,0,0,0,0,1,0,,,,,0,0,,,0,,0,attack,s02
18,170,0,0,0,0,0,0,0,0,0,0,0,0,,,,,0,0,,,0,,0,attack,s02
18,171,0,0,0,0,0,0,0,0,0,0,0,0,,,,,0,0,,,0,,0,attack,s02
18,172,0,0,0,0,0,0,0,0,0,0,0,0,,,,,0,0,,,0,,0,attack,s02
18,173,0,0,0,0,0,0,0,0,0,0,0,0,,,,,0,0,,,0,,0,attack,s02
18,174,0,0,0,0,0,0,0,0,0,0,0,0,513.0,20.0,4.0,,0,0,,,0,,0,attack,s02
18,175,0,0,0,0,0,0,0,0,0,0,0,0,,,,,0,0,,,0,,0,attack,s02
18,176,0,1,0,0,0,0,0,0,0,0,1,0,,,,,0,0,,,0,,0,attack,s02
18,177,0,0,0,0,0,0,0,0,0,0,0,0,,,,,0,0,,,0,,0,attack,s02
18,178,1,0,0,0,0,0,0,0,0,0,0,0,,,,,0,0,,,0,,0,attack,s02
18,179,0,0,1,1,0,0,0,0,0,0,0,0,,,,,0,0,,,0,,0,attack,s02
18,180,0,0,0,0,0,0,0,0,0,0,0,0,512.0,20.0,4.0,,0,0,,,0,,0,attack,s02
18,181,0,0,0,0,0,0,0,0,0,0,0,0,,,,,0,0,,,0,,0,attack,s02
19,0,0,0,0,0,0,0,0,0,0,0,0,0,,,,,0,0,,,0,,0,attack,s02
19,1,0,0,0,0,1,0,0,0,0,1,0,0,,,,,0,0,,,0,,0,attack,s02
19,2,1,1,0,0,0,0,0,0,0,0,1,0,,,,,0,0,,,0,,0,attack,s02
19,3,1,3,1,1,0,0,0,1,0,0,1,0,624.0,0.0,1.0,,0,0,,,0,,0,attack,s02
19,4,2,2,0,0,0,0,0,0,0,0,1,0,,,,,0,0,,,0,,0,attack,s02
19,5,0,5,0,0,0,0,0,0,0,0,1,0,,,,,0,0,,,0,,0,attack,s02
19,6,1,2,0,0,0,0,0,0,0,0,1,0,632.0,14.0,6.0,,0,0,,,0,,0,attack,s02
19,7,0,2,0,0,0,0,0,0,0,0,1,0,,,,,0,1,0.0,,1,119.0,0,attack,s02
19,8,0,1,0,0,0,0,0,0,0,0,1,0,,,,,0,0,,,0,,0,attack,s02
19,9,1,2,0,0,0,0,0,0,0,0,1,0,,,,,0,0,,,0,,0,attack,s02
19,10,0,1,0,0,0,0,0,0,0,0,1,0,,,,,0,0,,,0,,0,attack,s02
19,11,1,0,0,0,0,0,0,0,0,0,0,0,,,,,0,0,,,0,,0,attack,s02
19,12,0,1,0,0,0,0,0,0,0,0,1,0,555.0,16.0,6.0,,0,0,,,0,,0,attack,s02
19,13,0,1,0,0,0,0,0,0,0,0,1,0,,,,,0,1,100.0,1.6666388893518442,1,123.0,0,attack,s02
19,14,0,2,0,0,0,0,0,0,0,0,1,0,,,,,0,0,,,0,,0,attack,s02
19,15,1,2,0,0,0,0,0,0,0,0,1,0,,,,,0,0,,,0,,0,attack,s02
19,16,0,0,0,0,0,0,0,0,0,0,0,0,,,,,0,0,,,0,,0,attack,s02
19,17,0,0,0,0,0,0,0,0,0,0,0,0,,,,,0,0,,,0,,0,attack,s02
19,18,1,0,0,0,0,0,0,0,0,0,0,0,509.0,17.0,6.0,,0,0,,,0,,0,attack,s02
19,19,0,0,0,0,0,0,0,0,0,0,0,0,,,,,0,1,99.0,1.6499725004583257,1,111.0,0,attack,s02
19,20,0,0,0,0,0,0,0,0,0,0,0,0,,,,,0,0,,,0,,0,attack,s02
19,21,0,0,0,0,0,0,0,0,0,0,0,0,,,,,0,0,,,0,,0,attack,s02
19,22,0,0,0,0,0,0,0,0,0,0,0,0,,,,,0,0,,,0,,0,attack,s02
19,23,0,0,0,0,0,0,0,0,0,0,0,0,,,,,0,0,,,0,,0,attack,s02
19,24,0,1,0,0,0,0,0,0,0,0,1,0,497.0,17.0,6.0,,0,0,,,0,,0,attack,s02
19,25,1,0,0,0,0,0,0,0,0,0,0,0,,,,,0,1,99.0,1.6499725004583257,1,111.0,0,attack,s02
19,26,0,2,0,0,0,0,0,0,0,0,1,0,,,,,0,0,,,0,,0,attack,s02
19,27,1,1,0,0,0,0,0,0,0,0,1,0,,,,,0,0,,,0,,0,attack,s02
19,28,0,0,0,0,0,0,0,0,0,0,0,0,,,,,0,0,,,0,,0,attack,s02
19,29,0,0,0,0,0,0,0,0,0,0,0,0,,,,,0,0,,,0,,0,attack,s02
19,30,0,0,0,0,0,0,0,0,0,0,0,0,486.0,18.0,6.0,,0,0,,,0,,0,attack,s02
19,31,0,0,0,0,0,0,0,0,0,0,0,0,,,,,0,1,98.0,1.6333061115648073,1,96.0,0,attack,s02
19,32,0,0,0,0,0,0,0,0,0,0,0,0,,,,,0,0,,,0,,0,attack,s02
19,33,0,0,0,0,0,0,0,0,0,0,0,0,,,,,0,0,,,0,,0,attack,s02
19,34,0,0,0,0,0,0,0,0,0,0,0,0,,,,,0,0,,,0,,0,attack,s02
19,35,1,1,0,0,0,0,0,0,0,0,1,0,,,,,0,0,,,0,,0,attack,s02
19,36,0,0,0,0,0,0,0,0,0,0,0,0,476.0,18.0,6.0,,0,0,,,0,,0,attack,s02
19,37,0,0,0,0,0,0,0,0,0,0,0,0,,,,,0,1,99.0,1.6499725004583257,1,99.0,0,attack,s02
19,38,0,0,0,0,0,0,0,0,0,0,0,0,,,,,0,0,,,0,,0,attack,s02
19,39,0,0,0,0,0,0,0,0,0,0,0,0,,,,,0,0,,,0,,0,attack,s02
19,40,0,0,0,0,0,0,0,0,0,0,0,0,,,,,0,0,,,0,,0,attack,s02
19,41,1,0,0,0,0,0,0,0,0,0,0,0,,,,,0,0,,,0,,0,attack,s02
19,42,0,0,0,0,0,0,0,0,0,0,0,0,467.0,18.0,6.0,,0,0,,,0,,0,attack,s02
19,43,0,0,0,0,0,0,0,0,0,0,0,0,,,,,0,1,98.0,1.6333061115648073,1,128.0,0,attack,s02
19,44,0,1,0,0,0,0,0,0,0,0,1,0,,,,,0,0,,,0,,0,attack,s02
19,45,0,0,0,0,0,0,0,0,0,0,0,0,,,,,0,0,,,0,,0,attack,s02
19,46,0,1,0,0,0,0,0,0,0,0,1,0,,,,,0,0,,,0,,0,attack,s02
19,47,0,0,0,0,0,0,0,0,0,0,0,0,,,,,0,0,,,0,,0,attack,s02
19,48,1,1,0,0,0,0,0,0,0,0,1,0,450.0,18.0,6.0,,0,0,,,0,,0,attack,s02
19,49,0,1,0,0,0,0,0,0,0,0,1,0,,,,,0,1,99.0,1.6499725004583257,1,107.0,0,attack,s02
19,50,1,0,0,0,0,0,0,0,0,0,0,0,,,,,0,0,,,0,,0,attack,s02
19,51,0,1,0,0,0,0,0,0,0,0,1,0,,,,,0,0,,,0,,0,attack,s02
19,52,0,0,0,0,0,0,0,0,0,0,0,0,,,,,0,0,,,0,,0,attack,s02
19,53,0,0,0,0,0,0,0,0,0,0,0,0,,,,,0,0,,,0,,0,attack,s02
19,54,0,1,0,0,0,0,0,0,0,0,1,0,443.0,18.0,6.0,,0,0,,,0,,0,attack,s02
19,55,0,0,0,0,0,0,0,0,0,0,0,0,,,,,0,1,98.0,1.6333061115648073,1,101.0,0,attack,s02
19,56,0,1,0,0,0,0,0,0,0,0,1,0,,,,,0,0,,,0,,0,attack,s02
19,57,1,0,0,0,0,0,0,0,0,0,0,0,,,,,0,0,,,0,,0,attack,s02
19,58,0,0,0,0,0,0,0,0,0,0,0,0,,,,,0,0,,,0,,0,attack,s02
19,59,0,0,0,0,0,0,0,0,0,0,0,0,,,,,0,0,,,0,,0,attack,s02
19,60,0,0,0,0,0,0,0,0,0,0,0,0,437.0,19.0,6.0,,0,0,,,0,,0,attack,s02
19,61,0,0,0,0,0,0,0,0,0,0,0,0,,,,,0,1,98.0,1.633299578475378,1,100.0,0,attack,s02
19,62,0,1,0,0,0,0,0,0,0,0,1,0,,,,,0,0,,,0,,0,attack,s02
19,63,1,0,0,0,0,0,0,0,0,0,0,0,,,,,0,0,,,0,,0,attack,s02
19,64,0,0,0,0,0,0,0,0,0,0,0,0,,,,,0,0,,,0,,0,attack,s02
19,65,0,1,0,0,0,0,0,0,0,0,1,0,,,,,0,0,,,0,,0,attack,s02
19,66,0,0,0,0,0,0,0,0,0,0,0,0,431.0,19.0,6.0,,0,0,,,0,,0,attack,s02
19,67,0,0,0,0,0,0,0,0,0,0,0,0,,,,,0,1,99.0,1.64997910026473,1,95.0,0,attack,s02
19,68,0,0,0,0,0,0,0,0,0,0,0,0,,,,,0,0,,,0,,0,attack,s02
19,69,0,0,0,0,0,0,0,0,0,0,0,0,,,,,0,0,,,0,,0,attack,s02
19,70,0,0,0,0,0,0,0,0,0,0,0,0,,,,,0,0,,,0,,0,attack,s02
19,71,0,0,0,0,0,0,0,0,0,0,0,0,,,,,0,0,,,0,,0,attack,s02
19,72,1,0,0,0,0,0,0,0,0,0,0,0,426.0,19.0,6.0,,0,0,,,0,,0,attack,s02
19,73,0,1,0,0,0,0,0,0,0,0,1,0,,,,,0,1,99.0,1.6499725004583257,1,105.0,0,attack,s02
19,74,0,0,0,0,0,0,0,0,0,0,0,0,,,,,0,0,,,0,,0,attack,s02
19,75,0,0,0,0,0,0,0,0,0,0,0,0,,,,,0,0,,,0,,0,attack,s02
19,76,0,0,0,0,0,0,0,0,0,0,0,0,,,,,0,0,,,0,,0,attack,s02
19,77,0,0,0,0,0,0,0,0,0,0,0,0,,,,,0,0,,,0,,0,attack,s02
19,78,0,0,0,0,0,0,0,0,0,0,0,0,421.0,19.0,6.0,,0,0,,,0,,0,attack,s02
19,79,0,1,0,0,0,0,0,0,0,0,1,0,,,,,0,1,99.0,1.6499725004583257,1,96.0,0,attack,s02
19,80,0,1,0,0,0,0,0,0,0,0,1,0,,,,,0,0,,,0,,0,attack,s02
19,81,1,0,0,0,0,0,0,0,0,0,0,0,,,,,0,0,,,0,,0,attack,s02
19,82,0,1,0,0,0,0,0,0,0,0,1,0,,,,,0,0,,,0,,0,attack,s02
19,83,0,0,0,0,0,0,0,0,0,0,0,0,,,,,0,0,,,0,,0,attack,s02
19,84,0,0,0,0,0,0,0,0,0,0,0,0,417.0,19.0,6.0,,0,0,,,0,,0,attack,s02
19,85,0,0,0,0,0,0,0,0,0,0,0,0,,,,,0,1,98.0,1.6333061115648073,1,94.0,0,attack,s02
19,86,0,0,0,0,0,0,0,0,0,0,0,0,,,,,0,0,,,0,,0,attack,s02
19,87,1,1,0,0,0,0,0,0,0,0,1,0,,,,,0,0,,,0,,0,attack,s02
19,88,0,0,0,0,0,0,0,0,0,0,0,0,,,,,0,0,,,0,,0,attack,s02
19,89,0,0,0,0,0,0,0,0,0,0,0,0,,,,,0,0,,,0,,0,attack,s02
19,90,0,0,0,0,0,0,0,0,0,0,0,0,413.0,19.0,6.0,,0,0,,,0,,0,attack,s02
19,91,0,0,0,0,0,0,0,0,0,0,0,0,,,,,0,1,98.0,1.6333061115648073,1,114.0,0,attack,s02
19,92,0,1,0,0,0,0,0,0,0,0,1,0,,,,,0,0,,,0,,0,attack,s02
19,93,1,0,0,0,0,0,0,0,0,0,0,0,,,,,0,0,,,0,,0,attack,s02
19,94,0,0,0,0,0,0,0,0,0,0,0,0,,,,,0,0,,,0,,0,attack,s02
19,95,0,1,0,0,0,0,0,0,0,0,1,0,,,,,0,0,,,0,,0,attack,s02
19,96,0,0,0,0,0,0,0,0,0,0,0,0,410.0,19.0,6.0,,0,0,,,0,,0,attack,s02
19,97,0,0,0,0,0,0,0,0,0,0,0,0,,,,,0,1,99.0,1.6499725004583257,1,91.0,0,attack,s02
19,98,2,0,0,0,0,0,0,0,0,0,0,0,,,,,0,0,,,0,,0,attack,s02
19,99,0,0,0,0,0,0,0,0,0,0,0,0,,,,,0,0,,,0,,0,attack,s02
19,100,0,1,0,0,0,0,0,0,0,0,1,0,,,,,0,0,,,0,,0,attack,s02
19,101,0,1,0,0,0,0,0,0,0,0,1,0,,,,,0,0,,,0,,0,attack,s02
19,102,0,0,0,0,0,0,0,0,0,0,0,0,407.0,19.0,6.0,,0,0,,,0,,0,attack,s02
19,103,0,0,0,0,0,0,0,0,0,0,0,0,,,,,0,1,99.0,1.6499725004583257,1,90.0,0,attack,s02
19,104,1,1,0,0,0,0,0,0,0,0,1,0,,,,,0,0,,,0,,0,attack,s02
19,105,0,0,0,0,0,0,0,0,0,0,0,0,,,,,0,0,,,0,,0,attack,s02
19,106,0,1,0,0,0,0,0,0,0,0,1,0,,,,,0,0,,,0,,0,attack,s02
19,107,0,1,0,0,0,0,0,0,0,0,1,0,,,,,0,0,,,0,,0,attack,s02
19,108,0,0,0,0,0,0,0,0,0,0,0,0,404.0,19.0,6.0,,0,0,,,0,,0,attack,s02
19,109,0,1,0,0,0,0,0,0,0,0,1,0,,,,,0,1,100.0,1.6666388893518442,1,110.0,0,attack,s02
19,110,0,0,0,0,0,0,0,0,0,0,0,0,,,,,0,0,,,0,,0,attack,s02
19,111,0,0,0,0,0,0,0,0,0,0,0,0,,,,,0,0,,,0,,0,attack,s02
19,112,0,0,0,0,0,0,0,0,0,0,0,0,,,,,0,0,,,0,,0,attack,s02
19,113,0,0,0,0,0,0,0,0,0,0,0,0,,,,,0,0,,,0,,0,attack,s02
19,114,0,0,0,0,0,0,0,0,0,0,0,0,402.0,20.0,6.0,,0,0,,,0,,0,attack,s02
19,115,1,0,0,0,0,0,0,0,0,0,0,0,,,,,0,1,99.0,1.6499725004583257,1,125.0,0,attack,s02
19,116,0,0,0,0,0,0,0,0,0,0,0,0,,,,,0,0,,,0,,0,attack,s02
19,117,0,1,0,0,0,0,0,0,0,0,1,0,,,,,0,0,,,0,,0,attack,s02
19,118,0,0,0,0,0,0,0,0,0,0,0,0,,,,,0,0,,,0,,0,attack,s02
19,119,0,0,0,0,0,0,0,0,0,0,0,0,,,,,0,0,,,0,,0,attack,s02
19,120,0,0,0,0,0,0,0,0,0,0,0,0,400.0,20.0,6.0,,0,0,,,0,,0,attack,s02
19,121,0,0,0,0,0,0,0,0,0,0,0,0,,,,,0,1,98.0,1.6333061115648073,1,125.0,0,attack,s02
19,122,1,0,0,0,0,0,0,0,0,0,0,0,,,,,0,0,,,0,,0,attack,s02
19,123,0,0,0,0,0,0,0,0,0,0,0,0,,,,,0,0,,,0,,0,attack,s02
19,124,0,0,0,0,0,0,0,0,0,0,0,0,,,,,0,0,,,0,,0,attack,s02
19,125,0,0,0,0,0,0,0,0,0,0,0,0,,,,,0,0,,,0,,0,attack,s02
19,126,0,0,0,0,0,0,0,0,0,0,0,0,398.0,20.0,6.0,,0,0,,,0,,0,attack,s02
19,127,0,0,0,0,0,0,0,0,0,0,0,0,,,,,0,1,99.0,1.6499725004583257,1,126.0,0,attack,s02
19,128,1,1,0,0,0,0,0,0,0,0,1,0,,,,,0,0,,,0,,0,attack,s02
19,129,0,0,0,0,0,0,0,0,0,0,0,0,,,,,0,0,,,0,,0,attack,s02
19,130,0,1,0,0,0,0,0,0,0,0,1,0,,,,,0,0,,,0,,0,attack,s02
19,131,0,0,0,0,0,0,0,0,0,0,0,0,,,,,0,0,,,0,,0,attack,s02
19,132,0,0,0,0,0,0,0,0,0,0,0,0,396.0,20.0,6.0,,0,0,,,0,,0,attack,s02
19,133,0,0,0,0,0,0,0,0,0,0,0,0,,,,,0,1,98.0,1.6333061115648073,1,122.0,0,attack,s02
19,134,0,0,0,0,0,0,0,0,0,0,0,0,,,,,0,0,,,0,,0,attack,s02
19,135,0,1,0,0,0,0,0,0,0,0,1,0,,,,,0,0,,,0,,0,attack,s02
19,136,1,0,0,0,0,0,0,0,0,0,0,0,,,,,0,0,,,0,,0,attack,s02
19,137,0,0,0,0,0,0,0,0,0,0,0,0,,,,,0,0,,,0,,0,attack,s02
19,138,0,0,0,0,0,0,0,0,0,0,0,0,394.0,20.0,6.0,,0,0,,,0,,0,attack,s02
19,139,0,0,0,0,0,0,0,0,0,0,0,0,,,,,0,1,99.0,1.6499725004583257,1,119.0,0,attack,s02
19,140,0,0,0,0,0,0,0,0,0,0,0,0,,,,,0,0,,,0,,0,attack,s02
19,141,0,1,0,0,0,0,0,0,0,0,1,0,,,,,0,0,,,0,,0,attack,s02
19,142,0,0,0,0,0,0,0,0,0,0,0,0,,,,,0,0,,,0,,0,attack,s02
19,143,0,0,0,0,0,0,0,0,0,0,0,0,,,,,0,0,,,0,,0,attack,s02
19,144,1,1,0,0,0,0,0,0,0,0,1,0,393.0,20.0,6.0,,0,0,,,0,,0,attack,s02
19,145,0,0,0,0,0,0,0,0,0,0,0,0,,,,,0,1,99.0,1.6499725004583257,1,109.0,0,attack,s02
19,146,0,0,0,0,0,0,0,0,0,0,0,0,,,,,0,0,,,0,,0,attack,s02
19,147,0,1,0,0,0,0,0,0,0,0,1,0,,,,,0,0,,,0,,0,attack,s02
19,148,0,0,0,0,0,0,0,0,0,0,0,0,,,,,0,0,,,0,,0,attack,s02
19,149,0,0,0,0,0,0,0,0,0,0,0,0,,,,,0,0,,,0,,0,attack,s02
19,150,0,0,0,0,0,0,0,0,0,0,0,0,392.0,20.0,6.0,,0,0,,,0,,0,attack,s02
19,151,0,1,0,0,0,0,0,0,0,0,1,0,,,,,0,1,98.0,1.6333061115648073,1,108.0,0,attack,s02
19,152,1,0,0,0,0,0,0,0,0,0,0,0,,,,,0,0,,,0,,0,attack,s02
19,153,0,0,0,0,0,0,0,0,0,0,0,0,,,,,0,0,,,0,,0,attack,s02
19,154,0,1,0,0,0,0,0,0,0,0,1,0,,,,,0,0,,,0,,0,attack,s02
19,155,0,0,0,0,0,0,0,0,0,0,0,0,,,,,0,0,,,0,,0,attack,s02
19,156,0,0,0,0,0,0,0,0,0,0,0,0,391.0,20.0,6.0,,0,0,,,0,,0,attack,s02
19,157,1,0,0,0,0,0,0,0,0,0,0,0,,,,,0,1,99.0,1.6499725004583257,1,122.0,0,attack,s02
19,158,0,1,0,0,0,0,0,0,0,0,1,0,,,,,0,0,,,0,,0,attack,s02
19,159,0,0,0,0,0,0,0,0,0,0,0,0,,,,,0,0,,,0,,0,attack,s02
19,160,0,1,0,0,0,0,0,0,0,0,1,0,,,,,0,0,,,0,,0,attack,s02
19,161,0,1,0,0,0,0,0,0,0,0,1,0,,,,,0,0,,,0,,0,attack,s02
19,162,0,0,0,0,0,0,0,0,0,0,0,0,390.0,20.0,6.0,,0,0,,,0,,0,attack,s02
19,163,0,0,0,0,0,0,0,0,0,0,0,0,,,,,0,1,99.0,1.6499725004583257,1,108.0,0,attack,s02
19,164,1,0,0,0,0,0,0,0,0,0,0,0,,,,,0,0,,,0,,0,attack,s02
19,165,0,0,0,0,0,0,0,0,0,0,0,0,,,,,0,0,,,0,,0,attack,s02
19,166,0,0,0,0,0,0,0,0,0,0,0,0,,,,,0,0,,,0,,0,attack,s02
19,167,0,0,0,0,0,0,0,0,0,0,0,0,,,,,0,0,,,0,,0,attack,s02
19,168,0,2,0,0,0,0,0,0,0,0,1,0,389.0,20.0,6.0,,0,0,,,0,,0,attack,s02
19,169,0,0,0,0,0,0,0,0,0,0,0,0,,,,,0,1,99.0,1.6499725004583257,1,91.0,0,attack,s02
19,170,0,0,0,0,0,0,0,0,0,0,0,0,,,,,0,0,,,0,,0,attack,s02
19,171,1,1,0,0,0,0,0,0,0,0,1,0,,,,,0,0,,,0,,0,attack,s02
19,172,0,0,1,1,0,0,0,0,0,0,0,0,,,,,0,0,,,0,,0,attack,s02
19,173,0,0,0,0,0,0,0,0,0,0,0,0,,,,,0,0,,,0,,0,attack,s02
19,174,0,0,0,0,0,0,0,0,0,0,0,0,387.0,20.0,6.0,,0,0,,,0,,0,attack,s02
19,175,0,0,0,0,0,0,0,0,0,0,0,0,,,,,0,1,99.0,1.6499725004583257,1,122.0,0,attack,s02
19,176,1,0,0,0,0,0,0,0,0,0,0,0,,,,,0,0,,,0,,0,attack,s02
19,177,0,0,0,0,0,0,0,0,0,0,0,0,,,,,0,0,,,0,,0,attack,s02
19,178,0,1,0,0,0,0,0,0,0,0,1,0,,,,,0,0,,,0,,0,attack,s02
19,179,0,2,0,0,0,0,0,0,0,0,1,0,,,,,0,0,,,0,,0,attack,s02
19,180,0,0,0,0,0,0,0,0,0,0,0,0,386.0,20.0,6.0,,0,0,,,0,,0,attack,s02
19,181,0,0,0,0,0,0,0,0,0,0,0,0,,,,,0,1,98.0,1.6333061115648073,1,122.0,0,attack,s02
20,0,0,0,0,0,0,0,0,0,0,0,0,0,,,,,0,0,,,0,,0,attack,s02
20,1,0,0,0,0,0,0,0,0,0,0,0,0,,,,,0,0,,,0,,0,attack,s02
20,2,0,1,0,0,0,0,0,0,0,0,1,0,,,,,0,0,,,0,,0,attack,s02
20,3,3,2,0,0,0,0,0,1,0,0,1,0,603.0,0.0,2.0,,0,0,,,0,,0,attack,s02
20,4,1,5,1,1,0,0,0,0,0,0,1,3,,,,,0,0,,,0,,0,attack,s02
20,5,1,8,0,0,0,0,0,0,0,0,1,5,,,,,0,0,,,0,,0,attack,s02
20,6,1,4,0,0,0,0,0,0,0,0,1,0,576.0,14.0,7.0,,0,0,,,0,,0,attack,s02
20,7,0,3,0,0,0,0,0,0,0,0,1,0,,,,,0,0,,,0,,0,attack,s02
20,8,0,2,0,0,0,0,0,0,0,0,1,0,,,,,0,0,,,0,,0,attack,s02
20,9,0,3,0,0,0,0,0,0,0,0,1,0,,,,,0,0,,,0,,0,attack,s02
20,10,1,0,0,0,0,0,0,0,0,0,0,0,,,,,0,0,,,0,,0,attack,s02
20,11,1,2,0,0,0,0,0,0,0,0,1,0,,,,,0,1,0.0,,1,116.0,0,attack,s02
20,12,0,1,0,0,0,0,0,0,0,0,1,0,482.0,16.0,7.0,,0,0,,,0,,0,attack,s02
20,13,0,1,0,0,0,0,0,0,0,0,1,0,,,,,0,0,,,0,,0,attack,s02
20,14,0,1,0,0,0,0,0,0,0,0,1,0,,,,,0,0,,,0,,0,attack,s02
20,15,1,1,0,0,0,0,0,0,0,0,1,0,,,,,0,0,,,0,,0,attack,s02
20,16,0,1,0,0,0,0,0,0,0,0,1,0,,,,,0,0,,,0,,0,attack,s02
20,17,1,2,0,0,0,0,0,0,0,0,1,0,,,,,0,1,100.0,1.6666388893518442,1,112.0,0,attack,s02
20,18,0,0,0,0,0,0,0,0,0,0,0,0,429.0,17.0,7.0,,0,0,,,0,,0,attack,s02
20,19,0,0,0,0,0,0,0,0,0,0,0,0,,,,,0,0,,,0,,0,attack,s02
20,20,0,0,0,0,0,0,0,0,0,0,0,0,,,,,0,0,,,0,,0,attack,s02
20,21,0,1,0,0,0,0,0,0,0,0,1,0,,,,,0,0,,,0,,0,attack,s02
20,22,0,0,0,0,0,0,0,0,0,0,0,0,,,,,0,0,,,0,,0,attack,s02
20,23,0,0,0,0,0,0,0,0,0,0,0,0,,,,,0,1,99.0,1.6499725004583257,1,124.0,0,attack,s02
20,24,0,0,0,0,0,0,0,0,0,0,0,0,415.0,17.0,7.0,,0,0,,,0,,0,attack,s02
20,25,0,1,0,0,0,0,0,0,0,0,1,0,,,,,0,0,,,0,,0,attack,s02
20,26,1,3,0,0,0,0,0,0,0,0,1,0,,,,,0,0,,,0,,0,attack,s02
20,27,1,3,0,0,0,0,0,0,0,0,1,0,,,,,0,0,,,0,,0,attack,s02
20,28,0,1,0,0,0,0,0,0,0,0,1,0,,,,,0,0,,,0,,0,attack,s02
20,29,0,0,0,0,0,0,0,0,0,0,0,0,,,,,0,1,100.0,1.6666388893518442,1,92.0,0,attack,s02
20,30,0,0,0,0,0,0,0,0,0,0,0,0,397.0,18.0,7.0,,0,0,,,0,,0,attack,s02
20,31,0,0,0,0,0,0,0,0,0,0,0,0,,,,,0,0,,,0,,0,attack,s02
20,32,1,1,0,0,0,0,0,0,0,0,1,0,,,,,0,0,,,0,,0,attack,s02
20,33,0,0,0,0,0,0,0,0,0,0,0,0,,,,,0,0,,,0,,0,attack,s02
20,34,0,0,0,0,0,0,0,0,0,0,0,0,,,,,0,0,,,0,,0,attack,s02
20,35,0,0,0,0,0,0,0,0,0,0,0,0,,,,,0,1,98.0,1.6333061115648073,1,98.0,0,attack,s02
20,36,0,0,0,0,0,0,0,0,0,0,0,0,391.0,18.0,7.0,,0,0,,,0,,0,attack,s02
20,37,1,0,0,0,0,0,0,0,0,0,0,0,,,,,0,0,,,0,,0,attack,s02
20,38,0,0,0,0,0,0,0,0,0,0,0,0,,,,,0,0,,,0,,0,attack,s02
20,39,0,0,0,0,0,0,0,0,0,0,0,0,,,,,0,0,,,0,,0,attack,s02
20,40,0,1,0,0,0,0,0,0,0,0,1,0,,,,,0,0,,,0,,0,attack,s02
20,41,0,1,0,0,0,0,0,0,0,0,1,0,,,,,0,1,100.0,1.6666388893518442,1,103.0,0,attack,s02
20,42,1,0,0,0,0,0,0,0,0,0,0,0,387.0,18.0,7.0,,0,0,,,0,,0,attack,s02
20,43,0,1,0,0,0,0,0,0,0,0,1,0,,,,,0,0,,,0,,0,attack,s02
20,44,0,1,0,0,0,0,0,0,0,0,1,0,,,,,0,0,,,0,,0,attack,s02
20,45,0,0,0,0,0,0,0,0,0,0,0,0,,,,,0,0,,,0,,0,attack,s02
20,46,1,0,0,0,0,0,0,0,0,0,0,0,,,,,0,0,,,0,,0,attack,s02
20,47,0,0,0,0,0,0,0,0,0,0,0,0,,,,,0,1,99.0,1.6499725004583257,1,130.0,0,attack,s02
20,48,0,1,0,0,0,0,0,0,0,0,1,0,384.0,18.0,7.0,,0,0,,,0,,0,attack,s02
20,49,0,0,0,0,0,0,0,0,0,0,0,0,,,,,0,0,,,0,,0,attack,s02
20,50,0,1,0,0,0,0,0,0,0,0,1,0,,,,,0,0,,,0,,0,attack,s02
20,51,1,1,0,0,0,0,0,0,0,0,1,0,,,,,0,0,,,0,,0,attack,s02
20,52,0,2,0,0,0,0,0,0,0,0,1,0,,,,,0,0,,,0,,0,attack,s02
20,53,0,0,0,0,0,0,0,0,0,0,0,0,,,,,0,1,100.0,1.6666388893518442,1,92.0,0,attack,s02
20,54,0,1,0,0,0,0,0,0,0,0,1,0,384.0,18.0,7.0,,0,0,,,0,,0,attack,s02
20,55,0,0,0,0,0,0,0,0,0,0,0,0,,,,,0,0,,,0,,0,attack,s02
20,56,0,1,0,0,0,0,0,0,0,0,1,0,,,,,0,0,,,0,,0,attack,s02
20,57,0,0,0,0,0,0,0,0,0,0,0,0,,,,,0,0,,,0,,0,attack,s02
20,58,0,0,0,0,0,0,0,0,0,0,0,0,,,,,0,0,,,0,,0,attack,s02
20,59,0,0,0,0,0,0,0,0,0,0,0,0,,,,,0,1,99.0,1.6499725004583257,1,97.0,0,attack,s02
20,60,1,1,0,0,0,0,0,0,0,0,1,0,384.0,19.0,7.0,,0,0,,,0,,0,attack,s02
20,61,0,0,0,0,0,0,0,0,0,0,0,0,,,,,0,0,,,0,,0,attack,s02
20,62,0,0,0,0,0,0,0,0,0,0,0,0,,,,,0,0,,,0,,0,attack,s02
20,63,0,0,0,0,0,0,0,0,0,0,0,0,,,,,0,0,,,0,,0,attack,s02
20,64,0,0,0,0,0,0,0,0,0,0,0,0,,,,,0,0,,,0,,0,attack,s02
20,65,0,0,0,0,0,0,0,0,0,0,0,0,,,,,0,1,98.0,1.6333061115648073,1,113.0,0,attack,s02
20,66,0,0,0,0,0,0,0,0,0,0,0,0,384.0,19.0,7.0,,0,0,,,0,,0,attack,s02
20,67,0,0,0,0,0,0,0,0,0,0,0,0,,,,,0,0,,,0,,0,attack,s02
20,68,1,0,0,0,0,0,0,0,0,0,0,0,,,,,0,0,,,0,,0,attack,s02
20,69,0,1,0,0,0,0,0,0,0,0,1,0,,,,,0,0,,,0,,0,attack,s02
20,70,0,0,0,0,0,0,0,0,0,0,0,0,,,,,0,0,,,0,,0,attack,s02
20,71,0,0,0,0,0,0,0,0,0,0,0,0,,,,,0,1,99.0,1.6499725004583257,1,121.0,0,attack,s02
20,72,0,1,0,0,0,0,0,0,0,0,1,0,384.0,19.0,7.0,,0,0,,,0,,0,attack,s02
20,73,0,0,0,0,0,0,0,0,0,0,0,0,,,,,0,0,,,0,,0,attack,s02
20,74,0,0,0,0,0,0,0,0,0,0,0,0,,,,,0,0,,,0,,0,attack,s02
20,75,0,0,0,0,0,0,0,0,0,0,0,0,,,,,0,0,,,0,,0,attack,s02
20,76,1,0,0,0,0,0,0,0,0,0,0,0,,,,,0,0,,,0,,0,attack,s02
20,77,0,0,0,0,0,0,0,0,0,0,0,0,,,,,0,1,100.0,1.6666388893518442,1,127.0,0,attack,s02
20,78,0,0,0,0,0,0,0,0,0,0,0,0,384.0,19.0,7.0,,0,0,,,0,,0,attack,s02
20,79,0,0,0,0,0,0,0,0,0,0,0,0,,,,,0,0,,,0,,0,attack,s02
20,80,0,0,0,0,0,0,0,0,0,0,0,0,,,,,0,0,,,0,,0,attack,s02
20,81,0,0,0,0,0,0,0,0,0,0,0,0,,,,,0,0,,,0,,0,attack,s02
20,82,1,0,0,0,0,0,0,0,0,0,0,0,,,,,0,0,,,0,,0,attack,s02
20,83,0,0,0,0,0,0,0,0,0,0,0,0,,,,,0,1,99.0,1.6499725004583257,1,123.0,0,attack,s02
20,84,1,0,0,0,0,0,0,0,0,0,0,0,384.0,19.0,7.0,,0,0,,,0,,0,attack,s02
20,85,0,0,0,0,0,0,0,0,0,0,0,0,,,,,0,0,,,0,,0,attack,s02
20,86,0,0,0,0,0,0,0,0,0,0,0,0,,,,,0,0,,,0,,0,attack,s02
20,87,0,0,0,0,0,0,0,0,0,0,0,0,,,,,0,0,,,0,,0,attack,s02
20,88,0,0,0,0,0,0,0,0,0,0,0,0,,,,,0,0,,,0,,0,attack,s02
20,89,0,0,0,0,0,0,0,0,0,0,0,0,,,,,0,1,100.0,1.6666388893518442,1,116.0,0,attack,s02
20,90,0,0,0,0,0,0,0,0,0,0,0,0,384.0,19.0,7.0,,0,0,,,0,,0,attack,s02
20,91,0,0,0,0,0,0,0,0,0,0,0,0,,,,,0,0,,,0,,0,attack,s02
20,92,0,0,0,0,0,0,0,0,0,0,0,0,,,,,0,0,,,0,,0,attack,s02
20,93,0,1,0,0,0,0,0,0,0,0,1,0,,,,,0,0,,,0,,0,attack,s02
20,94,0,0,0,0,0,0,0,0,0,0,0,0,,,,,0,0,,,0,,0,attack,s02
20,95,1,2,0,0,0,0,0,0,0,0,1,0,,,,,0,1,99.0,1.6499725004583257,1,102.0,0,attack,s02
20,96,0,0,0,0,0,0,0,0,0,0,0,0,384.0,19.0,7.0,,0,0,,,0,,0,attack,s02
20,97,0,0,0,0,0,0,0,0,0,0,0,0,,,,,0,0,,,0,,0,attack,s02
20,98,0,2,0,0,0,0,0,0,0,0,1,0,,,,,0,0,,,0,,0,attack,s02
20,99,0,1,0,0,0,0,0,0,0,0,1,0,,,,,0,0,,,0,,0,attack,s02
20,100,0,1,0,0,0,0,0,0,0,0,1,0,,,,,0,0,,,0,,0,attack,s02
20,101,0,1,0,0,0,0,0,0,0,0,1,0,,,,,0,1,100.0,1.6665827819999728,1,120.0,0,attack,s02
20,102,0,0,0,0,0,0,0,0,0,0,0,0,384.0,19.0,7.0,,0,0,,,0,,0,attack,s02
20,103,0,0,0,0,0,0,0,0,0,0,0,0,,,,,0,0,,,0,,0,attack,s02
20,104,1,0,0,0,0,0,0,0,0,0,0,0,,,,,0,0,,,0,,0,attack,s02
20,105,0,1,0,0,0,0,0,0,0,0,1,0,,,,,0,0,,,0,,0,attack,s02
20,106,0,1,0,0,0,0,0,0,0,0,1,0,,,,,0,0,,,0,,0,attack,s02
20,107,0,1,0,0,0,0,0,0,0,0,1,0,,,,,0,1,100.0,1.666639444889067,1,105.0,0,attack,s02
20,108,0,0,0,0,0,0,0,0,0,0,0,0,384.0,19.0,7.0,,0,0,,,0,,0,attack,s02
20,109,1,0,0,0,0,0,0,0,0,0,0,0,,,,,0,0,,,0,,0,attack,s02
20,110,0,1,0,0,0,0,0,0,0,0,1,0,,,,,0,0,,,0,,0,attack,s02
20,111,0,0,0,0,0,0,0,0,0,0,0,0,,,,,0,0,,,0,,0,attack,s02
20,112,0,0,0,0,0,0,0,0,0,0,0,0,,,,,0,0,,,0,,0,attack,s02
20,113,0,0,0,0,0,0,0,0,0,0,0,0,,,,,0,1,99.0,1.6499725004583257,1,124.0,0,attack,s02
20,114,0,0,0,0,0,0,0,0,0,0,0,0,384.0,20.0,7.0,,0,0,,,0,,0,attack,s02
20,115,0,0,0,0,0,0,0,0,0,0,0,0,,,,,0,0,,,0,,0,attack,s02
20,116,0,0,0,0,0,0,0,0,0,0,0,0,,,,,0,0,,,0,,0,attack,s02
20,117,1,0,0,0,0,0,0,0,0,0,0,0,,,,,0,0,,,0,,0,attack,s02
20,118,0,0,0,0,0,0,0,0,0,0,0,0,,,,,0,0,,,0,,0,attack,s02
20,119,0,0,0,0,0,0,0,0,0,0,0,0,,,,,0,1,99.0,1.6499725004583257,1,116.0,0,attack,s02
20,120,0,0,0,0,0,0,0,0,0,0,0,0,384.0,20.0,7.0,,0,0,,,0,,0,attack,s02
20,121,0,0,0,0,0,0,0,0,0,0,0,0,,,,,0,0,,,0,,0,attack,s02
20,122,0,0,0,0,0,0,0,0,0,0,0,0,,,,,0,0,,,0,,0,attack,s02
20,123,0,0,0,0,0,0,0,0,0,0,0,0,,,,,0,0,,,0,,0,attack,s02
20,124,0,0,0,0,0,0,0,0,0,0,0,0,,,,,0,0,,,0,,0,attack,s02
20,125,0,0,0,0,0,0,0,0,0,0,0,0,,,,,0,1,98.0,1.6333061115648073,1,102.0,0,attack,s02
20,126,1,1,0,0,0,0,0,0,0,0,1,0,384.0,20.0,7.0,,0,0,,,0,,0,attack,s02
20,127,0,0,0,0,0,0,0,0,0,0,0,0,,,,,0,0,,,0,,0,attack,s02
20,128,0,0,0,0,0,0,0,0,0,0,0,0,,,,,0,0,,,0,,0,attack,s02
20,129,0,0,0,0,0,0,0,0,0,0,0,0,,,,,0,0,,,0,,0,attack,s02
20,130,0,0,0,0,0,0,0,0,0,0,0,0,,,,,0,0,,,0,,0,attack,s02
20,131,0,0,0,0,0,0,0,0,0,0,0,0,,,,,0,1,99.0,1.6499725004583257,1,113.0,0,attack,s02
20,132,0,0,0,0,0,0,0,0,0,0,0,0,384.0,20.0,7.0,,0,0,,,0,,0,attack,s02
20,133,0,0,0,0,0,0,0,0,0,0,0,0,,,,,0,0,,,0,,0,attack,s02
20,134,0,0,0,0,0,0,0,0,0,0,0,0,,,,,0,0,,,0,,0,attack,s02
20,135,0,0,0,0,0,0,0,0,0,0,0,0,,,,,0,0,,,0,,0,attack,s02
20,136,0,0,0,0,0,0,0,0,0,0,0,0,,,,,0,0,,,0,,0,attack,s02
20,137,1,0,0,0,0,0,0,0,0,0,0,0,,,,,0,1,99.0,1.6499725004583257,1,110.0,0,attack,s02
20,138,0,0,0,0,0,0,0,0,0,0,0,0,384.0,20.0,7.0,,0,0,,,0,,0,attack,s02
20,139,0,0,0,0,0,0,0,0,0,0,0,0,,,,,0,0,,,0,,0,attack,s02
20,140,0,0,0,0,0,0,0,0,0,0,0,0,,,,,0,0,,,0,,0,attack,s02
20,141,0,0,0,0,0,0,0,0,0,0,0,0,,,,,0,0,,,0,,0,attack,s02
20,142,0,0,0,0,0,0,0,0,0,0,0,0,,,,,0,0,,,0,,0,attack,s02
20,143,0,1,0,0,0,0,0,0,0,0,1,0,,,,,0,1,99.0,1.6499725004583257,1,111.0,0,attack,s02
20,144,0,0,0,0,0,0,0,0,0,0,0,0,384.0,20.0,7.0,,0,0,,,0,,0,attack,s02
20,145,0,0,0,0,0,0,0,0,0,0,0,0,,,,,0,0,,,0,,0,attack,s02
20,146,1,0,0,0,0,0,0,0,0,0,0,0,,,,,0,0,,,0,,0,attack,s02
20,147,0,0,0,0,0,0,0,0,0,0,0,0,,,,,0,0,,,0,,0,attack,s02
20,148,0,0,0,0,0,0,0,0,0,0,0,0,,,,,0,0,,,0,,0,attack,s02
20,149,0,0,0,0,0,0,0,0,0,0,0,0,,,,,0,1,99.0,1.6499725004583257,1,123.0,0,attack,s02
20,150,0,0,0,0,0,0,0,0,0,0,0,0,384.0,20.0,7.0,,0,0,,,0,,0,attack,s02
20,151,0,0,0,0,0,0,0,0,0,0,0,0,,,,,0,0,,,0,,0,attack,s02
20,152,0,0,0,0,0,0,0,0,0,0,0,0,,,,,0,0,,,0,,0,attack,s02
20,153,1,0,0,0,0,0,0,0,0,0,0,0,,,,,0,0,,,0,,0,attack,s02
20,154,0,0,0,0,0,0,0,0,0,0,0,0,,,,,0,0,,,0,,0,attack,s02
20,155,0,0,0,0,0,0,0,0,0,0,0,0,,,,,0,1,98.0,1.6332783462956746,1,108.0,0,attack,s02
20,156,0,0,0,0,0,0,0,0,0,0,0,0,384.0,20.0,7.0,,0,0,,,0,,0,attack,s02
20,157,0,1,0,0,0,0,0,0,0,0,1,0,,,,,0,0,,,0,,0,attack,s02
20,158,0,0,0,0,0,0,0,0,0,0,0,0,,,,,0,0,,,0,,0,attack,s02
20,159,0,0,0,0,0,0,0,0,0,0,0,0,,,,,0,0,,,0,,0,attack,s02
20,160,1,0,0,0,0,0,0,0,0,0,0,0,,,,,0,0,,,0,,0,attack,s02
20,161,0,0,0,0,0,0,0,0,0,0,0,0,,,,,0,1,99.0,1.6499730504401762,1,115.0,0,attack,s02
20,162,0,1,0,0,0,0,0,0,0,0,1,0,384.0,20.0,7.0,,0,0,,,0,,0,attack,s02
20,163,0,0,0,0,0,0,0,0,0,0,0,0,,,,,0,0,,,0,,0,attack,s02
20,164,0,0,0,0,0,0,0,0,0,0,0,0,,,,,0,0,,,0,,0,attack,s02
20,165,0,1,0,0,0,0,0,0,0,0,1,0,,,,,0,0,,,0,,0,attack,s02
20,166,0,0,0,0,0,0,0,0,0,0,0,0,,,,,0,0,,,0,,0,attack,s02
20,167,1,0,0,0,0,0,0,0,0,0,0,0,,,,,0,1,99.0,1.6499725004583257,1,123.0,0,attack,s02
20,168,1,1,0,0,0,0,0,0,0,0,1,0,384.0,20.0,7.0,,0,0,,,0,,0,attack,s02
20,169,0,0,0,0,0,0,0,0,0,0,0,0,,,,,0,0,,,0,,0,attack,s02
20,170,0,0,0,0,0,0,0,0,0,0,0,0,,,,,0,0,,,0,,0,attack,s02
20,171,0,1,0,0,0,0,0,0,0,0,1,0,,,,,0,0,,,0,,0,attack,s02
20,172,0,0,0,0,0,0,0,0,0,0,0,0,,,,,0,0,,,0,,0,attack,s02
20,173,1,0,0,0,0,0,0,0,0,0,0,0,,,,,0,1,99.0,1.6499725004583257,1,102.0,0,attack,s02
20,174,0,0,0,0,0,0,0,0,0,0,0,0,384.0,20.0,7.0,,0,0,,,0,,0,attack,s02
20,175,0,0,0,0,0,0,0,0,0,0,0,0,,,,,0,0,,,0,,0,attack,s02
20,176,0,2,0,0,0,0,0,0,0,0,1,0,,,,,0,0,,,0,,0,attack,s02
20,177,0,0,0,0,0,0,0,0,0,0,0,0,,,,,0,0,,,0,,0,attack,s02
20,178,0,0,1,1,0,0,0,0,0,0,0,0,,,,,0,0,,,0,,0,attack,s02
20,179,1,1,0,0,0,0,0,0,0,0,1,0,,,,,0,1,101.0,1.6833052782453626,1,110.0,0,attack,s02
20,180,0,0,0,0,0,0,0,0,0,0,0,0,384.0,20.0,7.0,,0,0,,,0,,0,attack,s02
20,181,0,0,0,0,0,0,0,0,0,0,0,0,,,,,0,0,,,0,,0,attack,s02
21,0,0,0,0,0,0,0,0,0,0,0,0,0,,,,,0,0,,,0,,0,attack,s02
21,1,0,0,0,0,1,0,0,0,0,1,0,0,,,,,0,0,,,0,,0,attack,s02
21,2,2,2,0,0,0,0,0,0,0,0,1,0,,,,,0,0,,,0,,0,attack,s02
21,3,2,1,1,1,0,0,0,1,0,0,1,0,605.0,0.0,1.0,,0,0,,,0,,0,attack,s02
21,4,1,3,0,0,0,0,0,0,0,0,1,0,,,,,0,0,,,0,,0,attack,s02
21,5,1,3,0,0,0,0,0,0,0,0,1,0,,,,,0,0,,,0,,0,attack,s02
21,6,0,3,0,0,0,0,0,0,0,0,1,0,590.0,14.0,5.0,,0,0,,,0,,0,attack,s02
21,7,0,2,0,0,0,0,0,0,0,0,1,0,,,,,0,0,,,0,,0,attack,s02
21,8,0,0,0,0,0,0,0,0,0,0,0,0,,,,,0,0,,,0,,0,attack,s02
21,9,1,2,0,0,0,0,0,0,0,0,1,0,,,,,0,0,,,0,,0,attack,s02
21,10,1,1,0,0,0,0,0,0,0,0,1,0,,,,,0,1,0.0,,1,107.0,0,attack,s02
21,11,0,0,0,0,0,0,0,0,0,0,0,0,,,,,0,0,,,0,,0,attack,s02
21,12,0,1,0,0,0,0,0,0,0,0,1,0,561.0,16.0,5.0,,0,0,,,0,,0,attack,s02
21,13,1,0,0,0,0,0,0,0,0,0,0,0,,,,,0,0,,,0,,0,attack,s02
21,14,0,1,0,0,0,0,0,0,0,0,1,0,,,,,0,0,,,0,,0,attack,s02
21,15,0,3,0,0,0,0,0,0,0,0,1,0,,,,,0,0,,,0,,0,attack,s02
21,16,1,0,0,0,0,0,0,0,0,0,0,0,,,,,0,1,99.0,1.6499725004583257,1,94.0,0,attack,s02
21,17,0,0,0,0,0,0,0,0,0,0,0,0,,,,,0,0,,,0,,0,attack,s02
21,18,0,0,0,0,0,0,0,0,0,0,0,0,501.0,17.0,5.0,,0,0,,,0,,0,attack,s02
21,19,0,2,0,0,0,0,0,0,0,0,1,0,,,,,0,0,,,0,,0,attack,s02
21,20,0,0,0,0,0,0,0,0,0,0,0,0,,,,,0,0,,,0,,0,attack,s02
21,21,1,0,0,0,0,0,0,0,0,0,0,0,,,,,0,0,,,0,,0,attack,s02
21,22,0,0,0,0,0,0,0,0,0,0,0,0,,,,,0,1,99.0,1.6499725004583257,1,103.0,0,attack,s02
21,23,0,0,0,0,0,0,0,0,0,0,0,0,,,,,0,0,,,0,,0,attack,s02
21,24,0,0,0,0,0,0,0,0,0,0,0,0,484.0,17.0,5.0,,0,0,,,0,,0,attack,s02
21,25,1,0,0,0,0,0,0,0,0,0,0,0,,,,,0,0,,,0,,0,attack,s02
21,26,0,2,0,0,0,0,0,0,0,0,1,0,,,,,0,0,,,0,,0,attack,s02
21,27,0,3,0,0,0,0,0,0,0,0,1,0,,,,,0,0,,,0,,0,attack,s02
21,28,0,0,0,0,0,0,0,0,0,0,0,0,,,,,0,1,99.0,1.6499725004583257,1,119.0,0,attack,s02
21,29,0,0,0,0,0,0,0,0,0,0,0,0,,,,,0,0,,,0,,0,attack,s02
21,30,0,0,0,0,0,0,0,0,0,0,0,0,471.0,18.0,5.0,,0,0,,,0,,0,attack,s02
21,31,0,0,0,0,0,0,0,0,0,0,0,0,,,,,0,0,,,0,,0,attack,s02
21,32,1,0,0,0,0,0,0,0,0,0,0,0,,,,,0,0,,,0,,0,attack,s02
21,33,0,0,0,0,0,0,0,0,0,0,0,0,,,,,0,0,,,0,,0,attack,s02
21,34,0,0,0,0,0,0,0,0,0,0,0,0,,,,,0,1,98.0,1.6333061115648073,1,115.0,0,attack,s02
21,35,0,0,0,0,0,0,0,0,0,0,0,0,,,,,0,0,,,0,,0,attack,s02
21,36,0,0,0,0,0,0,0,0,0,0,0,0,462.0,18.0,5.0,,0,0,,,0,,0,attack,s02
21,37,0,0,0,0,0,0,0,0,0,0,0,0,,,,,0,0,,,0,,0,attack,s02
21,38,0,0,0,0,0,0,0,0,0,0,0,0,,,,,0,0,,,0,,0,attack,s02
21,39,0,0,0,0,0,0,0,0,0,0,0,0,,,,,0,0,,,0,,0,attack,s02
21,40,1,0,0,0,0,0,0,0,0,0,0,0,,,,,0,1,99.0,1.6499725004583257,1,101.0,0,attack,s02
21,41,0,0,0,0,0,0,0,0,0,0,0,0,,,,,0,0,,,0,,0,attack,s02
21,42,0,1,0,0,0,0,0,0,0,0,1,0,454.0,18.0,5.0,,0,0,,,0,,0,attack,s02
21,43,0,0,0,0,0,0,0,0,0,0,0,0,,,,,0,0,,,0,,0,attack,s02
21,44,0,1,0,0,0,0,0,0,0,0,1,0,,,,,0,0,,,0,,0,attack,s02
21,45,0,0,0,0,0,0,0,0,0,0,0,0,,,,,0,0,,,0,,0,attack,s02
21,46,0,1,0,0,0,0,0,0,0,0,1,0,,,,,0,1,99.0,1.6499725004583257,1,128.0,0,attack,s02
21,47,0,0,0,0,0,0,0,0,0,0,0,0,,,,,0,0,,,0,,0,attack,s02
21,48,1,1,0,0,0,0,0,0,0,0,1,0,447.0,18.0,5.0,,0,0,,,0,,0,attack,s02
21,49,0,0,0,0,0,0,0,0,0,0,0,0,,,,,0,0,,,0,,0,attack,s02
21,50,0,1,0,0,0,0,0,0,0,0,1,0,,,,,0,0,,,0,,0,attack,s02
21,51,0,0,0,0,0,0,0,0,0,0,0,0,,,,,0,0,,,0,,0,attack,s02
21,52,0,0,0,0,0,0,0,0,0,0,0,0,,,,,0,1,99.0,1.649916954179973,1,110.0,0,attack,s02
21,53,0,0,0,0,0,0,0,0,0,0,0,0,,,,,0,0,,,0,,0,attack,s02
21,54,2,0,0,0,0,0,0,0,0,0,0,0,440.0,18.0,5.0,,0,0,,,0,,0,attack,s02
21,55,0,0,0,0,0,0,0,0,0,0,0,0,,,,,0,0,,,0,,0,attack,s02
21,56,0,1,0,0,0,0,0,0,0,0,1,0,,,,,0,0,,,0,,0,attack,s02
21,57,0,0,0,0,0,0,0,0,0,0,0,0,,,,,0,0,,,0,,0,attack,s02
21,58,0,0,0,0,0,0,0,0,0,0,0,0,,,,,0,1,98.0,1.6333066559912854,1,102.0,0,attack,s02
21,59,0,0,0,0,0,0,0,0,0,0,0,0,,,,,0,0,,,0,,0,attack,s02
21,60,0,0,0,0,0,0,0,0,0,0,0,0,434.0,19.0,5.0,,0,0,,,0,,0,attack,s02
21,61,0,0,0,0,0,0,0,0,0,0,0,0,,,,,0,0,,,0,,0,attack,s02
21,62,0,0,0,0,0,0,0,0,0,0,0,0,,,,,0,0,,,0,,0,attack,s02
21,63,0,1,0,0,0,0,0,0,0,0,1,0,,,,,0,0,,,0,,0,attack,s02
21,64,1,0,0,0,0,0,0,0,0,0,0,0,,,,,0,1,98.0,1.6333061115648073,1,109.0,0,attack,s02
21,65,0,0,0,0,0,0,0,0,0,0,0,0,,,,,0,0,,,0,,0,attack,s02
21,66,0,0,0,0,0,0,0,0,0,0,0,0,429.0,19.0,5.0,,0,0,,,0,,0,attack,s02
21,67,0,0,0,0,0,0,0,0,0,0,0,0,,,,,0,0,,,0,,0,attack,s02
21,68,0,1,0,0,0,0,0,0,0,0,1,0,,,,,0,0,,,0,,0,attack,s02
21,69,0,1,0,0,0,0,0,0,0,0,1,0,,,,,0,0,,,0,,0,attack,s02
21,70,0,0,0,0,0,0,0,0,0,0,0,0,,,,,0,1,98.0,1.6333061115648073,1,107.0,0,attack,s02
21,71,0,0,0,0,0,0,0,0,0,0,0,0,,,,,0,0,,,0,,0,attack,s02
21,72,1,1,0,0,0,0,0,0,0,0,1,0,424.0,19.0,5.0,,0,0,,,0,,0,attack,s02
21,73,0,0,0,0,0,0,0,0,0,0,0,0,,,,,0,0,,,0,,0,attack,s02
21,74,0,1,0,0,0,0,0,0,0,0,1,0,,,,,0,0,,,0,,0,attack,s02
21,75,0,1,0,0,0,0,0,0,0,0,1,0,,,,,0,0,,,0,,0,attack,s02
21,76,0,1,0,0,0,0,0,0,0,0,1,0,,,,,0,1,99.0,1.6499725004583257,1,110.0,0,attack,s02
21,77,0,0,0,0,0,0,0,0,0,0,0,0,,,,,0,0,,,0,,0,attack,s02
21,78,0,0,0,0,0,0,0,0,0,0,0,0,420.0,19.0,5.0,,0,0,,,0,,0,attack,s02
21,79,0,0,0,0,0,0,0,0,0,0,0,0,,,,,0,0,,,0,,0,attack,s02
21,80,0,0,0,0,0,0,0,0,0,0,0,0,,,,,0,0,,,0,,0,attack,s02
21,81,0,1,0,0,0,0,0,0,0,0,1,0,,,,,0,0,,,0,,0,attack,s02
21,82,1,1,0,0,0,0,0,0,0,0,1,0,,,,,0,1,98.0,1.6333061115648073,1,114.0,0,attack,s02
21,83,0,0,0,0,0,0,0,0,0,0,0,0,,,,,0,0,,,0,,0,attack,s02
21,84,0,3,0,0,0,0,0,0,0,0,1,0,416.0,19.0,5.0,,0,0,,,0,,0,attack,s02
21,85,0,0,0,0,0,0,0,0,0,0,0,0,,,,,0,0,,,0,,0,attack,s02
21,86,0,0,0,0,0,0,0,0,0,0,0,0,,,,,0,0,,,0,,0,attack,s02
21,87,0,1,0,0,0,0,0,0,0,0,1,0,,,,,0,0,,,0,,0,attack,s02
21,88,0,0,0,0,0,0,0,0,0,0,0,0,,,,,0,1,100.0,1.6666388893518442,1,108.0,0,attack,s02
21,89,0,0,0,0,0,0,0,0,0,0,0,0,,,,,0,0,,,0,,0,attack,s02
21,90,1,0,0,0,0,0,0,0,0,0,0,0,412.0,19.0,5.0,,0,0,,,0,,0,attack,s02
21,91,0,0,0,0,0,0,0,0,0,0,0,0,,,,,0,0,,,0,,0,attack,s02
21,92,0,0,0,0,0,0,0,0,0,0,0,0,,,,,0,0,,,0,,0,attack,s02
21,93,0,0,0,0,0,0,0,0,0,0,0,0,,,,,0,0,,,0,,0,attack,s02
21,94,0,0,0,0,0,0,0,0,0,0,0,0,,,,,0,1,98.0,1.6333061115648073,1,105.0,0,attack,s02
21,95,1,1,0,0,0,0,0,0,0,0,1,0,,,,,0,0,,,0,,0,attack,s02
21,96,0,0,0,0,0,0,0,0,0,0,0,0,409.0,19.0,5.0,,0,0,,,0,,0,attack,s02
21,97,0,0,0,0,0,0,0,0,0,0,0,0,,,,,0,0,,,0,,0,attack,s02
21,98,0,1,0,0,0,0,0,0,0,0,1,0,,,,,0,0,,,0,,0,attack,s02
21,99,0,1,0,0,0,0,0,0,0,0,1,0,,,,,0,0,,,0,,0,attack,s02
21,100,1,0,0,0,0,0,0,0,0,0,0,0,,,,,0,1,99.0,1.6499725004583257,1,100.0,0,attack,s02
21,101,0,1,0,0,0,0,0,0,0,0,1,0,,,,,0,0,,,0,,0,attack,s02
21,102,0,0,0,0,0,0,0,0,0,0,0,0,406.0,19.0,5.0,,0,0,,,0,,0,attack,s02
21,103,0,0,0,0,0,0,0,0,0,0,0,0,,,,,0,0,,,0,,0,attack,s02
21,104,1,0,0,0,0,0,0,0,0,0,0,0,,,,,0,0,,,0,,0,attack,s02
21,105,0,0,0,0,0,0,0,0,0,0,0,0,,,,,0,0,,,0,,0,attack,s02
21,106,0,0,0,0,0,0,0,0,0,0,0,0,,,,,0,1,99.0,1.6499725004583257,1,129.0,0,attack,s02
21,107,0,1,0,0,0,0,0,0,0,0,1,0,,,,,0,0,,,0,,0,attack,s02
21,108,0,0,0,0,0,0,0,0,0,0,0,0,403.0,19.0,5.0,,0,0,,,0,,0,attack,s02
21,109,0,0,0,0,0,0,0,0,0,0,0,0,,,,,0,0,,,0,,0,attack,s02
21,110,1,0,0,0,0,0,0,0,0,0,0,0,,,,,0,0,,,0,,0,attack,s02
21,111,0,0,0,0,0,0,0,0,0,0,0,0,,,,,0,0,,,0,,0,attack,s02
21,112,0,0,0,0,0,0,0,0,0,0,0,0,,,,,0,1,99.0,1.6499725004583257,1,94.0,0,attack,s02
21,113,0,0,0,0,0,0,0,0,0,0,0,0,,,,,0,0,,,0,,0,attack,s02
21,114,0,0,0,0,0,0,0,0,0,0,0,0,401.0,20.0,5.0,,0,0,,,0,,0,attack,s02
21,115,1,0,0,0,0,0,0,0,0,0,0,0,,,,,0,0,,,0,,0,attack,s02
21,116,0,0,0,0,0,0,0,0,0,0,0,0,,,,,0,0,,,0,,0,attack,s02
21,117,0,0,0,0,0,0,0,0,0,0,0,0,,,,,0,0,,,0,,0,attack,s02
21,118,0,1,0,0,0,0,0,0,0,0,1,0,,,,,0,1,98.0,1.6333061115648073,1,129.0,0,attack,s02
21,119,0,0,0,0,0,0,0,0,0,0,0,0,,,,,0,0,,,0,,0,attack,s02
21,120,0,0,0,0,0,0,0,0,0,0,0,0,399.0,20.0,5.0,,0,0,,,0,,0,attack,s02
21,121,0,0,0,0,0,0,0,0,0,0,0,0,,,,,0,0,,,0,,0,attack,s02
21,122,0,0,0,0,0,0,0,0,0,0,0,0,,,,,0,0,,,0,,0,attack,s02
21,123,0,0,0,0,0,0,0,0,0,0,0,0,,,,,0,0,,,0,,0,attack,s02
21,124,1,0,0,0,0,0,0,0,0,0,0,0,,,,,0,1,99.0,1.6499725004583257,1,103.0,0,attack,s02
21,125,0,0,0,0,0,0,0,0,0,0,0,0,,,,,0,0,,,0,,0,attack,s02
21,126,0,1,0,0,0,0,0,0,0,0,1,0,397.0,20.0,5.0,,0,0,,,0,,0,attack,s02
21,127,0,0,0,0,0,0,0,0,0,0,0,0,,,,,0,0,,,0,,0,attack,s02
21,128,0,0,0,0,0,0,0,0,0,0,0,0,,,,,0,0,,,0,,0,attack,s02
21,129,0,0,0,0,0,0,0,0,0,0,0,0,,,,,0,0,,,0,,0,attack,s02
21,130,0,0,0,0,0,0,0,0,0,0,0,0,,,,,0,1,99.0,1.6499725004583257,1,99.0,0,attack,s02
21,131,0,0,0,0,0,0,0,0,0,0,0,0,,,,,0,0,,,0,,0,attack,s02
21,132,0,0,0,0,0,0,0,0,0,0,0,0,395.0,20.0,5.0,,0,0,,,0,,0,attack,s02
21,133,0,0,0,0,0,0,0,0,0,0,0,0,,,,,0,0,,,0,,0,attack,s02
21,134,0,0,0,0,0,0,0,0,0,0,0,0,,,,,0,0,,,0,,0,attack,s02
21,135,1,0,0,0,0,0,0,0,0,0,0,0,,,,,0,0,,,0,,0,attack,s02
21,136,0,1,0,0,0,0,0,0,0,0,1,0,,,,,0,1,99.0,1.6499725004583257,1,127.0,0,attack,s02
21,137,0,0,0,0,0,0,0,0,0,0,0,0,,,,,0,0,,,0,,0,attack,s02
21,138,0,0,0,0,0,0,0,0,0,0,0,0,393.0,20.0,5.0,,0,0,,,0,,0,attack,s02
21,139,0,0,0,0,0,0,0,0,0,0,0,0,,,,,0,0,,,0,,0,attack,s02
21,140,0,0,0,0,0,0,0,0,0,0,0,0,,,,,0,0,,,0,,0,attack,s02
21,141,1,0,0,0,0,0,0,0,0,0,0,0,,,,,0,0,,,0,,0,attack,s02
21,142,0,0,0,0,0,0,0,0,0,0,0,0,,,,,0,1,99.0,1.6499725004583257,1,115.0,0,attack,s02
21,143,0,0,0,0,0,0,0,0,0,0,0,0,,,,,0,0,,,0,,0,attack,s02
21,144,0,1,0,0,0,0,0,0,0,0,1,0,392.0,20.0,5.0,,0,0,,,0,,0,attack,s02
21,145,0,0,0,0,0,0,0,0,0,0,0,0,,,,,0,0,,,0,,0,attack,s02
21,146,0,1,0,0,0,0,0,0,0,0,1,0,,,,,0,0,,,0,,0,attack,s02
21,147,0,0,0,0,0,0,0,0,0,0,0,0,,,,,0,0,,,0,,0,attack,s02
21,148,0,0,0,0,0,0,0,0,0,0,0,0,,,,,0,1,98.0,1.6333061115648073,1,116.0,0,attack,s02
21,149,1,0,0,0,0,0,0,0,0,0,0,0,,,,,0,0,,,0,,0,attack,s02
21,150,0,0,0,0,0,0,0,0,0,0,0,0,391.0,20.0,5.0,,0,0,,,0,,0,attack,s02
21,151,0,0,0,0,0,0,0,0,0,0,0,0,,,,,0,0,,,0,,0,attack,s02
21,152,0,1,0,0,0,0,0,0,0,0,1,0,,,,,0,0,,,0,,0,attack,s02
21,153,0,0,0,0,0,0,0,0,0,0,0,0,,,,,0,0,,,0,,0,attack,s02
21,154,0,0,0,0,0,0,0,0,0,0,0,0,,,,,0,1,99.0,1.6499725004583257,1,126.0,0,attack,s02
21,155,0,0,0,0,0,0,0,0,0,0,0,0,,,,,0,0,,,0,,0,attack,s02
21,156,0,0,0,0,0,0,0,0,0,0,0,0,390.0,20.0,5.0,,0,0,,,0,,0,attack,s02
21,157,0,0,0,0,0,0,0,0,0,0,0,0,,,,,0,0,,,0,,0,attack,s02
21,158,0,0,0,0,0,0,0,0,0,0,0,0,,,,,0,0,,,0,,0,attack,s02
21,159,0,0,0,0,0,0,0,0,0,0,0,0,,,,,0,0,,,0,,0,attack,s02
21,160,1,1,0,0,0,0,0,0,0,0,1,0,,,,,0,1,98.0,1.6333061115648073,1,108.0,0,attack,s02
21,161,0,0,0,0,0,0,0,0,0,0,0,0,,,,,0,0,,,0,,0,attack,s02
21,162,0,0,0,0,0,0,0,0,0,0,0,0,389.0,20.0,5.0,,0,0,,,0,,0,attack,s02
21,163,0,0,0,0,0,0,0,0,0,0,0,0,,,,,0,0,,,0,,0,attack,s02
21,164,0,0,0,0,0,0,0,0,0,0,0,0,,,,,0,0,,,0,,0,attack,s02
21,165,1,0,0,0,0,0,0,0,0,0,0,0,,,,,0,0,,,0,,0,attack,s02
21,166,0,0,0,0,0,0,0,0,0,0,0,0,,,,,0,1,99.0,1.6499444518701203,1,95.0,0,attack,s02
21,167,0,0,0,0,0,0,0,0,0,0,0,0,,,,,0,0,,,0,,0,attack,s02
21,168,0,2,0,0,0,0,0,0,0,0,1,0,388.0,20.0,5.0,,0,0,,,0,,0,attack,s02
21,169,0,0,0,0,0,0,0,0,0,0,0,0,,,,,0,0,,,0,,0,attack,s02
21,170,0,0,0,0,0,0,0,0,0,0,0,0,,,,,0,0,,,0,,0,attack,s02
21,171,0,0,0,0,0,0,0,0,0,0,0,0,,,,,0,0,,,0,,0,attack,s02
21,172,0,0,1,1,0,0,0,0,0,0,0,0,,,,,0,1,99.0,1.6499730504401762,1,112.0,0,attack,s02
21,173,0,0,0,0,0,0,0,0,0,0,0,0,,,,,0,0,,,0,,0,attack,s02
21,174,0,0,0,0,0,0,0,0,0,0,0,0,386.0,20.0,5.0,,0,0,,,0,,0,attack,s02
21,175,0,0,0,0,0,0,0,0,0,0,0,0,,,,,0,0,,,0,,0,attack,s02
21,176,1,1,0,0,0,0,0,0,0,0,1,0,,,,,0,0,,,0,,0,attack,s02
21,177,0,0,0,0,0,0,0,0,0,0,0,0,,,,,0,0,,,0,,0,attack,s02
21,178,0,0,0,0,0,0,0,0,0,0,0,0,,,,,0,1,99.0,1.6499725004583257,1,91.0,0,attack,s02
21,179,1,0,0,0,0,0,0,0,0,0,0,0,,,,,0,0,,,0,,0,attack,s02
21,180,0,0,0,0,0,0,0,0,0,0,0,0,385.0,20.0,5.0,,0,0,,,0,,0,attack,s02
21,181,0,0,0,0,0,0,0,0,0,0,0,0,,,,,0,0,,,0,,0,attack,s02
22,0,0,0,0,0,0,0,0,0,0,0,0,0,,,,,0,0,,,0,,0,attack,s02
22,1,0,0,0,0,1,0,0,0,0,1,0,0,,,,,0,0,,,0,,0,attack,s02
22,2,0,0,0,0,0,0,0,0,0,0,0,0,,,,,0,0,,,0,,0,attack,s02
22,3,0,0,0,0,0,0,0,0,0,0,0,0,,,,,0,0,,,0,,0,attack,s02
22,4,0,0,0,0,0,0,0,0,0,0,0,0,,,,,0,0,,,0,,0,attack,s02
22,5,0,0,0,0,1,0,0,0,0,1,0,0,,,,,0,0,,,0,,0,attack,s02
22,6,0,0,0,0,0,0,0,0,0,0,0,0,,,,,0,0,,,0,,0,attack,s02
22,7,0,0,0,0,1,0,0,0,0,1,0,0,,,,,0,0,,,0,,0,attack,s02
22,8,0,0,0,0,0,0,0,0,0,0,0,0,,,,,0,0,,,0,,0,attack,s02
22,9,3,4,0,0,0,0,0,0,0,0,1,0,,,,,0,0,,,0,,0,attack,s02
22,10,2,5,1,1,0,0,0,1,0,0,1,0,762.0,0.0,3.0,,0,0,,,0,,0,attack,s02
22,11,1,3,0,0,0,0,0,0,0,0,1,0,,,,,0,1,0.0,,1,127.0,0,attack,s02
22,12,1,2,0,0,0,0,0,0,0,0,1,0,735.0,14.0,5.0,,0,0,,,0,,0,attack,s02
22,13,0,1,0,0,0,0,0,0,0,0,1,0,,,,,0,0,,,0,,0,attack,s02
22,14,0,3,0,0,0,0,0,0,0,0,1,0,,,,,0,0,,,0,,0,attack,s02
22,15,0,1,0,0,0,0,0,0,0,0,1,0,,,,,0,0,,,0,,0,attack,s02
22,16,1,1,0,0,0,0,0,0,0,0,1,0,,,,,0,0,,,0,,0,attack,s02
22,17,1,0,0,0,0,0,0,0,0,0,0,0,,,,,0,1,99.0,1.6499725004583257,1,123.0,0,attack,s02
22,18,0,0,0,0,0,0,0,0,0,0,0,0,661.0,16.0,5.0,,0,0,,,0,,0,attack,s02
22,19,0,0,0,0,0,0,0,0,0,0,0,0,,,,,0,0,,,0,,0,attack,s02
22,20,1,2,0,0,0,0,0,0,0,0,1,0,,,,,0,0,,,0,,0,attack,s02
22,21,0,1,0,0,0,0,0,0,0,0,1,0,,,,,0,0,,,0,,0,attack,s02
22,22,0,0,0,0,0,0,0,0,0,0,0,0,,,,,0,0,,,0,,0,attack,s02
22,23,1,0,0,0,0,0,0,0,0,0,0,0,,,,,0,1,99.0,1.6499725004583257,1,104.0,0,attack,s02
22,24,0,1,0,0,0,0,0,0,0,0,1,0,628.0,17.0,5.0,,0,0,,,0,,0,attack,s02
22,25,0,0,0,0,0,0,0,0,0,0,0,0,,,,,0,0,,,0,,0,attack,s02
22,26,0,0,0,0,0,0,0,0,0,0,0,0,,,,,0,0,,,0,,0,attack,s02
22,27,0,0,0,0,0,0,0,0,0,0,0,0,,,,,0,0,,,0,,0,attack,s02
22,28,0,0,0,0,0,0,0,0,0,0,0,0,,,,,0,0,,,0,,0,attack,s02
22,29,0,0,0,0,0,0,0,0,0,0,0,0,,,,,0,1,98.0,1.6333061115648073,1,99.0,0,attack,s02
22,30,0,0,0,0,0,0,0,0,0,0,0,0,623.0,17.0,5.0,,0,0,,,0,,0,attack,s02
22,31,1,1,0,0,0,0,0,0,0,0,1,0,,,,,0,0,,,0,,0,attack,s02
22,32,0,3,0,0,0,0,0,0,0,0,1,0,,,,,0,0,,,0,,0,attack,s02
22,33,1,1,0,0,0,0,0,0,0,0,1,0,,,,,0,0,,,0,,0,attack,s02
22,34,0,0,0,0,0,0,0,0,0,0,0,0,,,,,0,0,,,0,,0,attack,s02
22,35,0,0,0,0,0,0,0,0,0,0,0,0,,,,,0,1,99.0,1.6499725004583257,1,110.0,0,attack,s02
22,36,0,0,0,0,0,0,0,0,0,0,0,0,572.0,17.0,5.0,,0,0,,,0,,0,attack,s02
22,37,0,0,0,0,0,0,0,0,0,0,0,0,,,,,0,0,,,0,,0,attack,s02
22,38,0,0,0,0,0,0,0,0,0,0,0,0,,,,,0,0,,,0,,0,attack,s02
22,39,1,0,0,0,0,0,0,0,0,0,0,0,,,,,0,0,,,0,,0,attack,s02
22,40,0,0,0,0,0,0,0,0,0,0,0,0,,,,,0,0,,,0,,0,attack,s02
22,41,0,1,0,0,0,0,0,0,0,0,1,0,,,,,0,1,98.0,1.6333061115648073,1,96.0,0,attack,s02
22,42,0,0,0,0,0,0,0,0,0,0,0,0,568.0,18.0,5.0,,0,0,,,0,,0,attack,s02
22,43,0,1,0,0,0,0,0,0,0,0,1,0,,,,,0,0,,,0,,0,attack,s02
22,44,1,0,0,0,0,0,0,0,0,0,0,0,,,,,0,0,,,0,,0,attack,s02
22,45,0,0,0,0,0,0,0,0,0,0,0,0,,,,,0,0,,,0,,0,attack,s02
22,46,0,1,0,0,0,0,0,0,0,0,1,0,,,,,0,0,,,0,,0,attack,s02
22,47,0,0,0,0,0,0,0,0,0,0,0,0,,,,,0,1,99.0,1.6499725004583257,1,100.0,0,attack,s02
22,48,0,0,0,0,0,0,0,0,0,0,0,0,564.0,18.0,5.0,,0,0,,,0,,0,attack,s02
22,49,0,1,0,0,0,0,0,0,0,0,1,0,,,,,0,0,,,0,,0,attack,s02
22,50,1,0,0,0,0,0,0,0,0,0,0,0,,,,,0,0,,,0,,0,attack,s02
22,51,0,0,0,0,0,0,0,0,0,0,0,0,,,,,0,0,,,0,,0,attack,s02
22,52,0,0,0,0,0,0,0,0,0,0,0,0,,,,,0,0,,,0,,0,attack,s02
22,53,0,1,0,0,0,0,0,0,0,0,1,0,,,,,0,1,98.0,1.6333061115648073,1,109.0,0,attack,s02
22,54,0,0,0,0,0,0,0,0,0,0,0,0,561.0,18.0,5.0,,0,0,,,0,,0,attack,s02
22,55,0,0,0,0,0,0,0,0,0,0,0,0,,,,,0,0,,,0,,0,attack,s02
22,56,0,1,0,0,0,0,0,0,0,0,1,0,,,,,0,0,,,0,,0,attack,s02
22,57,0,0,0,0,0,0,0,0,0,0,0,0,,,,,0,0,,,0,,0,attack,s02
22,58,1,0,0,0,0,0,0,0,0,0,0,0,,,,,0,0,,,0,,0,attack,s02
22,59,1,0,0,0,0,0,0,0,0,0,0,0,,,,,0,1,99.0,1.6499725004583257,1,99.0,0,attack,s02
22,60,0,1,0,0,0,0,0,0,0,0,1,0,536.0,18.0,5.0,,0,0,,,0,,0,attack,s02
22,61,0,1,0,0,0,0,0,0,0,0,1,0,,,,,0,0,,,0,,0,attack,s02
22,62,0,0,0,0,0,0,0,0,0,0,0,0,,,,,0,0,,,0,,0,attack,s02
22,63,0,0,0,0,0,0,0,0,0,0,0,0,,,,,0,0,,,0,,0,attack,s02
22,64,0,0,0,0,0,0,0,0,0,0,0,0,,,,,0,0,,,0,,0,attack,s02
22,65,1,0,0,0,0,0,0,0,0,0,0,0,,,,,0,1,98.0,1.6333061115648073,1,90.0,0,attack,s02
22,66,0,0,0,0,0,0,0,0,0,0,0,0,533.0,19.0,5.0,,0,0,,,0,,0,attack,s02
22,67,0,0,0,0,0,0,0,0,0,0,0,0,,,,,0,0,,,0,,0,attack,s02
22,68,0,0,0,0,0,0,0,0,0,0,0,0,,,,,0,0,,,0,,0,attack,s02
22,69,0,0,0,0,0,0,0,0,0,0,0,0,,,,,0,0,,,0,,0,attack,s02
22,70,0,0,0,0,0,0,0,0,0,0,0,0,,,,,0,0,,,0,,0,attack,s02
22,71,0,0,0,0,0,0,0,0,0,0,0,0,,,,,0,1,98.0,1.6333061115648073,1,94.0,0,attack,s02
22,72,0,0,0,0,0,0,0,0,0,0,0,0,530.0,19.0,5.0,,0,0,,,0,,0,attack,s02
22,73,0,0,0,0,0,0,0,0,0,0,0,0,,,,,0,0,,,0,,0,attack,s02
22,74,1,0,0,0,0,0,0,0,0,0,0,0,,,,,0,0,,,0,,0,attack,s02
22,75,0,0,0,0,0,0,0,0,0,0,0,0,,,,,0,0,,,0,,0,attack,s02
22,76,0,0,0,0,0,0,0,0,0,0,0,0,,,,,0,0,,,0,,0,attack,s02
22,77,0,0,0,0,0,0,0,0,0,0,0,0,,,,,0,1,99.0,1.6499725004583257,1,95.0,0,attack,s02
22,78,0,0,0,0,0,0,0,0,0,0,0,0,528.0,19.0,5.0,,0,0,,,0,,0,attack,s02
22,79,0,1,0,0,0,0,0,0,0,0,1,0,,,,,0,0,,,0,,0,attack,s02
22,80,0,0,0,0,0,0,0,0,0,0,0,0,,,,,0,0,,,0,,0,attack,s02
22,81,0,0,0,0,0,0,0,0,0,0,0,0,,,,,0,0,,,0,,0,attack,s02
22,82,0,0,0,0,0,0,0,0,0,0,0,0,,,,,0,0,,,0,,0,attack,s02
22,83,1,2,0,0,0,0,0,0,0,0,1,0,,,,,0,1,99.0,1.6499725004583257,1,107.0,0,attack,s02
22,84,0,0,0,0,0,0,0,0,0,0,0,0,526.0,19.0,5.0,,0,0,,,0,,0,attack,s02
22,85,0,0,0,0,0,0,0,0,0,0,0,0,,,,,0,0,,,0,,0,attack,s02
22,86,0,0,0,0,0,0,0,0,0,0,0,0,,,,,0,0,,,0,,0,attack,s02
22,87,0,0,0,0,0,0,0,0,0,0,0,0,,,,,0,0,,,0,,0,attack,s02
22,88,0,2,0,0,0,0,0,0,0,0,1,0,,,,,0,0,,,0,,0,attack,s02
22,89,0,0,0,0,0,0,0,0,0,0,0,0,,,,,0,1,99.0,1.6499725004583257,1,96.0,0,attack,s02
22,90,0,0,0,0,0,0,0,0,0,0,0,0,524.0,19.0,5.0,,0,0,,,0,,0,attack,s02
22,91,1,0,0,0,0,0,0,0,0,0,0,0,,,,,0,0,,,0,,0,attack,s02
22,92,0,0,0,0,0,0,0,0,0,0,0,0,,,,,0,0,,,0,,0,attack,s02
22,93,0,1,0,0,0,0,0,0,0,0,1,0,,,,,0,0,,,0,,0,attack,s02
22,94,0,0,0,0,0,0,0,0,0,0,0,0,,,,,0,0,,,0,,0,attack,s02
22,95,0,2,0,0,0,0,0,0,0,0,1,0,,,,,0,1,98.0,1.6333061115648073,1,102.0,0,attack,s02
22,96,1,0,0,0,0,0,0,0,0,0,0,0,522.0,19.0,5.0,,0,0,,,0,,0,attack,s02
22,97,0,0,0,0,0,0,0,0,0,0,0,0,,,,,0,0,,,0,,0,attack,s02
22,98,0,0,0,0,0,0,0,0,0,0,0,0,,,,,0,0,,,0,,0,attack,s02
22,99,0,1,0,0,0,0,0,0,0,0,1,0,,,,,0,0,,,0,,0,attack,s02
22,100,0,1,0,0,0,0,0,0,0,0,1,0,,,,,0,0,,,0,,0,attack,s02
22,101,0,0,0,0,0,0,0,0,0,0,0,0,,,,,0,1,99.0,1.6499725004583257,1,95.0,0,attack,s02
22,102,0,0,0,0,0,0,0,0,0,0,0,0,521.0,19.0,5.0,,0,0,,,0,,0,attack,s02
22,103,0,1,0,0,0,0,0,0,0,0,1,0,,,,,0,0,,,0,,0,attack,s02
22,104,0,0,0,0,0,0,0,0,0,0,0,0,,,,,0,0,,,0,,0,attack,s02
22,105,1,0,0,0,0,0,0,0,0,0,0,0,,,,,0,0,,,0,,0,attack,s02
22,106,0,0,0,0,0,0,0,0,0,0,0,0,,,,,0,0,,,0,,0,attack,s02
22,107,1,0,0,0,0,0,0,0,0,0,0,0,,,,,0,1,98.0,1.6333061115648073,1,93.0,0,attack,s02
22,108,0,0,0,0,0,0,0,0,0,0,0,0,520.0,19.0,5.0,,0,0,,,0,,0,attack,s02
22,109,0,0,0,0,0,0,0,0,0,0,0,0,,,,,0,0,,,0,,0,attack,s02
22,110,0,0,0,0,0,0,0,0,0,0,0,0,,,,,0,0,,,0,,0,attack,s02
22,111,0,0,0,0,0,0,0,0,0,0,0,0,,,,,0,0,,,0,,0,attack,s02
22,112,0,0,0,0,0,0,0,0,0,0,0,0,,,,,0,0,,,0,,0,attack,s02
22,113,1,0,0,0,0,0,0,0,0,0,0,0,,,,,0,1,99.0,1.6499725004583257,1,103.0,0,attack,s02
22,114,0,0,0,0,0,0,0,0,0,0,0,0,519.0,19.0,5.0,,0,0,,,0,,0,attack,s02
22,115,0,0,0,0,0,0,0,0,0,0,0,0,,,,,0,0,,,0,,0,attack,s02
22,116,0,0,0,0,0,0,0,0,0,0,0,0,,,,,0,0,,,0,,0,attack,s02
22,117,0,1,0,0,0,0,0,0,0,0,1,0,,,,,0,0,,,0,,0,attack,s02
22,118,0,0,0,0,0,0,0,0,0,0,0,0,,,,,0,0,,,0,,0,attack,s02
22,119,0,0,0,0,0,0,0,0,0,0,0,0,,,,,0,1,99.0,1.6499725004583257,1,120.0,0,attack,s02
22,120,1,0,0,0,0,0,0,0,0,0,0,0,518.0,20.0,5.0,,0,0,,,0,,0,attack,s02
22,121,0,0,0,0,0,0,0,0,0,0,0,0,,,,,0,0,,,0,,0,attack,s02
22,122,0,0,0,0,0,0,0,0,0,0,0,0,,,,,0,0,,,0,,0,attack,s02
22,123,0,0,0,0,0,0,0,0,0,0,0,0,,,,,0,0,,,0,,0,attack,s02
22,124,0,0,0,0,0,0,0,0,0,0,0,0,,,,,0,0,,,0,,0,attack,s02
22,125,0,0,0,0,0,0,0,0,0,0,0,0,,,,,0,1,98.0,1.6333061115648073,1,100.0,0,attack,s02
22,126,0,1,0,0,0,0,0,0,0,0,1,0,517.0,20.0,5.0,,0,0,,,0,,0,attack,s02
22,127,0,0,0,0,0,0,0,0,0,0,0,0,,,,,0,0,,,0,,0,attack,s02
22,128,0,0,0,0,0,0,0,0,0,0,0,0,,,,,0,0,,,0,,0,attack,s02
22,129,0,0,0,0,0,0,0,0,0,0,0,0,,,,,0,0,,,0,,0,attack,s02
22,130,1,0,0,0,0,0,0,0,0,0,0,0,,,,,0,0,,,0,,0,attack,s02
22,131,0,0,0,0,0,0,0,0,0,0,0,0,,,,,0,1,98.0,1.6333061115648073,1,128.0,0,attack,s02
22,132,0,0,0,0,0,0,0,0,0,0,0,0,516.0,20.0,5.0,,0,0,,,0,,0,attack,s02
22,133,0,0,0,0,0,0,0,0,0,0,0,0,,,,,0,0,,,0,,0,attack,s02
22,134,0,0,0,0,0,0,0,0,0,0,0,0,,,,,0,0,,,0,,0,attack,s02
22,135,0,0,0,0,0,0,0,0,0,0,0,0,,,,,0,0,,,0,,0,attack,s02
22,136,0,1,0,0,0,0,0,0,0,0,1,0,,,,,0,0,,,0,,0,attack,s02
22,137,0,0,0,0,0,0,0,0,0,0,0,0,,,,,0,1,99.0,1.6499725004583257,1,119.0,0,attack,s02
22,138,0,0,0,0,0,0,0,0,0,0,0,0,515.0,20.0,5.0,,0,0,,,0,,0,attack,s02
22,139,1,0,0,0,0,0,0,0,0,0,0,0,,,,,0,0,,,0,,0,attack,s02
22,140,0,0,0,0,0,0,0,0,0,0,0,0,,,,,0,0,,,0,,0,attack,s02
22,141,0,1,0,0,0,0,0,0,0,0,1,0,,,,,0,0,,,0,,0,attack,s02
22,142,0,0,0,0,0,0,0,0,0,0,0,0,,,,,0,0,,,0,,0,attack,s02
22,143,0,0,0,0,0,0,0,0,0,0,0,0,,,,,0,0,,,0,,0,attack,s02
22,144,0,0,0,0,0,0,0,0,0,0,0,0,515.0,20.0,5.0,,0,0,,,0,,0,attack,s02
22,145,0,1,0,0,0,0,0,0,0,0,1,0,,,,,0,0,,,0,,0,attack,s02
22,146,1,0,0,0,0,0,0,0,0,0,0,0,,,,,0,0,,,0,,0,attack,s02
22,147,0,0,0,0,0,0,0,0,0,0,0,0,,,,,0,0,,,0,,0,attack,s02
22,148,0,0,0,0,0,0,0,0,0,0,0,0,,,,,0,0,,,0,,0,attack,s02
22,149,0,0,0,0,0,0,0,0,0,0,0,0,,,,,0,0,,,0,,0,attack,s02
22,150,0,1,0,0,0,0,0,0,0,0,1,0,515.0,20.0,5.0,,0,0,,,0,,0,attack,s02
22,151,0,0,0,0,0,0,0,0,0,0,0,0,,,,,0,0,,,0,,0,attack,s02
22,152,1,0,0,0,0,0,0,0,0,0,0,0,,,,,0,0,,,0,,0,attack,s02
22,153,0,0,0,0,0,0,0,0,0,0,0,0,,,,,0,0,,,0,,0,attack,s02
22,154,0,0,0,0,0,0,0,0,0,0,0,0,,,,,0,0,,,0,,0,attack,s02
22,155,0,0,0,0,0,0,0,0,0,0,0,0,,,,,0,0,,,0,,0,attack,s02
22,156,0,0,0,0,0,0,0,0,0,0,0,0,515.0,20.0,5.0,,0,0,,,0,,0,attack,s02
22,157,0,0,0,0,0,0,0,0,0,0,0,0,,,,,0,0,,,0,,0,attack,s02
22,158,0,0,0,0,0,0,0,0,0,0,0,0,,,,,0,0,,,0,,0,attack,s02
22,159,0,0,0,0,0,0,0,0,0,0,0,0,,,,,0,0,,,0,,0,attack,s02
22,160,1,0,0,0,0,0,0,0,0,0,0,0,,,,,0,0,,,0,,0,attack,s02
22,161,0,0,0,0,0,0,0,0,0,0,0,0,,,,,0,0,,,0,,0,attack,s02
22,162,0,0,0,0,0,0,0,0,0,0,0,0,515.0,20.0,5.0,,0,0,,,0,,0,attack,s02
22,163,0,0,0,0,0,0,0,0,0,0,0,0,,,,,0,0,,,0,,0,attack,s02
22,164,0,0,0,0,0,0,0,0,0,0,0,0,,,,,0,0,,,0,,0,attack,s02
22,165,1,0,0,0,0,0,0,0,0,0,0,0,,,,,0,0,,,0,,0,attack,s02
22,166,0,0,0,0,0,0,0,0,0,0,0,0,,,,,0,0,,,0,,0,attack,s02
22,167,0,1,0,0,0,0,0,0,0,0,1,0,,,,,0,0,,,0,,0,attack,s02
22,168,0,0,0,0,0,0,0,0,0,0,0,0,515.0,20.0,5.0,,0,0,,,0,,0,attack,s02
22,169,0,1,0,0,0,0,0,0,0,0,1,0,,,,,0,0,,,0,,0,attack,s02
22,170,0,0,0,0,0,0,0,0,0,0,0,0,,,,,0,0,,,0,,0,attack,s02
22,171,0,0,0,0,0,0,0,0,0,0,0,0,,,,,0,0,,,0,,0,attack,s02
22,172,0,0,0,0,0,0,0,0,0,0,0,0,,,,,0,0,,,0,,0,attack,s02
22,173,0,0,0,0,0,0,0,0,0,0,0,0,,,,,0,0,,,0,,0,attack,s02
22,174,0,0,0,0,0,0,0,0,0,0,0,0,515.0,20.0,5.0,,0,0,,,0,,0,attack,s02
22,175,0,0,0,0,0,0,0,0,0,0,0,0,,,,,0,0,,,0,,0,attack,s02
22,176,1,0,0,0,0,0,0,0,0,0,0,0,,,,,0,0,,,0,,0,attack,s02
22,177,0,0,0,0,0,0,0,0,0,0,0,0,,,,,0,0,,,0,,0,attack,s02
22,178,0,0,0,0,0,0,0,0,0,0,0,0,,,,,0,0,,,0,,0,attack,s02
22,179,0,0,0,0,0,0,0,0,0,0,0,0,,,,,0,0,,,0,,0,attack,s02
22,180,0,0,0,0,0,0,0,0,0,0,0,0,515.0,20.0,5.0,,0,0,,,0,,0,attack,s02
22,181,0,1,0,0,0,0,0,0,0,0,1,0,,,,,0,0,,,0,,0,attack,s02
23,0,0,0,0,0,0,0,0,0,0,0,0,0,,,,,0,0,,,0,,0,attack,s02
23,1,0,0,0,0,0,0,0,0,0,0,0,0,,,,,0,0,,,0,,0,attack,s02
23,2,4,3,0,0,1,0,0,1,0,0,1,0,353.0,0.0,2.0,,0,0,,,0,,0,attack,s02
23,3,1,4,1,1,0,0,0,0,0,0,1,0,,,,,0,0,,,0,,0,attack,s02
23,4,1,3,0,0,0,0,0,0,0,0,1,0,,,,,0,0,,,0,,0,attack,s02
23,5,1,3,0,0,0,0,0,0,0,0,1,0,,,,,0,0,,,0,,0,attack,s02
23,6,1,5,0,0,0,0,0,0,0,0,1,0,334.0,14.0,8.0,,0,0,,,0,,0,attack,s02
23,7,0,2,0,0,0,0,0,0,0,0,1,0,,,,,0,0,,,0,,0,attack,s02
23,8,0,4,0,0,0,0,0,0,0,0,1,0,,,,,0,1,0.0,,1,113.0,0,attack,s02
23,9,1,3,0,0,0,0,0,0,0,0,1,0,,,,,0,0,,,0,,0,attack,s02
23,10,0,2,0,0,0,0,0,0,0,0,1,0,,,,,0,0,,,0,,0,attack,s02
23,11,0,0,0,0,0,0,0,0,0,0,0,0,,,,,0,0,,,0,,0,attack,s02
23,12,0,0,0,0,0,0,0,0,0,0,0,0,547.0,16.0,9.0,,0,0,,,0,,0,attack,s02
23,13,1,2,0,0,0,0,0,0,0,0,1,0,,,,,0,0,,,0,,0,attack,s02
23,14,1,2,0,0,0,0,0,0,0,0,1,0,,,,,0,1,100.0,1.6666388893518442,1,113.0,0,attack,s02
23,15,0,2,0,0,0,0,0,0,0,0,1,0,,,,,0,0,,,0,,0,attack,s02
23,16,0,3,0,0,0,0,0,0,0,0,1,0,,,,,0,0,,,0,,0,attack,s02
23,17,0,0,0,0,0,0,0,0,0,0,0,0,,,,,0,0,,,0,,0,attack,s02
23,18,0,0,0,0,0,0,0,0,0,0,0,0,517.0,17.0,9.0,,0,0,,,0,,0,attack,s02
23,19,0,0,0,0,0,0,0,0,0,0,0,0,,,,,0,0,,,0,,0,attack,s02
23,20,0,0,0,0,0,0,0,0,0,0,0,0,,,,,0,1,99.0,1.6499725004583257,1,120.0,0,attack,s02
23,21,0,0,0,0,0,0,0,0,0,0,0,0,,,,,0,0,,,0,,0,attack,s02
23,22,1,0,0,0,0,0,0,0,0,0,0,0,,,,,0,0,,,0,,0,attack,s02
23,23,0,1,0,0,0,0,0,0,0,0,1,0,,,,,0,0,,,0,,0,attack,s02
23,24,1,1,0,0,0,0,0,0,0,0,1,0,490.0,17.0,9.0,,0,0,,,0,,0,attack,s02
23,25,0,2,0,0,0,0,0,0,0,0,1,0,,,,,0,0,,,0,,0,attack,s02
23,26,0,0,0,0,0,0,0,0,0,0,0,0,,,,,0,1,99.0,1.6499725004583257,1,112.0,0,attack,s02
23,27,0,2,0,0,0,0,0,0,0,0,1,0,,,,,0,0,,,0,,0,attack,s02
23,28,0,0,0,0,0,0,0,0,0,0,0,0,,,,,0,0,,,0,,0,attack,s02
23,29,0,2,0,0,0,0,0,0,0,0,1,0,,,,,0,0,,,0,,0,attack,s02
23,30,0,1,0,0,0,0,0,0,0,0,1,0,466.0,18.0,9.0,,0,0,,,0,,0,attack,s02
23,31,0,0,0,0,0,0,0,0,0,0,0,0,,,,,0,0,,,0,,0,attack,s02
23,32,0,0,0,0,0,0,0,0,0,0,0,0,,,,,0,1,99.0,1.6499725004583257,1,124.0,0,attack,s02
23,33,1,0,0,0,0,0,0,0,0,0,0,0,,,,,0,0,,,0,,0,attack,s02
23,34,0,0,0,0,0,0,0,0,0,0,0,0,,,,,0,0,,,0,,0,attack,s02
23,35,0,0,0,0,0,0,0,0,0,0,0,0,,,,,0,0,,,0,,0,attack,s02
23,36,0,0,0,0,0,0,0,0,0,0,0,0,445.0,18.0,9.0,,0,0,,,0,,0,attack,s02
23,37,0,0,0,0,0,0,0,0,0,0,0,0,,,,,0,0,,,0,,0,attack,s02
23,38,1,0,0,0,0,0,0,0,0,0,0,0,,,,,0,1,99.0,1.6499725004583257,1,102.0,0,attack,s02
23,39,0,0,0,0,0,0,0,0,0,0,0,0,,,,,0,0,,,0,,0,attack,s02
23,40,0,0,0,0,0,0,0,0,0,0,0,0,,,,,0,0,,,0,,0,attack,s02
23,41,0,0,0,0,0,0,0,0,0,0,0,0,,,,,0,0,,,0,,0,attack,s02
23,42,0,1,0,0,0,0,0,0,0,0,1,0,426.0,18.0,9.0,,0,0,,,0,,0,attack,s02
23,43,1,0,0,0,0,0,0,0,0,0,0,0,,,,,0,0,,,0,,0,attack,s02
23,44,0,1,0,0,0,0,0,0,0,0,1,0,,,,,0,1,99.0,1.6499725004583257,1,96.0,0,attack,s02
23,45,0,2,0,0,0,0,0,0,0,0,1,0,,,,,0,0,,,0,,0,attack,s02
23,46,0,1,0,0,0,0,0,0,0,0,1,0,,,,,0,0,,,0,,0,attack,s02
23,47,0,1,0,0,0,0,0,0,0,0,1,0,,,,,0,0,,,0,,0,attack,s02
23,48,0,1,0,0,0,0,0,0,0,0,1,0,409.0,18.0,9.0,,0,0,,,0,,0,attack,s02
23,49,0,1,0,0,0,0,0,0,0,0,1,0,,,,,0,0,,,0,,0,attack,s02
23,50,1,0,0,0,0,0,0,0,0,0,0,0,,,,,0,1,99.0,1.6499725004583257,1,105.0,0,attack,s02
23,51,0,0,0,0,0,0,0,0,0,0,0,0,,,,,0,0,,,0,,0,attack,s02
23,52,1,1,0,0,0,0,0,0,0,0,1,0,,,,,0,0,,,0,,0,attack,s02
23,53,0,1,0,0,0,0,0,0,0,0,1,0,,,,,0,0,,,0,,0,attack,s02
23,54,0,0,0,0,0,0,0,0,0,0,0,0,393.0,18.0,9.0,,0,0,,,0,,0,attack,s02
23,55,0,0,0,0,0,0,0,0,0,0,0,0,,,,,0,0,,,0,,0,attack,s02
23,56,0,0,0,0,0,0,0,0,0,0,0,0,,,,,0,1,99.0,1.6499725004583257,1,109.0,0,attack,s02
23,57,0,0,0,0,0,0,0,0,0,0,0,0,,,,,0,0,,,0,,0,attack,s02
23,58,0,0,0,0,0,0,0,0,0,0,0,0,,,,,0,0,,,0,,0,attack,s02
23,59,0,0,0,0,0,0,0,0,0,0,0,0,,,,,0,0,,,0,,0,attack,s02
23,60,0,0,0,0,0,0,0,0,0,0,0,0,379.0,19.0,9.0,,0,0,,,0,,0,attack,s02
23,61,1,0,0,0,0,0,0,0,0,0,0,0,,,,,0,0,,,0,,0,attack,s02
23,62,0,1,0,0,0,0,0,0,0,0,1,0,,,,,0,1,98.0,1.6333061115648073,1,114.0,0,attack,s02
23,63,0,0,0,0,0,0,0,0,0,0,0,0,,,,,0,0,,,0,,0,attack,s02
23,64,0,0,0,0,0,0,0,0,0,0,0,0,,,,,0,0,,,0,,0,attack,s02
23,65,0,1,0,0,0,0,0,0,0,0,1,0,,,,,0,0,,,0,,0,attack,s02
23,66,0,0,0,0,0,0,0,0,0,0,0,0,366.0,19.0,9.0,,0,0,,,0,,0,attack,s02
23,67,0,0,0,0,0,0,0,0,0,0,0,0,,,,,0,0,,,0,,0,attack,s02
23,68,0,0,0,0,0,0,0,0,0,0,0,0,,,,,0,1,99.0,1.6499725004583257,1,93.0,0,attack,s02
23,69,0,0,0,0,0,0,0,0,0,0,0,0,,,,,0,0,,,0,,0,attack,s02
23,70,1,0,0,0,0,0,0,0,0,0,0,0,,,,,0,0,,,0,,0,attack,s02
23,71,0,0,0,0,0,0,0,0,0,0,0,0,,,,,0,0,,,0,,0,attack,s02
23,72,0,0,0,0,0,0,0,0,0,0,0,0,355.0,19.0,9.0,,0,0,,,0,,0,attack,s02
23,73,0,0,0,0,0,0,0,0,0,0,0,0,,,,,0,0,,,0,,0,attack,s02
23,74,0,0,0,0,0,0,0,0,0,0,0,0,,,,,0,1,98.0,1.6333061115648073,1,99.0,0,attack,s02
23,75,0,0,0,0,0,0,0,0,0,0,0,0,,,,,0,0,,,0,,0,attack,s02
23,76,1,0,0,0,0,0,0,0,0,0,0,0,,,,,0,0,,,0,,0,attack,s02
23,77,0,0,0,0,0,0,0,0,0,0,0,0,,,,,0,0,,,0,,0,attack,s02
23,78,0,0,0,0,0,0,0,0,0,0,0,0,345.0,19.0,9.0,,0,0,,,0,,0,attack,s02
23,79,0,0,0,0,0,0,0,0,0,0,0,0,,,,,0,0,,,0,,0,attack,s02
23,80,0,0,0,0,0,0,0,0,0,0,0,0,,,,,0,1,99.0,1.6499725004583257,1,130.0,0,attack,s02
23,81,0,0,0,0,0,0,0,0,0,0,0,0,,,,,0,0,,,0,,0,attack,s02
23,82,1,0,0,0,0,0,0,0,0,0,0,0,,,,,0,0,,,0,,0,attack,s02
23,83,0,0,0,0,0,0,0,0,0,0,0,0,,,,,0,0,,,0,,0,attack,s02
23,84,0,0,0,0,0,0,0,0,0,0,0,0,336.0,19.0,9.0,,0,0,,,0,,0,attack,s02
23,85,1,0,0,0,0,0,0,0,0,0,0,0,,,,,0,0,,,0,,0,attack,s02
23,86,0,1,0,0,0,0,0,0,0,0,1,0,,,,,0,1,99.0,1.6499725004583257,1,108.0,0,attack,s02
23,87,1,0,0,0,0,0,0,0,0,0,0,0,,,,,0,0,,,0,,0,attack,s02
23,88,0,0,0,0,0,0,0,0,0,0,0,0,,,,,0,0,,,0,,0,attack,s02
23,89,0,0,0,0,0,0,0,0,0,0,0,0,,,,,0,0,,,0,,0,attack,s02
23,90,0,0,0,0,0,0,0,0,0,0,0,0,328.0,19.0,9.0,,0,0,,,0,,0,attack,s02
23,91,1,0,0,0,0,0,0,0,0,0,0,0,,,,,0,0,,,0,,0,attack,s02
23,92,0,0,0,0,0,0,0,0,0,0,0,0,,,,,0,1,98.0,1.6333061115648073,1,108.0,0,attack,s02
23,93,0,0,0,0,0,0,0,0,0,0,0,0,,,,,0,0,,,0,,0,attack,s02
23,94,0,1,0,0,0,0,0,0,0,0,1,0,,,,,0,0,,,0,,0,attack,s02
23,95,0,1,0,0,0,0,0,0,0,0,1,0,,,,,0,0,,,0,,0,attack,s02
23,96,0,0,0,0,0,0,0,0,0,0,0,0,320.0,19.0,9.0,,0,0,,,0,,0,attack,s02
23,97,0,2,0,0,0,0,0,0,0,0,1,0,,,,,0,0,,,0,,0,attack,s02
23,98,0,1,0,0,0,0,0,0,0,0,1,0,,,,,0,1,99.0,1.6499725004583257,1,92.0,0,attack,s02
23,99,1,1,0,0,0,0,0,0,0,0,1,0,,,,,0,0,,,0,,0,attack,s02
23,100,0,0,0,0,0,0,0,0,0,0,0,0,,,,,0,0,,,0,,0,attack,s02
23,101,0,0,0,0,0,0,0,0,0,0,0,0,,,,,0,0,,,0,,0,attack,s02
23,102,0,1,0,0,0,0,0,0,0,0,1,0,313.0,19.0,9.0,,0,0,,,0,,0,attack,s02
23,103,0,1,0,0,0,0,0,0,0,0,1,0,,,,,0,0,,,0,,0,attack,s02
23,104,0,0,0,0,0,0,0,0,0,0,0,0,,,,,0,1,99.0,1.6499725004583257,1,101.0,0,attack,s02
23,105,0,0,0,0,0,0,0,0,0,0,0,0,,,,,0,0,,,0,,0,attack,s02
23,106,0,0,0,0,0,0,0,0,0,0,0,0,,,,,0,0,,,0,,0,attack,s02
23,107,0,0,0,0,0,0,0,0,0,0,0,0,,,,,0,0,,,0,,0,attack,s02
23,108,0,0,0,0,0,0,0,0,0,0,0,0,307.0,19.0,9.0,,0,0,,,0,,0,attack,s02
23,109,1,0,0,0,0,0,0,0,0,0,0,0,,,,,0,0,,,0,,0,attack,s02
23,110,0,0,0,0,0,0,0,0,0,0,0,0,,,,,0,1,99.0,1.6499725004583257,1,110.0,0,attack,s02
23,111,0,0,0,0,0,0,0,0,0,0,0,0,,,,,0,0,,,0,,0,attack,s02
23,112,0,0,0,0,0,0,0,0,0,0,0,0,,,,,0,0,,,0,,0,attack,s02
23,113,1,0,0,0,0,0,0,0,0,0,0,0,,,,,0,0,,,0,,0,attack,s02
23,114,0,1,0,0,0,0,0,0,0,0,1,0,301.0,20.0,9.0,,0,0,,,0,,0,attack,s02
23,115,0,0,0,0,0,0,0,0,0,0,0,0,,,,,0,0,,,0,,0,attack,s02
23,116,0,0,0,0,0,0,0,0,0,0,0,0,,,,,0,1,99.0,1.6499725004583257,1,96.0,0,attack,s02
23,117,0,0,0,0,0,0,0,0,0,0,0,0,,,,,0,0,,,0,,0,attack,s02
23,118,0,0,0,0,0,0,0,0,0,0,0,0,,,,,0,0,,,0,,0,attack,s02
23,119,1,0,0,0,0,0,0,0,0,0,0,0,,,,,0,0,,,0,,0,attack,s02
23,120,0,0,0,0,0,0,0,0,0,0,0,0,296.0,20.0,9.0,,0,0,,,0,,0,attack,s02
23,121,0,0,0,0,0,0,0,0,0,0,0,0,,,,,0,0,,,0,,0,attack,s02
23,122,0,0,0,0,0,0,0,0,0,0,0,0,,,,,0,1,98.0,1.6333061115648073,1,127.0,0,attack,s02
23,123,0,0,0,0,0,0,0,0,0,0,0,0,,,,,0,0,,,0,,0,attack,s02
23,124,0,0,0,0,0,0,0,0,0,0,0,0,,,,,0,0,,,0,,0,attack,s02
23,125,0,0,0,0,0,0,0,0,0,0,0,0,,,,,0,0,,,0,,0,attack,s02
23,126,0,0,0,0,0,0,0,0,0,0,0,0,292.0,20.0,9.0,,0,0,,,0,,0,attack,s02
23,127,0,0,0,0,0,0,0,0,0,0,0,0,,,,,0,0,,,0,,0,attack,s02
23,128,0,0,0,0,0,0,0,0,0,0,0,0,,,,,0,1,98.0,1.6333061115648073,1,102.0,0,attack,s02
23,129,0,0,0,0,0,0,0,0,0,0,0,0,,,,,0,0,,,0,,0,attack,s02
23,130,1,0,0,0,0,0,0,0,0,0,0,0,,,,,0,0,,,0,,0,attack,s02
23,131,0,0,0,0,0,0,0,0,0,0,0,0,,,,,0,0,,,0,,0,attack,s02
23,132,0,0,0,0,0,0,0,0,0,0,0,0,288.0,20.0,9.0,,0,0,,,0,,0,attack,s02
23,133,0,0,0,0,0,0,0,0,0,0,0,0,,,,,0,0,,,0,,0,attack,s02
23,134,0,0,0,0,0,0,0,0,0,0,0,0,,,,,0,1,99.0,1.6499725004583257,1,108.0,0,attack,s02
23,135,0,0,0,0,0,0,0,0,0,0,0,0,,,,,0,0,,,0,,0,attack,s02
23,136,0,0,0,0,0,0,0,0,0,0,0,0,,,,,0,0,,,0,,0,attack,s02
23,137,0,0,0,0,0,0,0,0,0,0,0,0,,,,,0,0,,,0,,0,attack,s02
23,138,0,0,0,0,0,0,0,0,0,0,0,0,284.0,20.0,9.0,,0,0,,,0,,0,attack,s02
23,139,1,1,0,0,0,0,0,0,0,0,1,0,,,,,0,0,,,0,,0,attack,s02
23,140,0,0,0,0,0,0,0,0,0,0,0,0,,,,,0,1,99.0,1.6499725004583257,1,130.0,0,attack,s02
23,141,0,0,0,0,0,0,0,0,0,0,0,0,,,,,0,0,,,0,,0,attack,s02
23,142,0,0,0,0,0,0,0,0,0,0,0,0,,,,,0,0,,,0,,0,attack,s02
23,143,0,0,0,0,0,0,0,0,0,0,0,0,,,,,0,0,,,0,,0,attack,s02
23,144,0,0,0,0,0,0,0,0,0,0,0,0,281.0,20.0,9.0,,0,0,,,0,,0,attack,s02
23,145,0,0,0,0,0,0,0,0,0,0,0,0,,,,,0,0,,,0,,0,attack,s02
23,146,0,0,0,0,0,0,0,0,0,0,0,0,,,,,0,1,98.0,1.6333061115648073,1,124.0,0,attack,s02
23,147,0,0,0,0,0,0,0,0,0,0,0,0,,,,,0,0,,,0,,0,attack,s02
23,148,1,0,0,0,0,0,0,0,0,0,0,0,,,,,0,0,,,0,,0,attack,s02
23,149,0,1,0,0,0,0,0,0,0,0,1,0,,,,,0,0,,,0,,0,attack,s02
23,150,0,0,0,0,0,0,0,0,0,0,0,0,278.0,20.0,9.0,,0,0,,,0,,0,attack,s02
23,151,0,0,0,0,0,0,0,0,0,0,0,0,,,,,0,0,,,0,,0,attack,s02
23,152,0,1,0,0,0,0,0,0,0,0,1,0,,,,,0,1,99.0,1.6499725004583257,1,119.0,0,attack,s02
23,153,1,0,0,0,0,0,0,0,0,0,0,0,,,,,0,0,,,0,,0,attack,s02
23,154,0,0,0,0,0,0,0,0,0,0,0,0,,,,,0,0,,,0,,0,attack,s02
23,155,0,0,0,0,0,0,0,0,0,0,0,0,,,,,0,0,,,0,,0,attack,s02
23,156,0,0,0,0,0,0,0,0,0,0,0,0,275.0,20.0,9.0,,0,0,,,0,,0,attack,s02
23,157,0,0,0,0,0,0,0,0,0,0,0,0,,,,,0,0,,,0,,0,attack,s02
23,158,0,2,0,0,0,0,0,0,0,0,1,0,,,,,0,1,99.0,1.6499725004583257,1,121.0,0,attack,s02
23,159,0,1,0,0,0,0,0,0,0,0,1,0,,,,,0,0,,,0,,0,attack,s02
23,160,1,0,0,0,0,0,0,0,0,0,0,0,,,,,0,0,,,0,,0,attack,s02
23,161,0,0,0,0,0,0,0,0,0,0,0,0,,,,,0,0,,,0,,0,attack,s02
23,162,0,1,0,0,0,0,0,0,0,0,1,0,273.0,20.0,9.0,,0,0,,,0,,0,attack,s02
23,163,1,1,0,0,0,0,0,0,0,0,1,0,,,,,0,0,,,0,,0,attack,s02
23,164,0,2,0,0,0,0,0,0,0,0,1,0,,,,,0,1,99.0,1.6499725004583257,1,118.0,0,attack,s02
23,165,1,0,0,0,0,0,0,0,0,0,0,0,,,,,0,0,,,0,,0,attack,s02
23,166,0,0,0,0,0,0,0,0,0,0,0,0,,,,,0,0,,,0,,0,attack,s02
23,167,0,0,0,0,0,0,0,0,0,0,0,0,,,,,0,0,,,0,,0,attack,s02
23,168,0,0,0,0,0,0,0,0,0,0,0,0,271.0,20.0,9.0,,0,0,,,0,,0,attack,s02
23,169,0,0,0,0,0,0,0,0,0,0,0,0,,,,,0,0,,,0,,0,attack,s02
23,170,0,0,0,0,0,0,0,0,0,0,0,0,,,,,0,1,99.0,1.6499725004583257,1,115.0,0,attack,s02
23,171,0,1,0,0,0,0,0,0,0,0,1,0,,,,,0,0,,,0,,0,attack,s02
23,172,0,0,0,0,0,0,0,0,0,0,0,0,,,,,0,0,,,0,,0,attack,s02
23,173,0,1,1,1,0,0,0,0,0,0,1,0,,,,,0,0,,,0,,0,attack,s02
23,174,0,1,0,0,0,0,0,0,0,0,1,0,267.0,20.0,9.0,,0,0,,,0,,0,attack,s02
23,175,0,1,0,0,0,0,0,0,0,0,1,0,,,,,0,0,,,0,,0,attack,s02
23,176,1,0,0,0,0,0,0,0,0,0,0,0,,,,,0,1,99.0,1.6499725004583257,1,94.0,0,attack,s02
23,177,0,0,0,0,0,0,0,0,0,0,0,0,,,,,0,0,,,0,,0,attack,s02
23,178,0,1,0,0,0,0,0,0,0,0,1,0,,,,,0,0,,,0,,0,attack,s02
23,179,0,0,0,0,0,0,0,0,0,0,0,0,,,,,0,0,,,0,,0,attack,s02
23,180,0,0,0,0,0,0,0,0,0,0,0,0,265.0,20.0,9.0,,0,0,,,0,,0,attack,s02
23,181,1,0,0,0,0,0,0,0,0,0,0,0,,,,,0,0,,,0,,0,attack,s02
24,0,2,1,0,0,0,0,0,0,0,0,1,0,,,,,0,0,,,0,,0,attack,s02
24,1,3,1,1,1,0,0,0,1,0,0,1,0,304.0,0.0,1.0,,0,0,,,0,,0,attack,s02
24,2,1,6,0,0,0,0,0,0,0,0,1,4,,,,,0,0,,,0,,0,attack,s02
24,3,1,3,0,0,0,0,0,0,0,0,1,0,,,,,0,0,,,0,,0,attack,s02
24,4,2,7,0,0,0,0,0,0,0,0,1,4,,,,,0,0,,,0,,0,attack,s02
24,5,0,3,0,0,0,0,0,0,0,0,1,0,,,,,0,0,,,0,,0,attack,s02
24,6,1,6,0,0,0,0,0,0,0,0,1,0,290.0,14.0,7.0,,0,1,0.0,,1,114.0,0,attack,s02
24,7,0,2,0,0,0,0,0,0,0,0,1,0,,,,,0,0,,,0,,0,attack,s02
24,8,1,2,0,0,0,0,0,0,0,0,1,0,,,,,0,0,,,0,,0,attack,s02
24,9,0,4,0,0,0,0,0,0,0,0,1,0,,,,,0,0,,,0,,0,attack,s02
24,10,1,4,0,0,0,0,0,0,0,0,1,0,,,,,0,0,,,0,,0,attack,s02
24,11,0,0,0,0,0,0,0,0,0,0,0,0,,,,,0,0,,,0,,0,attack,s02
24,12,0,0,0,0,0,0,0,0,0,0,0,0,287.0,16.0,9.0,,0,1,101.0,1.6833052782453626,1,107.0,0,attack,s02
24,13,0,3,0,0,0,0,0,0,0,0,1,0,,,,,0,0,,,0,,0,attack,s02
24,14,0,3,0,0,0,0,0,0,0,0,1,0,,,,,0,0,,,0,,0,attack,s02
24,15,0,2,0,0,0,0,0,0,0,0,1,0,,,,,0,0,,,0,,0,attack,s02
24,16,1,3,0,0,0,0,0,0,0,0,1,0,,,,,0,0,,,0,,0,attack,s02
24,17,0,2,0,0,0,0,0,0,0,0,1,0,,,,,0,0,,,0,,0,attack,s02
24,18,0,0,0,0,0,0,0,0,0,0,0,0,274.0,17.0,9.0,,0,1,100.0,1.6666388893518442,1,104.0,0,attack,s02
24,19,0,0,0,0,0,0,0,0,0,0,0,0,,,,,0,0,,,0,,0,attack,s02
24,20,0,1,0,0,0,0,0,0,0,0,1,0,,,,,0,0,,,0,,0,attack,s02
24,21,1,0,0,0,0,0,0,0,0,0,0,0,,,,,0,0,,,0,,0,attack,s02
24,22,0,3,0,0,0,0,0,0,0,0,1,0,,,,,0,0,,,0,,0,attack,s02
24,23,0,3,0,0,0,0,0,0,0,0,1,0,,,,,0,0,,,0,,0,attack,s02
24,24,0,1,0,0,0,0,0,0,0,0,1,0,266.0,17.0,9.0,,0,1,99.0,1.6499725004583257,1,130.0,0,attack,s02
24,25,1,0,0,0,0,0,0,0,0,0,0,0,,,,,0,0,,,0,,0,attack,s02
24,26,0,0,0,0,0,0,0,0,0,0,0,0,,,,,0,0,,,0,,0,attack,s02
24,27,1,3,0,0,0,0,0,0,0,0,1,0,,,,,0,0,,,0,,0,attack,s02
24,28,0,1,0,0,0,0,0,0,0,0,1,0,,,,,0,0,,,0,,0,attack,s02
24,29,0,2,0,0,0,0,0,0,0,0,1,0,,,,,0,0,,,0,,0,attack,s02
24,30,0,1,0,0,0,0,0,0,0,0,1,0,262.0,18.0,9.0,,0,1,100.0,1.6666388893518442,1,99.0,0,attack,s02
24,31,0,0,0,0,0,0,0,0,0,0,0,0,,,,,0,0,,,0,,0,attack,s02
24,32,0,1,0,0,0,0,0,0,0,0,1,0,,,,,0,0,,,0,,0,attack,s02
24,33,0,1,0,0,0,0,0,0,0,0,1,0,,,,,0,0,,,0,,0,attack,s02
24,34,0,0,0,0,0,0,0,0,0,0,0,0,,,,,0,0,,,0,,0,attack,s02
24,35,1,0,0,0,0,0,0,0,0,0,0,0,,,,,0,0,,,0,,0,attack,s02
24,36,0,0,0,0,0,0,0,0,0,0,0,0,258.0,18.0,9.0,,0,1,99.0,1.6499725004583257,1,128.0,0,attack,s02
24,37,0,0,0,0,0,0,0,0,0,0,0,0,,,,,0,0,,,0,,0,attack,s02
24,38,0,0,0,0,0,0,0,0,0,0,0,0,,,,,0,0,,,0,,0,attack,s02
24,39,0,0,0,0,0,0,0,0,0,0,0,0,,,,,0,0,,,0,,0,attack,s02
24,40,0,0,0,0,0,0,0,0,0,0,0,0,,,,,0,0,,,0,,0,attack,s02
24,41,0,0,0,0,0,0,0,0,0,0,0,0,,,,,0,0,,,0,,0,attack,s02
24,42,0,2,0,0,0,0,0,0,0,0,1,0,256.0,18.0,9.0,,0,1,99.0,1.6499725004583257,1,110.0,0,attack,s02
24,43,1,0,0,0,0,0,0,0,0,0,0,0,,,,,0,0,,,0,,0,attack,s02
24,44,0,0,0,0,0,0,0,0,0,0,0,0,,,,,0,0,,,0,,0,attack,s02
24,45,0,3,0,0,0,0,0,0,0,0,1,0,,,,,0,0,,,0,,0,attack,s02
24,46,1,0,0,0,0,0,0,0,0,0,0,0,,,,,0,0,,,0,,0,attack,s02
24,47,0,1,0,0,0,0,0,0,0,0,1,0,,,,,0,0,,,0,,0,attack,s02
24,48,0,2,0,0,0,0,0,0,0,0,1,0,256.0,18.0,9.0,,0,1,100.0,1.6666388893518442,1,103.0,0,attack,s02
24,49,0,2,0,0,0,0,0,0,0,0,1,0,,,,,0,0,,,0,,0,attack,s02
24,50,0,1,0,0,0,0,0,0,0,0,1,0,,,,,0,0,,,0,,0,attack,s02
24,51,0,0,0,0,0,0,0,0,0,0,0,0,,,,,0,0,,,0,,0,attack,s02
24,52,1,2,0,0,0,0,0,0,0,0,1,0,,,,,0,0,,,0,,0,attack,s02
24,53,0,1,0,0,0,0,0,0,0,0,1,0,,,,,0,0,,,0,,0,attack,s02
24,54,0,0,0,0,0,0,0,0,0,0,0,0,256.0,18.0,9.0,,0,1,100.0,1.6665827819999728,1,106.0,0,attack,s02
24,55,0,0,0,0,0,0,0,0,0,0,0,0,,,,,0,0,,,0,,0,attack,s02
24,56,0,0,0,0,0,0,0,0,0,0,0,0,,,,,0,0,,,0,,0,attack,s02
24,57,0,0,0,0,0,0,0,0,0,0,0,0,,,,,0,0,,,0,,0,attack,s02
24,58,0,0,0,0,0,0,0,0,0,0,0,0,,,,,0,0,,,0,,0,attack,s02
24,59,0,0,0,0,0,0,0,0,0,0,0,0,,,,,0,0,,,0,,0,attack,s02
24,60,1,0,0,0,0,0,0,0,0,0,0,0,256.0,19.0,9.0,,0,1,99.0,1.6499730504401762,1,91.0,0,attack,s02
24,61,0,0,0,0,0,0,0,0,0,0,0,0,,,,,0,0,,,0,,0,attack,s02
24,62,0,0,0,0,0,0,0,0,0,0,0,0,,,,,0,0,,,0,,0,attack,s02
24,63,0,0,0,0,0,0,0,0,0,0,0,0,,,,,0,0,,,0,,0,attack,s02
24,64,0,1,0,0,0,0,0,0,0,0,1,0,,,,,0,0,,,0,,0,attack,s02
24,65,0,0,0,0,0,0,0,0,0,0,0,0,,,,,0,0,,,0,,0,attack,s02
24,66,0,0,0,0,0,0,0,0,0,0,0,0,256.0,19.0,9.0,,0,1,99.0,1.6499725004583257,1,110.0,0,attack,s02
24,67,1,0,0,0,0,0,0,0,0,0,0,0,,,,,0,0,,,0,,0,attack,s02
24,68,0,0,0,0,0,0,0,0,0,0,0,0,,,,,0,0,,,0,,0,attack,s02
24,69,0,0,0,0,0,0,0,0,0,0,0,0,,,,,0,0,,,0,,0,attack,s02
24,70,0,0,0,0,0,0,0,0,0,0,0,0,,,,,0,0,,,0,,0,attack,s02
24,71,0,0,0,0,0,0,0,0,0,0,0,0,,,,,0,0,,,0,,0,attack,s02
24,72,0,0,0,0,0,0,0,0,0,0,0,0,256.0,19.0,9.0,,0,1,99.0,1.6499725004583257,1,111.0,0,attack,s02
24,73,0,0,0,0,0,0,0,0,0,0,0,0,,,,,0,0,,,0,,0,attack,s02
24,74,0,0,0,0,0,0,0,0,0,0,0,0,,,,,0,0,,,0,,0,attack,s02
24,75,0,0,0,0,0,0,0,0,0,0,0,0,,,,,0,0,,,0,,0,attack,s02
24,76,0,0,0,0,0,0,0,0,0,0,0,0,,,,,0,0,,,0,,0,attack,s02
24,77,1,0,0,0,0,0,0,0,0,0,0,0,,,,,0,0,,,0,,0,attack,s02
24,78,0,0,0,0,0,0,0,0,0,0,0,0,256.0,19.0,9.0,,0,1,99.0,1.6499725004583257,1,127.0,0,attack,s02
24,79,0,0,0,0,0,0,0,0,0,0,0,0,,,,,0,0,,,0,,0,attack,s02
24,80,0,0,0,0,0,0,0,0,0,0,0,0,,,,,0,0,,,0,,0,attack,s02
24,81,1,0,0,0,0,0,0,0,0,0,0,0,,,,,0,0,,,0,,0,attack,s02
24,82,0,0,0,0,0,0,0,0,0,0,0,0,,,,,0,0,,,0,,0,attack,s02
24,83,0,0,0,0,0,0,0,0,0,0,0,0,,,,,0,0,,,0,,0,attack,s02
24,84,0,0,0,0,0,0,0,0,0,0,0,0,256.0,19.0,9.0,,0,1,99.0,1.6499725004583257,1,113.0,0,attack,s02
24,85,0,1,0,0,0,0,0,0,0,0,1,0,,,,,0,0,,,0,,0,attack,s02
24,86,0,1,0,0,0,0,0,0,0,0,1,0,,,,,0,0,,,0,,0,attack,s02
24,87,0,0,0,0,0,0,0,0,0,0,0,0,,,,,0,0,,,0,,0,attack,s02
24,88,1,0,0,0,0,0,0,0,0,0,0,0,,,,,0,0,,,0,,0,attack,s02
24,89,0,0,0,0,0,0,0,0,0,0,0,0,,,,,0,0,,,0,,0,attack,s02
24,90,0,1,0,0,0,0,0,0,0,0,1,0,256.0,19.0,9.0,,0,1,99.0,1.6499725004583257,1,94.0,0,attack,s02
24,91,0,1,0,0,0,0,0,0,0,0,1,0,,,,,0,0,,,0,,0,attack,s02
24,92,0,0,0,0,0,0,0,0,0,0,0,0,,,,,0,0,,,0,,0,attack,s02
24,93,0,0,0,0,0,0,0,0,0,0,0,0,,,,,0,0,,,0,,0,attack,s02
24,94,0,2,0,0,0,0,0,0,0,0,1,0,,,,,0,0,,,0,,0,attack,s02
24,95,0,1,0,0,0,0,0,0,0,0,1,0,,,,,0,0,,,0,,0,attack,s02
24,96,0,2,0,0,0,0,0,0,0,0,1,0,256.0,19.0,9.0,,0,1,100.0,1.6666388893518442,1,122.0,0,attack,s02
24,97,1,1,0,0,0,0,0,0,0,0,1,0,,,,,0,0,,,0,,0,attack,s02
24,98,1,1,0,0,0,0,0,0,0,0,1,0,,,,,0,0,,,0,,0,attack,s02
24,99,0,2,0,0,0,0,0,0,0,0,1,0,,,,,0,0,,,0,,0,attack,s02
24,100,0,0,0,0,0,0,0,0,0,0,0,0,,,,,0,0,,,0,,0,attack,s02
24,101,0,0,0,0,0,0,0,0,0,0,0,0,,,,,0,0,,,0,,0,attack,s02
24,102,0,1,0,0,0,0,0,0,0,0,1,0,256.0,19.0,9.0,,0,1,99.0,1.6499725004583257,1,126.0,0,attack,s02
24,103,0,2,0,0,0,0,0,0,0,0,1,0,,,,,0,0,,,0,,0,attack,s02
24,104,1,0,0,0,0,0,0,0,0,0,0,0,,,,,0,0,,,0,,0,attack,s02
24,105,0,0,0,0,0,0,0,0,0,0,0,0,,,,,0,0,,,0,,0,attack,s02
24,106,0,1,0,0,0,0,0,0,0,0,1,0,,,,,0,0,,,0,,0,attack,s02
24,107,0,0,0,0,0,0,0,0,0,0,0,0,,,,,0,0,,,0,,0,attack,s02
24,108,0,0,0,0,0,0,0,0,0,0,0,0,256.0,19.0,9.0,,0,1,100.0,1.6666388893518442,1,124.0,0,attack,s02
24,109,0,0,0,0,0,0,0,0,0,0,0,0,,,,,0,0,,,0,,0,attack,s02
24,110,1,0,0,0,0,0,0,0,0,0,0,0,,,,,0,0,,,0,,0,attack,s02
24,111,0,0,0,0,0,0,0,0,0,0,0,0,,,,,0,0,,,0,,0,attack,s02
24,112,0,0,0,0,0,0,0,0,0,0,0,0,,,,,0,0,,,0,,0,attack,s02
24,113,0,0,0,0,0,0,0,0,0,0,0,0,,,,,0,0,,,0,,0,attack,s02
24,114,0,0,0,0,0,0,0,0,0,0,0,0,256.0,20.0,9.0,,0,1,99.0,1.6499725004583257,1,124.0,0,attack,s02
24,115,0,0,0,0,0,0,0,0,0,0,0,0,,,,,0,0,,,0,,0,attack,s02
24,116,0,0,0,0,0,0,0,0,0,0,0,0,,,,,0,0,,,0,,0,attack,s02
24,117,0,0,0,0,0,0,0,0,0,0,0,0,,,,,0,0,,,0,,0,attack,s02
24,118,1,0,0,0,0,0,0,0,0,0,0,0,,,,,0,0,,,0,,0,attack,s02
24,119,0,0,0,0,0,0,0,0,0,0,0,0,,,,,0,0,,,0,,0,attack,s02
24,120,0,0,0,0,0,0,0,0,0,0,0,0,256.0,20.0,9.0,,0,1,99.0,1.6499725004583257,1,129.0,0,attack,s02
24,121,0,0,0,0,0,0,0,0,0,0,0,0,,,,,0,0,,,0,,0,attack,s02
24,122,0,0,0,0,0,0,0,0,0,0,0,0,,,,,0,0,,,0,,0,attack,s02
24,123,0,1,0,0,0,0,0,0,0,0,1,0,,,,,0,0,,,0,,0,attack,s02
24,124,0,0,0,0,0,0,0,0,0,0,0,0,,,,,0,0,,,0,,0,attack,s02
24,125,0,0,0,0,0,0,0,0,0,0,0,0,,,,,0,0,,,0,,0,attack,s02
24,126,0,0,0,0,0,0,0,0,0,0,0,0,256.0,20.0,9.0,,0,1,99.0,1.6499725004583257,1,102.0,0,attack,s02
24,127,1,0,0,0,0,0,0,0,0,0,0,0,,,,,0,0,,,0,,0,attack,s02
24,128,0,0,0,0,0,0,0,0,0,0,0,0,,,,,0,0,,,0,,0,attack,s02
24,129,0,0,0,0,0,0,0,0,0,0,0,0,,,,,0,0,,,0,,0,attack,s02
24,130,0,0,0,0,0,0,0,0,0,0,0,0,,,,,0,0,,,0,,0,attack,s02
24,131,0,0,0,0,0,0,0,0,0,0,0,0,,,,,0,0,,,0,,0,attack,s02
24,132,0,0,0,0,0,0,0,0,0,0,0,0,256.0,20.0,9.0,,0,1,99.0,1.6499725004583257,1,97.0,0,attack,s02
24,133,0,0,0,0,0,0,0,0,0,0,0,0,,,,,0,0,,,0,,0,attack,s02
24,134,0,0,0,0,0,0,0,0,0,0,0,0,,,,,0,0,,,0,,0,attack,s02
24,135,1,1,0,0,0,0,0,0,0,0,1,0,,,,,0,0,,,0,,0,attack,s02
24,136,0,0,0,0,0,0,0,0,0,0,0,0,,,,,0,0,,,0,,0,attack,s02
24,137,0,0,0,0,0,0,0,0,0,0,0,0,,,,,0,0,,,0,,0,attack,s02
24,138,0,0,0,0,0,0,0,0,0,0,0,0,256.0,20.0,9.0,,0,1,99.0,1.6499725004583257,1,92.0,0,attack,s02
24,139,0,0,0,0,0,0,0,0,0,0,0,0,,,,,0,0,,,0,,0,attack,s02
24,140,0,0,0,0,0,0,0,0,0,0,0,0,,,,,0,0,,,0,,0,attack,s02
24,141,0,0,0,0,0,0,0,0,0,0,0,0,,,,,0,0,,,0,,0,attack,s02
24,142,0,0,0,0,0,0,0,0,0,0,0,0,,,,,0,0,,,0,,0,attack,s02
24,143,1,0,0,0,0,0,0,0,0,0,0,0,,,,,0,0,,,0,,0,attack,s02
24,144,0,0,0,0,0,0,0,0,0,0,0,0,256.0,20.0,9.0,,0,1,99.0,1.6499725004583257,1,102.0,0,attack,s02
24,145,0,0,0,0,0,0,0,0,0,0,0,0,,,,,0,0,,,0,,0,attack,s02
24,146,0,0,0,0,0,0,0,0,0,0,0,0,,,,,0,0,,,0,,0,attack,s02
24,147,0,0,0,0,0,0,0,0,0,0,0,0,,,,,0,0,,,0,,0,attack,s02
24,148,0,0,0,0,0,0,0,0,0,0,0,0,,,,,0,0,,,0,,0,attack,s02
24,149,1,0,0,0,0,0,0,0,0,0,0,0,,,,,0,0,,,0,,0,attack,s02
24,150,0,0,0,0,0,0,0,0,0,0,0,0,256.0,20.0,9.0,,0,1,98.0,1.6333061115648073,1,114.0,0,attack,s02
24,151,0,0,0,0,0,0,0,0,0,0,0,0,,,,,0,0,,,0,,0,attack,s02
24,152,0,0,0,0,0,0,0,0,0,0,0,0,,,,,0,0,,,0,,0,attack,s02
24,153,0,0,0,0,0,0,0,0,0,0,0,0,,,,,0,0,,,0,,0,attack,s02
24,154,0,0,0,0,0,0,0,0,0,0,0,0,,,,,0,0,,,0,,0,attack,s02
24,155,0,0,0,0,0,0,0,0,0,0,0,0,,,,,0,0,,,0,,0,attack,s02
24,156,0,0,0,0,0,0,0,0,0,0,0,0,256.0,20.0,9.0,,0,1,99.0,1.6499725004583257,1,119.0,0,attack,s02
24,157,0,0,0,0,0,0,0,0,0,0,0,0,,,,,0,0,,,0,,0,attack,s02
24,158,1,0,0,0,0,0,0,0,0,0,0,0,,,,,0,0,,,0,,0,attack,s02
24,159,0,0,0,0,0,0,0,0,0,0,0,0,,,,,0,0,,,0,,0,attack,s02
24,160,0,1,0,0,0,0,0,0,0,0,1,0,,,,,0,0,,,0,,0,attack,s02
24,161,0,0,0,0,0,0,0,0,0,0,0,0,,,,,0,0,,,0,,0,attack,s02
24,162,0,0,0,0,0,0,0,0,0,0,0,0,256.0,20.0,9.0,,0,1,99.0,1.6499725004583257,1,102.0,0,attack,s02
24,163,0,2,0,0,0,0,0,0,0,0,1,0,,,,,0,0,,,0,,0,attack,s02
24,164,1,1,0,0,0,0,0,0,0,0,1,0,,,,,0,0,,,0,,0,attack,s02
24,165,0,1,0,0,0,0,0,0,0,0,1,0,,,,,0,0,,,0,,0,attack,s02
24,166,0,0,0,0,0,0,0,0,0,0,0,0,,,,,0,0,,,0,,0,attack,s02
24,167,0,0,0,0,0,0,0,0,0,0,0,0,,,,,0,0,,,0,,0,attack,s02
24,168,0,0,0,0,0,0,0,0,0,0,0,0,256.0,20.0,9.0,,0,1,100.0,1.666610557444566,1,126.0,0,attack,s02
24,169,0,0,0,0,0,0,0,0,0,0,0,0,,,,,0,0,,,0,,0,attack,s02
24,170,0,0,0,0,0,0,0,0,0,0,0,0,,,,,0,0,,,0,,0,attack,s02
24,171,0,2,0,0,0,0,0,0,0,0,1,0,,,,,0,0,,,0,,0,attack,s02
24,172,0,0,0,0,0,0,0,0,0,0,0,0,,,,,0,0,,,0,,0,attack,s02
24,173,1,0,1,1,0,0,0,0,0,0,0,0,,,,,0,0,,,0,,0,attack,s02
24,174,0,0,0,0,0,0,0,0,0,0,0,0,256.0,20.0,9.0,,0,1,100.0,1.666639444889067,1,92.0,0,attack,s02
24,175,0,1,0,0,0,0,0,0,0,0,1,0,,,,,0,0,,,0,,0,attack,s02
24,176,0,0,0,0,0,0,0,0,0,0,0,0,,,,,0,0,,,0,,0,attack,s02
24,177,0,0,0,0,0,0,0,0,0,0,0,0,,,,,0,0,,,0,,0,attack,s02
24,178,0,0,0,0,0,0,0,0,0,0,0,0,,,,,0,0,,,0,,0,attack,s02
24,179,0,0,0,0,0,0,0,0,0,0,0,0,,,,,0,0,,,0,,0,attack,s02
24,180,0,0,0,0,0,0,0,0,0,0,0,0,256.0,20.0,9.0,,0,1,99.0,1.6499725004583257,1,102.0,0,attack,s02
24,181,0,2,0,0,0,0,0,0,0,0,1,0,,,,,0,0,,,0,,0,attack,s02
25,0,0,0,0,0,0,0,0,0,0,0,0,0,,,,,0,0,,,0,,0,attack,s02
25,1,3,2,0,0,0,0,0,1,0,0,1,0,341.0,0.0,1.0,,0,0,,,0,,0,attack,s02
25,2,1,3,1,1,0,0,0,0,0,0,1,0,,,,,0,0,,,0,,0,attack,s02
25,3,1,8,0,0,0,0,0,0,0,0,1,4,,,,,0,0,,,0,,0,attack,s02
25,4,2,3,0,0,0,0,0,0,0,0,1,0,,,,,0,0,,,0,,0,attack,s02
25,5,0,4,0,0,0,0,0,0,0,0,1,0,,,,,0,0,,,0,,0,attack,s02
25,6,1,5,0,0,0,0,0,0,0,0,1,0,340.0,14.0,8.0,,0,0,,,0,,0,attack,s02
25,7,0,2,0,0,0,0,0,0,0,0,1,0,,,,,0,1,0.0,,1,124.0,0,attack,s02
25,8,0,3,0,0,0,0,0,0,0,0,1,0,,,,,0,0,,,0,,0,attack,s02
25,9,1,3,0,0,0,0,0,0,0,0,1,0,,,,,0,0,,,0,,0,attack,s02
25,10,1,1,0,0,0,0,0,0,0,0,1,0,,,,,0,0,,,0,,0,attack,s02
25,11,0,0,0,0,0,0,0,0,0,0,0,0,,,,,0,0,,,0,,0,attack,s02
25,12,0,0,0,0,0,0,0,0,0,0,0,0,440.0,16.0,9.0,,0,0,,,0,,0,attack,s02
25,13,1,2,0,0,0,0,0,0,0,0,1,0,,,,,0,1,100.0,1.6666388893518442,1,104.0,0,attack,s02
25,14,0,2,0,0,0,0,0,0,0,0,1,0,,,,,0,0,,,0,,0,attack,s02
25,15,0,3,0,0,0,0,0,0,0,0,1,0,,,,,0,0,,,0,,0,attack,s02
25,16,0,3,0,0,0,0,0,0,0,0,1,0,,,,,0,0,,,0,,0,attack,s02
25,17,1,0,0,0,0,0,0,0,0,0,0,0,,,,,0,0,,,0,,0,attack,s02
25,18,0,0,0,0,0,0,0,0,0,0,0,0,404.0,17.0,9.0,,0,0,,,0,,0,attack,s02
25,19,0,0,0,0,0,0,0,0,0,0,0,0,,,,,0,1,100.0,1.6666388893518442,1,119.0,0,attack,s02
25,20,0,0,0,0,0,0,0,0,0,0,0,0,,,,,0,0,,,0,,0,attack,s02
25,21,0,0,0,0,0,0,0,0,0,0,0,0,,,,,0,0,,,0,,0,attack,s02
25,22,1,0,0,0,0,0,0,0,0,0,0,0,,,,,0,0,,,0,,0,attack,s02
25,23,0,3,0,0,0,0,0,0,0,0,1,0,,,,,0,0,,,0,,0,attack,s02
25,24,0,2,0,0,0,0,0,0,0,0,1,0,375.0,17.0,9.0,,0,0,,,0,,0,attack,s02
25,25,0,1,0,0,0,0,0,0,0,0,1,0,,,,,0,1,99.0,1.6499725004583257,1,106.0,0,attack,s02
25,26,0,0,0,0,0,0,0,0,0,0,0,0,,,,,0,0,,,0,,0,attack,s02
25,27,1,1,0,0,0,0,0,0,0,0,1,0,,,,,0,0,,,0,,0,attack,s02
25,28,0,1,0,0,0,0,0,0,0,0,1,0,,,,,0,0,,,0,,0,attack,s02
25,29,1,1,0,0,0,0,0,0,0,0,1,0,,,,,0,0,,,0,,0,attack,s02
25,30,0,0,0,0,0,0,0,0,0,0,0,0,352.0,18.0,9.0,,0,0,,,0,,0,attack,s02
25,31,0,0,0,0,0,0,0,0,0,0,0,0,,,,,0,1,99.0,1.6499725004583257,1,91.0,0,attack,s02
25,32,0,0,0,0,0,0,0,0,0,0,0,0,,,,,0,0,,,0,,0,attack,s02
25,33,0,0,0,0,0,0,0,0,0,0,0,0,,,,,0,0,,,0,,0,attack,s02
25,34,0,0,0,0,0,0,0,0,0,0,0,0,,,,,0,0,,,0,,0,attack,s02
25,35,0,0,0,0,0,0,0,0,0,0,0,0,,,,,0,0,,,0,,0,attack,s02
25,36,0,0,0,0,0,0,0,0,0,0,0,0,333.0,18.0,9.0,,0,0,,,0,,0,attack,s02
25,37,0,0,0,0,0,0,0,0,0,0,0,0,,,,,0,1,99.0,1.6499725004583257,1,127.0,0,attack,s02
25,38,1,0,0,0,0,0,0,0,0,0,0,0,,,,,0,0,,,0,,0,attack,s02
25,39,0,0,0,0,0,0,0,0,0,0,0,0,,,,,0,0,,,0,,0,attack,s02
25,40,0,0,0,0,0,0,0,0,0,0,0,0,,,,,0,0,,,0,,0,attack,s02
25,41,0,0,0,0,0,0,0,0,0,0,0,0,,,,,0,0,,,0,,0,attack,s02
25,42,0,1,0,0,0,0,0,0,0,0,1,0,318.0,18.0,9.0,,0,0,,,0,,0,attack,s02
25,43,0,0,0,0,0,0,0,0,0,0,0,0,,,,,0,1,99.0,1.6499725004583257,1,106.0,0,attack,s02
25,44,0,0,0,0,0,0,0,0,0,0,0,0,,,,,0,0,,,0,,0,attack,s02
25,45,0,2,0,0,0,0,0,0,0,0,1,0,,,,,0,0,,,0,,0,attack,s02
25,46,0,1,0,0,0,0,0,0,0,0,1,0,,,,,0,0,,,0,,0,attack,s02
25,47,0,2,0,0,0,0,0,0,0,0,1,0,,,,,0,0,,,0,,0,attack,s02
25,48,1,1,0,0,0,0,0,0,0,0,1,0,305.0,18.0,9.0,,0,0,,,0,,0,attack,s02
25,49,0,1,0,0,0,0,0,0,0,0,1,0,,,,,0,1,99.0,1.6499725004583257,1,100.0,0,attack,s02
25,50,0,1,0,0,0,0,0,0,0,0,1,0,,,,,0,0,,,0,,0,attack,s02
25,51,0,0,0,0,0,0,0,0,0,0,0,0,,,,,0,0,,,0,,0,attack,s02
25,52,1,1,0,0,0,0,0,0,0,0,1,0,,,,,0,0,,,0,,0,attack,s02
25,53,0,1,0,0,0,0,0,0,0,0,1,0,,,,,0,0,,,0,,0,attack,s02
25,54,0,1,0,0,0,0,0,0,0,0,1,0,295.0,18.0,9.0,,0,0,,,0,,0,attack,s02
25,55,0,2,0,0,0,0,0,0,0,0,1,0,,,,,0,1,99.0,1.6499725004583257,1,113.0,0,attack,s02
25,56,0,0,0,0,0,0,0,0,0,0,0,0,,,,,0,0,,,0,,0,attack,s02
25,57,1,0,0,0,0,0,0,0,0,0,0,0,,,,,0,0,,,0,,0,attack,s02
25,58,0,0,0,0,0,0,0,0,0,0,0,0,,,,,0,0,,,0,,0,attack,s02
25,59,0,0,0,0,0,0,0,0,0,0,0,0,,,,,0,0,,,0,,0,attack,s02
25,60,0,0,0,0,0,0,0,0,0,0,0,0,287.0,19.0,9.0,,0,0,,,0,,0,attack,s02
25,61,0,1,0,0,0,0,0,0,0,0,1,0,,,,,0,1,98.0,1.6333061115648073,1,103.0,0,attack,s02
25,62,0,0,0,0,0,0,0,0,0,0,0,0,,,,,0,0,,,0,,0,attack,s02
25,63,0,0,0,0,0,0,0,0,0,0,0,0,,,,,0,0,,,0,,0,attack,s02
25,64,1,1,0,0,0,0,0,0,0,0,1,0,,,,,0,0,,,0,,0,attack,s02
25,65,0,0,0,0,0,0,0,0,0,0,0,0,,,,,0,0,,,0,,0,attack,s02
25,66,0,1,0,0,0,0,0,0,0,0,1,0,280.0,19.0,9.0,,0,0,,,0,,0,attack,s02
25,67,0,0,0,0,0,0,0,0,0,0,0,0,,,,,0,1,99.0,1.6499725004583257,1,130.0,0,attack,s02
25,68,0,0,0,0,0,0,0,0,0,0,0,0,,,,,0,0,,,0,,0,attack,s02
25,69,0,0,0,0,0,0,0,0,0,0,0,0,,,,,0,0,,,0,,0,attack,s02
25,70,0,0,0,0,0,0,0,0,0,0,0,0,,,,,0,0,,,0,,0,attack,s02
25,71,0,0,0,0,0,0,0,0,0,0,0,0,,,,,0,0,,,0,,0,attack,s02
25,72,0,0,0,0,0,0,0,0,0,0,0,0,274.0,19.0,9.0,,0,0,,,0,,0,attack,s02
25,73,0,1,0,0,0,0,0,0,0,0,1,0,,,,,0,1,99.0,1.6499725004583257,1,97.0,0,attack,s02
25,74,1,1,0,0,0,0,0,0,0,0,1,0,,,,,0,0,,,0,,0,attack,s02
25,75,0,0,0,0,0,0,0,0,0,0,0,0,,,,,0,0,,,0,,0,attack,s02
25,76,0,1,0,0,0,0,0,0,0,0,1,0,,,,,0,0,,,0,,0,attack,s02
25,77,0,1,0,0,0,0,0,0,0,0,1,0,,,,,0,0,,,0,,0,attack,s02
25,78,0,1,0,0,0,0,0,0,0,0,1,0,270.0,19.0,9.0,,0,0,,,0,,0,attack,s02
25,79,0,0,0,0,0,0,0,0,0,0,0,0,,,,,0,1,100.0,1.6666388893518442,1,124.0,0,attack,s02
25,80,0,0,0,0,0,0,0,0,0,0,0,0,,,,,0,0,,,0,,0,attack,s02
25,81,0,1,0,0,0,0,0,0,0,0,1,0,,,,,0,0,,,0,,0,attack,s02
25,82,0,1,0,0,0,0,0,0,0,0,1,0,,,,,0,0,,,0,,0,attack,s02
25,83,1,1,0,0,0,0,0,0,0,0,1,0,,,,,0,0,,,0,,0,attack,s02
25,84,0,0,0,0,0,0,0,0,0,0,0,0,266.0,19.0,9.0,,0,0,,,0,,0,attack,s02
25,85,0,2,0,0,0,0,0,0,0,0,1,0,,,,,0,1,99.0,1.6499725004583257,1,117.0,0,attack,s02
25,86,1,0,0,0,0,0,0,0,0,0,0,0,,,,,0,0,,,0,,0,attack,s02
25,87,0,1,0,0,0,0,0,0,0,0,1,0,,,,,0,0,,,0,,0,attack,s02
25,88,0,2,0,0,0,0,0,0,0,0,1,0,,,,,0,0,,,0,,0,attack,s02
25,89,0,0,0,0,0,0,0,0,0,0,0,0,,,,,0,0,,,0,,0,attack,s02
25,90,1,0,0,0,0,0,0,0,0,0,0,0,264.0,19.0,9.0,,0,0,,,0,,0,attack,s02
25,91,0,0,0,0,0,0,0,0,0,0,0,0,,,,,0,1,99.0,1.6499725004583257,1,113.0,0,attack,s02
25,92,0,0,0,0,0,0,0,0,0,0,0,0,,,,,0,0,,,0,,0,attack,s02
25,93,0,0,0,0,0,0,0,0,0,0,0,0,,,,,0,0,,,0,,0,attack,s02
25,94,0,1,0,0,0,0,0,0,0,0,1,0,,,,,0,0,,,0,,0,attack,s02
25,95,0,1,0,0,0,0,0,0,0,0,1,0,,,,,0,0,,,0,,0,attack,s02
25,96,0,0,0,0,0,0,0,0,0,0,0,0,262.0,19.0,9.0,,0,0,,,0,,0,attack,s02
25,97,1,2,0,0,0,0,0,0,0,0,1,0,,,,,0,1,99.0,1.6499725004583257,1,106.0,0,attack,s02
25,98,0,0,0,0,0,0,0,0,0,0,0,0,,,,,0,0,,,0,,0,attack,s02
25,99,0,1,0,0,0,0,0,0,0,0,1,0,,,,,0,0,,,0,,0,attack,s02
25,100,0,0,0,0,0,0,0,0,0,0,0,0,,,,,0,0,,,0,,0,attack,s02
25,101,0,1,0,0,0,0,0,0,0,0,1,0,,,,,0,0,,,0,,0,attack,s02
25,102,1,2,0,0,0,0,0,0,0,0,1,0,260.0,19.0,9.0,,0,0,,,0,,0,attack,s02
25,103,0,1,0,0,0,0,0,0,0,0,1,0,,,,,0,1,99.0,1.6499725004583257,1,98.0,0,attack,s02
25,104,0,0,0,0,0,0,0,0,0,0,0,0,,,,,0,0,,,0,,0,attack,s02
25,105,0,0,0,0,0,0,0,0,0,0,0,0,,,,,0,0,,,0,,0,attack,s02
25,106,0,0,0,0,0,0,0,0,0,0,0,0,,,,,0,0,,,0,,0,attack,s02
25,107,1,1,0,0,0,0,0,0,0,0,1,0,,,,,0,0,,,0,,0,attack,s02
25,108,0,0,0,0,0,0,0,0,0,0,0,0,258.0,19.0,9.0,,0,0,,,0,,0,attack,s02
25,109,0,1,0,0,0,0,0,0,0,0,1,0,,,,,0,1,99.0,1.6499725004583257,1,127.0,0,attack,s02
25,110,0,1,0,0,0,0,0,0,0,0,1,0,,,,,0,0,,,0,,0,attack,s02
25,111,0,0,0,0,0,0,0,0,0,0,0,0,,,,,0,0,,,0,,0,attack,s02
25,112,0,0,0,0,0,0,0,0,0,0,0,0,,,,,0,0,,,0,,0,attack,s02
25,113,1,0,0,0,0,0,0,0,0,0,0,0,,,,,0,0,,,0,,0,attack,s02
25,114,0,0,0,0,0,0,0,0,0,0,0,0,256.0,20.0,9.0,,0,0,,,0,,0,attack,s02
25,115,0,0,0,0,0,0,0,0,0,0,0,0,,,,,0,1,99.0,1.6499725004583257,1,119.0,0,attack,s02
25,116,0,0,0,0,0,0,0,0,0,0,0,0,,,,,0,0,,,0,,0,attack,s02
25,117,0,0,0,0,0,0,0,0,0,0,0,0,,,,,0,0,,,0,,0,attack,s02
25,118,0,0,0,0,0,0,0,0,0,0,0,0,,,,,0,0,,,0,,0,attack,s02
25,119,0,0,0,0,0,0,0,0,0,0,0,0,,,,,0,0,,,0,,0,attack,s02
25,120,1,0,0,0,0,0,0,0,0,0,0,0,256.0,20.0,9.0,,0,0,,,0,,0,attack,s02
25,121,0,0,0,0,0,0,0,0,0,0,0,0,,,,,0,1,98.0,1.6333061115648073,1,108.0,0,attack,s02
25,122,0,1,0,0,0,0,0,0,0,0,1,0,,,,,0,0,,,0,,0,attack,s02
25,123,0,0,0,0,0,0,0,0,0,0,0,0,,,,,0,0,,,0,,0,attack,s02
25,124,0,0,0,0,0,0,0,0,0,0,0,0,,,,,0,0,,,0,,0,attack,s02
25,125,0,0,0,0,0,0,0,0,0,0,0,0,,,,,0,0,,,0,,0,attack,s02
25,126,0,0,0,0,0,0,0,0,0,0,0,0,256.0,20.0,9.0,,0,0,,,0,,0,attack,s02
25,127,1,1,0,0,0,0,0,0,0,0,1,0,,,,,0,1,99.0,1.6499725004583257,1,98.0,0,attack,s02
25,128,0,1,0,0,0,0,0,0,0,0,1,0,,,,,0,0,,,0,,0,attack,s02
25,129,0,0,0,0,0,0,0,0,0,0,0,0,,,,,0,0,,,0,,0,attack,s02
25,130,0,0,0,0,0,0,0,0,0,0,0,0,,,,,0,0,,,0,,0,attack,s02
25,131,0,0,0,0,0,0,0,0,0,0,0,0,,,,,0,0,,,0,,0,attack,s02
25,132,0,0,0,0,0,0,0,0,0,0,0,0,256.0,20.0,9.0,,0,0,,,0,,0,attack,s02
25,133,0,1,0,0,0,0,0,0,0,0,1,0,,,,,0,1,99.0,1.6499725004583257,1,105.0,0,attack,s02
25,134,0,0,0,0,0,0,0,0,0,0,0,0,,,,,0,0,,,0,,0,attack,s02
25,135,0,1,0,0,0,0,0,0,0,0,1,0,,,,,0,0,,,0,,0,attack,s02
25,136,0,1,0,0,0,0,0,0,0,0,1,0,,,,,0,0,,,0,,0,attack,s02
25,137,1,0,0,0,0,0,0,0,0,0,0,0,,,,,0,0,,,0,,0,attack,s02
25,138,0,0,0,0,0,0,0,0,0,0,0,0,256.0,20.0,9.0,,0,0,,,0,,0,attack,s02
25,139,0,1,0,0,0,0,0,0,0,0,1,0,,,,,0,1,99.0,1.6499725004583257,1,96.0,0,attack,s02
25,140,0,0,0,0,0,0,0,0,0,0,0,0,,,,,0,0,,,0,,0,attack,s02
25,141,0,0,0,0,0,0,0,0,0,0,0,0,,,,,0,0,,,0,,0,attack,s02
25,142,0,1,0,0,0,0,0,0,0,0,1,0,,,,,0,0,,,0,,0,attack,s02
25,143,0,1,0,0,0,0,0,0,0,0,1,0,,,,,0,0,,,0,,0,attack,s02
25,144,0,0,0,0,0,0,0,0,0,0,0,0,256.0,20.0,9.0,,0,0,,,0,,0,attack,s02
25,145,0,0,0,0,0,0,0,0,0,0,0,0,,,,,0,1,99.0,1.6499725004583257,1,113.0,0,attack,s02
25,146,0,0,0,0,0,0,0,0,0,0,0,0,,,,,0,0,,,0,,0,attack,s02
25,147,1,0,0,0,0,0,0,0,0,0,0,0,,,,,0,0,,,0,,0,attack,s02
25,148,0,0,0,0,0,0,0,0,0,0,0,0,,,,,0,0,,,0,,0,attack,s02
25,149,0,0,0,0,0,0,0,0,0,0,0,0,,,,,0,0,,,0,,0,attack,s02
25,150,0,1,0,0,0,0,0,0,0,0,1,0,256.0,20.0,9.0,,0,0,,,0,,0,attack,s02
25,151,0,0,0,0,0,0,0,0,0,0,0,0,,,,,0,1,99.0,1.6499725004583257,1,105.0,0,attack,s02
25,152,0,0,0,0,0,0,0,0,0,0,0,0,,,,,0,0,,,0,,0,attack,s02
25,153,1,0,0,0,0,0,0,0,0,0,0,0,,,,,0,0,,,0,,0,attack,s02
25,154,0,0,0,0,0,0,0,0,0,0,0,0,,,,,0,0,,,0,,0,attack,s02
25,155,0,0,0,0,0,0,0,0,0,0,0,0,,,,,0,0,,,0,,0,attack,s02
25,156,0,0,0,0,0,0,0,0,0,0,0,0,256.0,20.0,9.0,,0,0,,,0,,0,attack,s02
25,157,0,0,0,0,0,0,0,0,0,0,0,0,,,,,0,1,99.0,1.6499725004583257,1,93.0,0,attack,s02
25,158,0,0,0,0,0,0,0,0,0,0,0,0,,,,,0,0,,,0,,0,attack,s02
25,159,0,0,0,0,0,0,0,0,0,0,0,0,,,,,0,0,,,0,,0,attack,s02
25,160,0,0,0,0,0,0,0,0,0,0,0,0,,,,,0,0,,,0,,0,attack,s02
25,161,0,0,0,0,0,0,0,0,0,0,0,0,,,,,0,0,,,0,,0,attack,s02
25,162,1,0,0,0,0,0,0,0,0,0,0,0,256.0,20.0,9.0,,0,0,,,0,,0,attack,s02
25,163,1,1,0,0,0,0,0,0,0,0,1,0,,,,,0,1,99.0,1.6499725004583257,1,110.0,0,attack,s02
25,164,0,1,0,0,0,0,0,0,0,0,1,0,,,,,0,0,,,0,,0,attack,s02
25,165,0,0,0,0,0,0,0,0,0,0,0,0,,,,,0,0,,,0,,0,attack,s02
25,166,0,1,0,0,0,0,0,0,0,0,1,0,,,,,0,0,,,0,,0,attack,s02
25,167,0,0,0,0,0,0,0,0,0,0,0,0,,,,,0,0,,,0,,0,attack,s02
25,168,0,0,0,0,0,0,0,0,0,0,0,0,256.0,20.0,9.0,,0,0,,,0,,0,attack,s02
25,169,0,0,0,0,0,0,0,0,0,0,0,0,,,,,0,1,99.0,1.6499725004583257,1,101.0,0,attack,s02
25,170,0,0,0,0,0,0,0,0,0,0,0,0,,,,,0,0,,,0,,0,attack,s02
25,171,1,1,0,0,0,0,0,0,0,0,1,0,,,,,0,0,,,0,,0,attack,s02
25,172,0,0,0,0,0,0,0,0,0,0,0,0,,,,,0,0,,,0,,0,attack,s02
25,173,0,1,0,0,0,0,0,0,0,0,1,0,,,,,0,0,,,0,,0,attack,s02
25,174,0,0,1,1,0,0,0,0,0,0,0,0,256.0,20.0,9.0,,0,0,,,0,,0,attack,s02
25,175,0,1,0,0,0,0,0,0,0,0,1,0,,,,,0,1,100.0,1.6666388893518442,1,112.0,0,attack,s02
25,176,0,0,0,0,0,0,0,0,0,0,0,0,,,,,0,0,,,0,,0,attack,s02
25,177,0,0,0,0,0,0,0,0,0,0,0,0,,,,,0,0,,,0,,0,attack,s02
25,178,1,0,0,0,0,0,0,0,0,0,0,0,,,,,0,0,,,0,,0,attack,s02
25,179,0,1,0,0,0,0,0,0,0,0,1,0,,,,,0,0,,,0,,0,attack,s02
25,180,0,0,0,0,0,0,0,0,0,0,0,0,283.0,20.0,9.0,,0,0,,,0,,0,attack,s02
25,181,0,0,0,0,0,0,0,0,0,0,0,0,,,,,0,0,,,0,,0,attack,s02
26,0,0,0,0,0,0,0,0,0,0,0,0,0,,,,,0,0,,,0,,0,attack,s02
26,1,0,0,0,0,0,0,0,0,0,0,0,0,,,,,0,0,,,0,,0,attack,s02
26,2,1,4,0,0,0,0,0,0,0,0,1,0,,,,,0,0,,,0,,0,attack,s02
26,3,4,5,0,0,0,0,0,1,0,0,1,0,508.0,0.0,7.0,,0,0,,,0,,0,attack,s02
26,4,1,4,1,1,0,0,0,0,0,0,1,0,,,,,0,0,,,0,,0,attack,s02
26,5,1,3,0,0,0,0,0,0,0,0,1,0,,,,,0,0,,,0,,0,attack,s02
26,6,1,5,0,0,0,0,0,0,0,0,1,0,521.0,14.0,7.0,,0,0,,,0,,0,attack,s02
26,7,0,0,0,0,0,0,0,0,0,0,0,0,,,,,0,0,,,0,,0,attack,s02
26,8,0,1,0,0,0,0,0,0,0,0,1,0,,,,,0,0,,,0,,0,attack,s02
26,9,1,2,0,0,0,0,0,0,0,0,1,0,,,,,0,0,,,0,,0,attack,s02
26,10,1,0,0,0,0,0,0,0,0,0,0,0,,,,,0,0,,,0,,0,attack,s02
26,11,0,0,0,0,0,0,0,0,0,0,0,0,,,,,0,1,0.0,,1,95.0,0,attack,s02
26,12,0,0,0,0,0,0,0,0,0,0,0,0,495.0,16.0,7.0,,0,0,,,0,,0,attack,s02
26,13,0,1,0,0,0,0,0,0,0,0,1,0,,,,,0,0,,,0,,0,attack,s02
26,14,1,1,0,0,0,0,0,0,0,0,1,0,,,,,0,0,,,0,,0,attack,s02
26,15,0,2,0,0,0,0,0,0,0,0,1,0,,,,,0,0,,,0,,0,attack,s02
26,16,0,3,0,0,0,0,0,0,0,0,1,0,,,,,0,0,,,0,,0,attack,s02
26,17,1,0,0,0,0,0,0,0,0,0,0,0,,,,,0,1,99.0,1.6499725004583257,1,128.0,0,attack,s02
26,18,0,0,0,0,0,0,0,0,0,0,0,0,592.0,17.0,7.0,,0,0,,,0,,0,attack,s02
26,19,0,0,0,0,0,0,0,0,0,0,0,0,,,,,0,0,,,0,,0,attack,s02
26,20,0,0,0,0,0,0,0,0,0,0,0,0,,,,,0,0,,,0,,0,attack,s02
26,21,0,0,0,0,0,0,0,0,0,0,0,0,,,,,0,0,,,0,,0,attack,s02
26,22,0,0,0,0,0,0,0,0,0,0,0,0,,,,,0,0,,,0,,0,attack,s02
26,23,0,2,0,0,0,0,0,0,0,0,1,0,,,,,0,1,99.0,1.6499725004583257,1,119.0,0,attack,s02
26,24,0,2,0,0,0,0,0,0,0,0,1,0,589.0,17.0,7.0,,0,0,,,0,,0,attack,s02
26,25,0,1,0,0,0,0,0,0,0,0,1,0,,,,,0,0,,,0,,0,attack,s02
26,26,0,0,0,0,0,0,0,0,0,0,0,0,,,,,0,0,,,0,,0,attack,s02
26,27,2,0,0,0,0,0,0,0,0,0,0,0,,,,,0,0,,,0,,0,attack,s02
26,28,0,1,0,0,0,0,0,0,0,0,1,0,,,,,0,0,,,0,,0,attack,s02
26,29,0,0,0,0,0,0,0,0,0,0,0,0,,,,,0,1,99.0,1.6499725004583257,1,121.0,0,attack,s02
26,30,0,0,0,0,0,0,0,0,0,0,0,0,586.0,17.0,7.0,,0,0,,,0,,0,attack,s02
26,31,0,0,0,0,0,0,0,0,0,0,0,0,,,,,0,0,,,0,,0,attack,s02
26,32,1,0,0,0,0,0,0,0,0,0,0,0,,,,,0,0,,,0,,0,attack,s02
26,33,0,0,0,0,0,0,0,0,0,0,0,0,,,,,0,0,,,0,,0,attack,s02
26,34,0,0,0,0,0,0,0,0,0,0,0,0,,,,,0,0,,,0,,0,attack,s02
26,35,0,0,0,0,0,0,0,0,0,0,0,0,,,,,0,1,98.0,1.6333061115648073,1,116.0,0,attack,s02
26,36,0,0,0,0,0,0,0,0,0,0,0,0,584.0,18.0,7.0,,0,0,,,0,,0,attack,s02
26,37,0,0,0,0,0,0,0,0,0,0,0,0,,,,,0,0,,,0,,0,attack,s02
26,38,0,0,0,0,0,0,0,0,0,0,0,0,,,,,0,0,,,0,,0,attack,s02
26,39,0,0,0,0,0,0,0,0,0,0,0,0,,,,,0,0,,,0,,0,attack,s02
26,40,0,0,0,0,0,0,0,0,0,0,0,0,,,,,0,0,,,0,,0,attack,s02
26,41,0,0,0,0,0,0,0,0,0,0,0,0,,,,,0,1,98.0,1.6333061115648073,1,120.0,0,attack,s02
26,42,0,0,0,0,0,0,0,0,0,0,0,0,582.0,18.0,7.0,,0,0,,,0,,0,attack,s02
26,43,1,0,0,0,0,0,0,0,0,0,0,0,,,,,0,0,,,0,,0,attack,s02
26,44,0,0,0,0,0,0,0,0,0,0,0,0,,,,,0,0,,,0,,0,attack,s02
26,45,1,0,0,0,0,0,0,0,0,0,0,0,,,,,0,0,,,0,,0,attack,s02
26,46,0,1,0,0,0,0,0,0,0,0,1,0,,,,,0,0,,,0,,0,attack,s02
26,47,0,1,0,0,0,0,0,0,0,0,1,0,,,,,0,1,99.0,1.6499725004583257,1,130.0,0,attack,s02
26,48,0,0,0,0,0,0,0,0,0,0,0,0,580.0,18.0,7.0,,0,0,,,0,,0,attack,s02
26,49,0,1,0,0,0,0,0,0,0,0,1,0,,,,,0,0,,,0,,0,attack,s02
26,50,1,1,0,0,0,0,0,0,0,0,1,0,,,,,0,0,,,0,,0,attack,s02
26,51,0,0,0,0,0,0,0,0,0,0,0,0,,,,,0,0,,,0,,0,attack,s02
26,52,0,2,0,0,0,0,0,0,0,0,1,0,,,,,0,0,,,0,,0,attack,s02
26,53,0,1,0,0,0,0,0,0,0,0,1,0,,,,,0,1,99.0,1.6499725004583257,1,93.0,0,attack,s02
26,54,0,0,0,0,0,0,0,0,0,0,0,0,438.0,18.0,7.0,,0,0,,,0,,0,attack,s02
26,55,0,0,0,0,0,0,0,0,0,0,0,0,,,,,0,0,,,0,,0,attack,s02
26,56,1,0,0,0,0,0,0,0,0,0,0,0,,,,,0,0,,,0,,0,attack,s02
26,57,0,0,0,0,0,0,0,0,0,0,0,0,,,,,0,0,,,0,,0,attack,s02
26,58,0,0,0,0,0,0,0,0,0,0,0,0,,,,,0,0,,,0,,0,attack,s02
26,59,0,0,0,0,0,0,0,0,0,0,0,0,,,,,0,1,98.0,1.6333061115648073,1,91.0,0,attack,s02
26,60,0,0,0,0,0,0,0,0,0,0,0,0,437.0,19.0,7.0,,0,0,,,0,,0,attack,s02
26,61,0,0,0,0,0,0,0,0,0,0,0,0,,,,,0,0,,,0,,0,attack,s02
26,62,0,0,0,0,0,0,0,0,0,0,0,0,,,,,0,0,,,0,,0,attack,s02
26,63,0,0,0,0,0,0,0,0,0,0,0,0,,,,,0,0,,,0,,0,attack,s02
26,64,0,0,0,0,0,0,0,0,0,0,0,0,,,,,0,0,,,0,,0,attack,s02
26,65,1,0,0,0,0,0,0,0,0,0,0,0,,,,,0,1,98.0,1.6333061115648073,1,127.0,0,attack,s02
26,66,0,0,0,0,0,0,0,0,0,0,0,0,436.0,19.0,7.0,,0,0,,,0,,0,attack,s02
26,67,0,1,0,0,0,0,0,0,0,0,1,0,,,,,0,0,,,0,,0,attack,s02
26,68,0,0,0,0,0,0,0,0,0,0,0,0,,,,,0,0,,,0,,0,attack,s02
26,69,0,0,0,0,0,0,0,0,0,0,0,0,,,,,0,0,,,0,,0,attack,s02
26,70,0,0,0,0,0,0,0,0,0,0,0,0,,,,,0,0,,,0,,0,attack,s02
26,71,0,0,0,0,0,0,0,0,0,0,0,0,,,,,0,1,99.0,1.6499725004583257,1,102.0,0,attack,s02
26,72,0,0,0,0,0,0,0,0,0,0,0,0,435.0,19.0,7.0,,0,0,,,0,,0,attack,s02
26,73,1,0,0,0,0,0,0,0,0,0,0,0,,,,,0,0,,,0,,0,attack,s02
26,74,0,0,0,0,0,0,0,0,0,0,0,0,,,,,0,0,,,0,,0,attack,s02
26,75,0,0,0,0,0,0,0,0,0,0,0,0,,,,,0,0,,,0,,0,attack,s02
26,76,0,0,0,0,0,0,0,0,0,0,0,0,,,,,0,0,,,0,,0,attack,s02
26,77,0,0,0,0,0,0,0,0,0,0,0,0,,,,,0,1,99.0,1.6499725004583257,1,128.0,0,attack,s02
26,78,0,0,0,0,0,0,0,0,0,0,0,0,434.0,19.0,7.0,,0,0,,,0,,0,attack,s02
26,79,1,0,0,0,0,0,0,0,0,0,0,0,,,,,0,0,,,0,,0,attack,s02
26,80,0,0,0,0,0,0,0,0,0,0,0,0,,,,,0,0,,,0,,0,attack,s02
26,81,0,0,0,0,0,0,0,0,0,0,0,0,,,,,0,0,,,0,,0,attack,s02
26,82,0,0,0,0,0,0,0,0,0,0,0,0,,,,,0,0,,,0,,0,attack,s02
26,83,0,0,0,0,0,0,0,0,0,0,0,0,,,,,0,1,99.0,1.6499725004583257,1,105.0,0,attack,s02
26,84,0,0,0,0,0,0,0,0,0,0,0,0,433.0,19.0,7.0,,0,0,,,0,,0,attack,s02
26,85,0,1,0,0,0,0,0,0,0,0,1,0,,,,,0,0,,,0,,0,attack,s02
26,86,0,1,0,0,0,0,0,0,0,0,1,0,,,,,0,0,,,0,,0,attack,s02
26,87,0,0,0,0,0,0,0,0,0,0,0,0,,,,,0,0,,,0,,0,attack,s02
26,88,1,0,0,0,0,0,0,0,0,0,0,0,,,,,0,0,,,0,,0,attack,s02
26,89,0,0,0,0,0,0,0,0,0,0,0,0,,,,,0,1,98.0,1.6333061115648073,1,108.0,0,attack,s02
26,90,0,0,0,0,0,0,0,0,0,0,0,0,397.0,19.0,7.0,,0,0,,,0,,0,attack,s02
26,91,0,0,0,0,0,0,0,0,0,0,0,0,,,,,0,0,,,0,,0,attack,s02
26,92,0,0,0,0,0,0,0,0,0,0,0,0,,,,,0,0,,,0,,0,attack,s02
26,93,0,0,0,0,0,0,0,0,0,0,0,0,,,,,0,0,,,0,,0,attack,s02
26,94,0,1,0,0,0,0,0,0,0,0,1,0,,,,,0,0,,,0,,0,attack,s02
26,95,1,0,0,0,0,0,0,0,0,0,0,0,,,,,0,1,98.0,1.6333061115648073,1,99.0,0,attack,s02
26,96,0,0,0,0,0,0,0,0,0,0,0,0,396.0,19.0,7.0,,0,0,,,0,,0,attack,s02
26,97,1,2,0,0,0,0,0,0,0,0,1,0,,,,,0,0,,,0,,0,attack,s02
26,98,0,0,0,0,0,0,0,0,0,0,0,0,,,,,0,0,,,0,,0,attack,s02
26,99,0,0,0,0,0,0,0,0,0,0,0,0,,,,,0,0,,,0,,0,attack,s02
26,100,0,0,0,0,0,0,0,0,0,0,0,0,,,,,0,0,,,0,,0,attack,s02
26,101,0,0,0,0,0,0,0,0,0,0,0,0,,,,,0,1,99.0,1.6499725004583257,1,119.0,0,attack,s02
26,102,0,0,0,0,0,0,0,0,0,0,0,0,395.0,19.0,7.0,,0,0,,,0,,0,attack,s02
26,103,1,0,0,0,0,0,0,0,0,0,0,0,,,,,0,0,,,0,,0,attack,s02
26,104,0,0,0,0,0,0,0,0,0,0,0,0,,,,,0,0,,,0,,0,attack,s02
26,105,0,0,0,0,0,0,0,0,0,0,0,0,,,,,0,0,,,0,,0,attack,s02
26,106,0,1,0,0,0,0,0,0,0,0,1,0,,,,,0,0,,,0,,0,attack,s02
26,107,0,0,0,0,0,0,0,0,0,0,0,0,,,,,0,1,99.0,1.6499725004583257,1,107.0,0,attack,s02
26,108,0,0,0,0,0,0,0,0,0,0,0,0,394.0,19.0,7.0,,0,0,,,0,,0,attack,s02
26,109,0,0,0,0,0,0,0,0,0,0,0,0,,,,,0,0,,,0,,0,attack,s02
26,110,0,0,0,0,0,0,0,0,0,0,0,0,,,,,0,0,,,0,,0,attack,s02
26,111,0,0,0,0,0,0,0,0,0,0,0,0,,,,,0,0,,,0,,0,attack,s02
26,112,0,0,0,0,0,0,0,0,0,0,0,0,,,,,0,0,,,0,,0,attack,s02
26,113,0,0,0,0,0,0,0,0,0,0,0,0,,,,,0,1,98.0,1.6333061115648073,1,130.0,0,attack,s02
26,114,1,0,0,0,0,0,0,0,0,0,0,0,393.0,20.0,7.0,,0,0,,,0,,0,attack,s02
26,115,0,0,0,0,0,0,0,0,0,0,0,0,,,,,0,0,,,0,,0,attack,s02
26,116,0,0,0,0,0,0,0,0,0,0,0,0,,,,,0,0,,,0,,0,attack,s02
26,117,0,0,0,0,0,0,0,0,0,0,0,0,,,,,0,0,,,0,,0,attack,s02
26,118,0,1,0,0,0,0,0,0,0,0,1,0,,,,,0,0,,,0,,0,attack,s02
26,119,0,1,0,0,0,0,0,0,0,0,1,0,,,,,0,1,99.0,1.6499725004583257,1,109.0,0,attack,s02
26,120,0,0,0,0,0,0,0,0,0,0,0,0,393.0,20.0,7.0,,0,0,,,0,,0,attack,s02
26,121,1,0,0,0,0,0,0,0,0,0,0,0,,,,,0,0,,,0,,0,attack,s02
26,122,0,0,0,0,0,0,0,0,0,0,0,0,,,,,0,0,,,0,,0,attack,s02
26,123,0,0,0,0,0,0,0,0,0,0,0,0,,,,,0,0,,,0,,0,attack,s02
26,124,0,0,0,0,0,0,0,0,0,0,0,0,,,,,0,0,,,0,,0,attack,s02
26,125,0,0,0,0,0,0,0,0,0,0,0,0,,,,,0,1,98.0,1.6333061115648073,1,114.0,0,attack,s02
26,126,0,0,0,0,0,0,0,0,0,0,0,0,393.0,20.0,7.0,,0,0,,,0,,0,attack,s02
26,127,1,0,0,0,0,0,0,0,0,0,0,0,,,,,0,0,,,0,,0,attack,s02
26,128,0,0,0,0,0,0,0,0,0,0,0,0,,,,,0,0,,,0,,0,attack,s02
26,129,0,0,0,0,0,0,0,0,0,0,0,0,,,,,0,0,,,0,,0,attack,s02
26,130,0,0,0,0,0,0,0,0,0,0,0,0,,,,,0,0,,,0,,0,attack,s02
26,131,0,0,0,0,0,0,0,0,0,0,0,0,,,,,0,1,99.0,1.6499725004583257,1,106.0,0,attack,s02
26,132,0,0,0,0,0,0,0,0,0,0,0,0,393.0,20.0,7.0,,0,0,,,0,,0,attack,s02
26,133,0,0,0,0,0,0,0,0,0,0,0,0,,,,,0,0,,,0,,0,attack,s02
26,134,0,0,0,0,0,0,0,0,0,0,0,0,,,,,0,0,,,0,,0,attack,s02
26,135,1,0,0,0,0,0,0,0,0,0,0,0,,,,,0,0,,,0,,0,attack,s02
26,136,0,0,0,0,0,0,0,0,0,0,0,0,,,,,0,0,,,0,,0,attack,s02
26,137,0,1,0,0,0,0,0,0,0,0,1,0,,,,,0,1,98.0,1.6333061115648073,1,95.0,0,attack,s02
26,138,0,0,0,0,0,0,0,0,0,0,0,0,384.0,20.0,7.0,,0,0,,,0,,0,attack,s02
26,139,0,0,0,0,0,0,0,0,0,0,0,0,,,,,0,0,,,0,,0,attack,s02
26,140,0,0,0,0,0,0,0,0,0,0,0,0,,,,,0,0,,,0,,0,attack,s02
26,141,0,0,0,0,0,0,0,0,0,0,0,0,,,,,0,0,,,0,,0,attack,s02
26,142,0,1,0,0,0,0,0,0,0,0,1,0,,,,,0,0,,,0,,0,attack,s02
26,143,0,0,0,0,0,0,0,0,0,0,0,0,,,,,0,1,99.0,1.6499725004583257,1,112.0,0,attack,s02
26,144,0,0,0,0,0,0,0,0,0,0,0,0,384.0,20.0,7.0,,0,0,,,0,,0,attack,s02
26,145,0,0,0,0,0,0,0,0,0,0,0,0,,,,,0,0,,,0,,0,attack,s02
26,146,1,0,0,0,0,0,0,0,0,0,0,0,,,,,0,0,,,0,,0,attack,s02
26,147,0,0,0,0,0,0,0,0,0,0,0,0,,,,,0,0,,,0,,0,attack,s02
26,148,0,0,0,0,0,0,0,0,0,0,0,0,,,,,0,0,,,0,,0,attack,s02
26,149,0,0,0,0,0,0,0,0,0,0,0,0,,,,,0,1,99.0,1.6499725004583257,1,116.0,0,attack,s02
26,150,0,0,0,0,0,0,0,0,0,0,0,0,384.0,20.0,7.0,,0,0,,,0,,0,attack,s02
26,151,0,0,0,0,0,0,0,0,0,0,0,0,,,,,0,0,,,0,,0,attack,s02
26,152,1,0,0,0,0,0,0,0,0,0,0,0,,,,,0,0,,,0,,0,attack,s02
26,153,0,0,0,0,0,0,0,0,0,0,0,0,,,,,0,0,,,0,,0,attack,s02
26,154,0,0,0,0,0,0,0,0,0,0,0,0,,,,,0,0,,,0,,0,attack,s02
26,155,0,0,0,0,0,0,0,0,0,0,0,0,,,,,0,1,99.0,1.6499725004583257,1,118.0,0,attack,s02
26,156,0,0,0,0,0,0,0,0,0,0,0,0,384.0,20.0,7.0,,0,0,,,0,,0,attack,s02
26,157,0,0,0,0,0,0,0,0,0,0,0,0,,,,,0,0,,,0,,0,attack,s02
26,158,1,0,0,0,0,0,0,0,0,0,0,0,,,,,0,0,,,0,,0,attack,s02
26,159,0,0,0,0,0,0,0,0,0,0,0,0,,,,,0,0,,,0,,0,attack,s02
26,160,0,0,0,0,0,0,0,0,0,0,0,0,,,,,0,0,,,0,,0,attack,s02
26,161,0,1,0,0,0,0,0,0,0,0,1,0,,,,,0,1,99.0,1.649916954179973,1,114.0,0,attack,s02
26,162,0,0,0,0,0,0,0,0,0,0,0,0,384.0,20.0,7.0,,0,0,,,0,,0,attack,s02
26,163,0,2,0,0,0,0,0,0,0,0,1,0,,,,,0,0,,,0,,0,attack,s02
26,164,1,0,0,0,0,0,0,0,0,0,0,0,,,,,0,0,,,0,,0,attack,s02
26,165,0,0,0,0,0,0,0,0,0,0,0,0,,,,,0,0,,,0,,0,attack,s02
26,166,0,0,0,0,0,0,0,0,0,0,0,0,,,,,0,0,,,0,,0,attack,s02
26,167,0,0,0,0,0,0,0,0,0,0,0,0,,,,,0,1,99.0,1.6499730504401762,1,125.0,0,attack,s02
26,168,0,0,0,0,0,0,0,0,0,0,0,0,384.0,20.0,7.0,,0,0,,,0,,0,attack,s02
26,169,0,0,0,0,0,0,0,0,0,0,0,0,,,,,0,0,,,0,,0,attack,s02
26,170,1,0,0,0,0,0,0,0,0,0,0,0,,,,,0,0,,,0,,0,attack,s02
26,171,0,1,0,0,0,0,0,0,0,0,1,0,,,,,0,0,,,0,,0,attack,s02
26,172,0,0,0,0,0,0,0,0,0,0,0,0,,,,,0,0,,,0,,0,attack,s02
26,173,0,0,0,0,0,0,0,0,0,0,0,0,,,,,0,1,99.0,1.6499725004583257,1,125.0,0,attack,s02
26,174,0,0,0,0,0,0,0,0,0,0,0,0,384.0,20.0,7.0,,0,0,,,0,,0,attack,s02
26,175,1,0,0,0,0,0,0,0,0,0,0,0,,,,,0,0,,,0,,0,attack,s02
26,176,0,0,0,0,0,0,0,0,0,0,0,0,,,,,0,0,,,0,,0,attack,s02
26,177,0,0,1,1,0,0,0,0,0,0,0,0,,,,,0,0,,,0,,0,attack,s02
26,178,0,0,0,0,0,0,0,0,0,0,0,0,,,,,0,0,,,0,,0,attack,s02
26,179,0,0,0,0,0,0,0,0,0,0,0,0,,,,,0,1,99.0,1.6499725004583257,1,123.0,0,attack,s02
26,180,0,0,0,0,0,0,0,0,0,0,0,0,384.0,20.0,7.0,,0,0,,,0,,0,attack,s02
26,181,1,0,0,0,0,0,0,0,0,0,0,0,,,,,0,0,,,0,,0,attack,s02
27,0,2,6,0,0,0,0,0,0,0,0,1,6,,,,,0,0,,,0,,0,attack,s02
27,1,0,5,3,3,0,0,0,0,0,0,1,4,,,,,0,0,,,0,,0,attack,s02
27,2,2,6,0,0,0,0,0,0,0,0,1,2,,,,,0,0,,,0,,0,attack,s02
27,3,1,4,2,2,0,0,0,0,0,0,1,2,,,,,0,0,,,0,,0,attack,s02
27,4,1,7,3,3,0,0,0,0,0,0,1,1,,,,,0,0,,,0,,0,attack,s02
27,5,1,6,4,4,0,0,0,0,0,0,1,3,,,,,0,0,,,0,,0,attack,s02
27,6,1,4,3,3,0,0,0,0,0,0,1,0,128.0,13.0,7.0,,0,0,,,0,,0,attack,s02
27,7,1,4,3,3,0,0,0,0,0,0,1,0,,,,,0,0,,,0,,0,attack,s02
27,8,0,0,3,3,0,0,0,0,0,0,0,0,,,,,0,0,,,0,,0,attack,s02
27,9,0,2,0,0,0,0,0,0,0,0,1,0,,,,,0,0,,,0,,0,attack,s02
27,10,1,3,1,1,0,0,0,0,0,0,1,0,,,,,0,0,,,0,,0,attack,s02
27,11,0,1,1,1,0,0,0,0,0,0,1,0,,,,,0,0,,,0,,0,attack,s02
27,12,0,0,0,0,0,0,0,0,0,0,0,0,128.0,16.0,7.0,,0,0,,,0,,0,attack,s02
27,13,0,0,0,0,0,0,0,0,0,0,0,0,,,,,0,0,,,0,,0,attack,s02
27,14,0,2,0,0,0,0,0,0,0,0,1,0,,,,,0,0,,,0,,0,attack,s02
27,15,1,2,0,0,0,0,0,0,0,0,1,0,,,,,0,0,,,0,,0,attack,s02
27,16,0,1,0,0,0,0,0,0,0,0,1,0,,,,,0,0,,,0,,0,attack,s02
27,17,0,0,0,0,0,0,0,0,0,0,0,0,,,,,0,0,,,0,,0,attack,s02
27,18,0,1,0,0,0,0,0,0,0,0,1,0,128.0,17.0,7.0,,0,0,,,0,,0,attack,s02
27,19,0,1,0,0,0,0,0,0,0,0,1,0,,,,,0,0,,,0,,0,attack,s02
27,20,0,1,0,0,0,0,0,0,0,0,1,0,,,,,0,0,,,0,,0,attack,s02
27,21,0,1,0,0,0,0,0,0,0,0,1,0,,,,,0,0,,,0,,0,attack,s02
27,22,0,0,0,0,0,0,0,0,0,0,0,0,,,,,0,0,,,0,,0,attack,s02
27,23,0,0,0,0,0,0,0,0,0,0,0,0,,,,,0,0,,,0,,0,attack,s02
27,24,0,2,0,0,0,0,0,0,0,0,1,0,128.0,17.0,7.0,,0,0,,,0,,0,attack,s02
27,25,0,1,0,0,0,0,0,0,0,0,1,0,,,,,0,0,,,0,,0,attack,s02
27,26,0,0,0,0,0,0,0,0,0,0,0,0,,,,,0,0,,,0,,0,attack,s02
27,27,1,1,0,0,0,0,0,0,0,0,1,0,,,,,0,0,,,0,,0,attack,s02
27,28,0,2,0,0,0,0,0,0,0,0,1,0,,,,,0,0,,,0,,0,attack,s02
27,29,0,0,0,0,0,0,0,0,0,0,0,0,,,,,0,0,,,0,,0,attack,s02
27,30,0,2,0,0,0,0,0,0,0,0,1,0,128.0,17.0,7.0,,0,0,,,0,,0,attack,s02
27,31,0,1,0,0,0,0,0,0,0,0,1,1,,,,,0,0,,,0,,0,attack,s02
27,32,0,0,0,0,0,0,0,0,0,0,0,0,,,,,0,0,,,0,,0,attack,s02
27,33,0,0,0,0,0,0,0,0,0,0,0,0,,,,,0,0,,,0,,0,attack,s02
27,34,0,0,0,0,0,0,0,0,0,0,0,0,,,,,0,0,,,0,,0,attack,s02
27,35,0,0,0,0,0,0,0,0,0,0,0,0,,,,,0,0,,,0,,0,attack,s02
27,36,0,0,0,0,0,0,0,0,0,0,0,0,128.0,18.0,8.0,,0,0,,,0,,0,attack,s02
27,37,0,0,0,0,0,0,0,0,0,0,0,0,,,,,0,0,,,0,,0,attack,s02
27,38,0,0,0,0,0,0,0,0,0,0,0,0,,,,,0,0,,,0,,0,attack,s02
27,39,0,1,0,0,0,0,0,0,0,0,1,0,,,,,0,0,,,0,,0,attack,s02
27,40,0,0,0,0,0,0,0,0,0,0,0,0,,,,,0,0,,,0,,0,attack,s02
27,41,0,0,0,0,0,0,0,0,0,0,0,0,,,,,0,0,,,0,,0,attack,s02
27,42,0,0,0,0,0,0,0,0,0,0,0,0,128.0,18.0,8.0,,0,0,,,0,,0,attack,s02
27,43,0,1,0,0,0,0,0,0,0,0,1,1,,,,,0,0,,,0,,0,attack,s02
27,44,0,0,0,0,0,0,0,0,0,0,0,0,,,,,0,0,,,0,,0,attack,s02
27,45,0,1,0,0,0,0,0,0,0,0,1,0,,,,,0,0,,,0,,0,attack,s02
27,46,0,1,0,0,0,0,0,0,0,0,1,0,,,,,0,0,,,0,,0,attack,s02
27,47,0,0,0,0,0,0,0,0,0,0,0,0,,,,,0,0,,,0,,0,attack,s02
27,48,0,1,0,0,0,0,0,0,0,0,1,0,128.0,18.0,8.0,,0,0,,,0,,0,attack,s02
27,49,1,0,0,0,0,0,0,0,0,0,0,0,,,,,0,0,,,0,,0,attack,s02
27,50,0,1,0,0,0,0,0,0,0,0,1,0,,,,,0,0,,,0,,0,attack,s02
27,51,0,0,0,0,0,0,0,0,0,0,0,0,,,,,0,0,,,0,,0,attack,s02
27,52,0,0,0,0,0,0,0,0,0,0,0,0,,,,,0,0,,,0,,0,attack,s02
27,53,0,0,0,0,0,0,0,0,0,0,0,0,,,,,0,0,,,0,,0,attack,s02
27,54,0,1,0,0,0,0,0,0,0,0,1,0,128.0,18.0,8.0,,0,0,,,0,,0,attack,s02
27,55,0,0,0,0,0,0,0,0,0,0,0,0,,,,,0,0,,,0,,0,attack,s02
27,56,0,1,0,0,0,0,0,0,0,0,1,0,,,,,0,0,,,0,,0,attack,s02
27,57,0,0,0,0,0,0,0,0,0,0,0,0,,,,,0,0,,,0,,0,attack,s02
27,58,0,0,0,0,0,0,0,0,0,0,0,0,,,,,0,0,,,0,,0,attack,s02
27,59,0,0,0,0,0,0,0,0,0,0,0,0,,,,,0,0,,,0,,0,attack,s02
27,60,0,0,0,0,0,0,0,0,0,0,0,0,128.0,19.0,8.0,,0,0,,,0,,0,attack,s02
27,61,0,1,0,0,0,0,0,0,0,0,1,0,,,,,0,0,,,0,,0,attack,s02
27,62,0,0,0,0,0,0,0,0,0,0,0,0,,,,,0,0,,,0,,0,attack,s02
27,63,0,0,0,0,0,0,0,0,0,0,0,0,,,,,0,0,,,0,,0,attack,s02
27,64,0,0,0,0,0,0,0,0,0,0,0,0,,,,,0,0,,,0,,0,attack,s02
27,65,0,0,0,0,0,0,0,0,0,0,0,0,,,,,0,0,,,0,,0,attack,s02
27,66,0,0,1,1,0,0,0,0,0,0,0,0,128.0,19.0,8.0,,0,0,,,0,,0,attack,s02
27,67,0,0,0,0,0,0,0,0,0,0,0,0,,,,,0,0,,,0,,0,attack,s02
27,68,0,0,0,0,0,0,0,0,0,0,0,0,,,,,0,0,,,0,,0,attack,s02
27,69,0,0,0,0,0,0,0,0,0,0,0,0,,,,,0,0,,,0,,0,attack,s02
27,70,0,0,0,0,0,0,0,0,0,0,0,0,,,,,0,0,,,0,,0,attack,s02
27,71,0,0,0,0,0,0,0,0,0,0,0,0,,,,,0,0,,,0,,0,attack,s02
27,72,0,0,1,1,0,0,0,0,0,0,0,0,128.0,19.0,8.0,,0,0,,,0,,0,attack,s02
27,73,0,0,0,0,0,0,0,0,0,0,0,0,,,,,0,0,,,0,,0,attack,s02
27,74,0,0,0,0,0,0,0,0,0,0,0,0,,,,,0,0,,,0,,0,attack,s02
27,75,0,0,0,0,0,0,0,0,0,0,0,0,,,,,0,0,,,0,,0,attack,s02
27,76,0,0,0,0,0,0,0,0,0,0,0,0,,,,,0,0,,,0,,0,attack,s02
27,77,0,0,0,0,0,0,0,0,0,0,0,0,,,,,0,0,,,0,,0,attack,s02
27,78,0,0,0,0,0,0,0,0,0,0,0,0,128.0,19.0,8.0,,0,0,,,0,,0,attack,s02
27,79,0,0,0,0,0,0,0,0,0,0,0,0,,,,,0,0,,,0,,0,attack,s02
27,80,0,0,0,0,0,0,0,0,0,0,0,0,,,,,0,0,,,0,,0,attack,s02
27,81,0,0,0,0,0,0,0,0,0,0,0,0,,,,,0,0,,,0,,0,attack,s02
27,82,0,0,0,0,0,0,0,0,0,0,0,0,,,,,0,0,,,0,,0,attack,s02
27,83,0,0,0,0,0,0,0,0,0,0,0,0,,,,,0,0,,,0,,0,attack,s02
27,84,0,0,0,0,0,0,0,0,0,0,0,0,128.0,19.0,8.0,,0,0,,,0,,0,attack,s02
27,85,0,0,0,0,0,0,0,0,0,0,0,0,,,,,0,0,,,0,,0,attack,s02
27,86,0,2,0,0,0,0,0,0,0,0,1,0,,,,,0,0,,,0,,0,attack,s02
27,87,0,1,0,0,0,0,0,0,0,0,1,0,,,,,0,0,,,0,,0,attack,s02
27,88,0,1,0,0,0,0,0,0,0,0,1,0,,,,,0,0,,,0,,0,attack,s02
27,89,0,0,0,0,0,0,0,0,0,0,0,0,,,,,0,0,,,0,,0,attack,s02
27,90,1,0,0,0,0,0,0,0,0,0,0,0,128.0,19.0,8.0,,0,0,,,0,,0,attack,s02
27,91,0,1,0,0,0,0,0,0,0,0,1,0,,,,,0,0,,,0,,0,attack,s02
27,92,0,0,0,0,0,0,0,0,0,0,0,0,,,,,0,0,,,0,,0,attack,s02
27,93,0,1,0,0,0,0,0,0,0,0,1,0,,,,,0,0,,,0,,0,attack,s02
27,94,0,0,0,0,0,0,0,0,0,0,0,0,,,,,0,0,,,0,,0,attack,s02
27,95,0,0,0,0,0,0,0,0,0,0,0,0,,,,,0,0,,,0,,0,attack,s02
27,96,0,0,0,0,0,0,0,0,0,0,0,0,128.0,19.0,8.0,,0,0,,,0,,0,attack,s02
27,97,0,1,0,0,0,0,0,0,0,0,1,0,,,,,0,0,,,0,,0,attack,s02
27,98,0,0,0,0,0,0,0,0,0,0,0,0,,,,,0,0,,,0,,0,attack,s02
27,99,0,0,0,0,0,0,0,0,0,0,0,0,,,,,0,0,,,0,,0,attack,s02
27,100,0,0,0,0,0,0,0,0,0,0,0,0,,,,,0,0,,,0,,0,attack,s02
27,101,0,0,0,0,0,0,0,0,0,0,0,0,,,,,0,0,,,0,,0,attack,s02
27,102,0,2,0,0,0,0,0,0,0,0,1,0,128.0,19.0,8.0,,0,0,,,0,,0,attack,s02
27,103,0,0,0,0,0,0,0,0,0,0,0,0,,,,,0,0,,,0,,0,attack,s02
27,104,0,0,0,0,0,0,0,0,0,0,0,0,,,,,0,0,,,0,,0,attack,s02
27,105,0,0,0,0,0,0,0,0,0,0,0,0,,,,,0,0,,,0,,0,attack,s02
27,106,0,1,0,0,0,0,0,0,0,0,1,0,,,,,0,0,,,0,,0,attack,s02
27,107,0,1,0,0,0,0,0,0,0,0,1,0,,,,,0,0,,,0,,0,attack,s02
27,108,0,0,0,0,0,0,0,0,0,0,0,0,128.0,19.0,8.0,,0,0,,,0,,0,attack,s02
27,109,0,1,0,0,0,0,0,0,0,0,1,0,,,,,0,0,,,0,,0,attack,s02
27,110,0,0,0,0,0,0,0,0,0,0,0,0,,,,,0,0,,,0,,0,attack,s02
27,111,0,0,0,0,0,0,0,0,0,0,0,0,,,,,0,0,,,0,,0,attack,s02
27,112,0,0,0,0,0,0,0,0,0,0,0,0,,,,,0,0,,,0,,0,attack,s02
27,113,0,0,0,0,0,0,0,0,0,0,0,0,,,,,0,0,,,0,,0,attack,s02
27,114,0,0,0,0,0,0,0,0,0,0,0,0,128.0,20.0,8.0,,0,0,,,0,,0,attack,s02
27,115,0,0,0,0,0,0,0,0,0,0,0,0,,,,,0,0,,,0,,0,attack,s02
27,116,0,0,0,0,0,0,0,0,0,0,0,0,,,,,0,0,,,0,,0,attack,s02
27,117,0,0,0,0,0,0,0,0,0,0,0,0,,,,,0,0,,,0,,0,attack,s02
27,118,0,0,0,0,0,0,0,0,0,0,0,0,,,,,0,0,,,0,,0,attack,s02
27,119,0,0,0,0,0,0,0,0,0,0,0,0,,,,,0,0,,,0,,0,attack,s02
27,120,0,0,0,0,0,0,0,0,0,0,0,0,128.0,20.0,8.0,,0,0,,,0,,0,attack,s02
27,121,0,0,0,0,0,0,0,0,0,0,0,0,,,,,0,0,,,0,,0,attack,s02
27,122,0,0,0,0,0,0,0,0,0,0,0,0,,,,,0,0,,,0,,0,attack,s02
27,123,0,0,0,0,0,0,0,0,0,0,0,0,,,,,0,0,,,0,,0,attack,s02
27,124,0,0,0,0,0,0,0,0,0,0,0,0,,,,,0,0,,,0,,0,attack,s02
27,125,0,0,0,0,0,0,0,0,0,0,0,0,,,,,0,0,,,0,,0,attack,s02
27,126,0,0,0,0,0,0,0,0,0,0,0,0,128.0,20.0,8.0,,0,0,,,0,,0,attack,s02
27,127,0,0,0,0,0,0,0,0,0,0,0,0,,,,,0,0,,,0,,0,attack,s02
27,128,0,0,0,0,0,0,0,0,0,0,0,0,,,,,0,0,,,0,,0,attack,s02
27,129,0,0,0,0,0,0,0,0,0,0,0,0,,,,,0,0,,,0,,0,attack,s02
27,130,0,0,0,0,0,0,0,0,0,0,0,0,,,,,0,0,,,0,,0,attack,s02
27,131,0,0,0,0,0,0,0,0,0,0,0,0,,,,,0,0,,,0,,0,attack,s02
27,132,0,0,0,0,0,0,0,0,0,0,0,0,128.0,20.0,8.0,,0,0,,,0,,0,attack,s02
27,133,0,0,0,0,0,0,0,0,0,0,0,0,,,,,0,0,,,0,,0,attack,s02
27,134,0,0,0,0,0,0,0,0,0,0,0,0,,,,,0,0,,,0,,0,attack,s02
27,135,0,0,0,0,0,0,0,0,0,0,0,0,,,,,0,0,,,0,,0,attack,s02
27,136,0,1,0,0,0,0,0,0,0,0,1,0,,,,,0,0,,,0,,0,attack,s02
27,137,0,0,0,0,0,0,0,0,0,0,0,0,,,,,0,0,,,0,,0,attack,s02
27,138,0,0,0,0,0,0,0,0,0,0,0,0,128.0,20.0,8.0,,0,0,,,0,,0,attack,s02
27,139,0,0,0,0,0,0,0,0,0,0,0,0,,,,,0,0,,,0,,0,attack,s02
27,140,0,0,0,0,0,0,0,0,0,0,0,0,,,,,0,0,,,0,,0,attack,s02
27,141,0,0,0,0,0,0,0,0,0,0,0,0,,,,,0,0,,,0,,0,attack,s02
27,142,0,0,0,0,0,0,0,0,0,0,0,0,,,,,0,0,,,0,,0,attack,s02
27,143,0,0,0,0,0,0,0,0,0,0,0,0,,,,,0,0,,,0,,0,attack,s02
27,144,0,0,0,0,0,0,0,0,0,0,0,0,128.0,20.0,8.0,,0,0,,,0,,0,attack,s02
27,145,0,0,0,0,0,0,0,0,0,0,0,0,,,,,0,0,,,0,,0,attack,s02
27,146,0,0,0,0,0,0,0,0,0,0,0,0,,,,,0,0,,,0,,0,attack,s02
27,147,0,0,0,0,0,0,0,0,0,0,0,0,,,,,0,0,,,0,,0,attack,s02
27,148,0,0,0,0,0,0,0,0,0,0,0,0,,,,,0,0,,,0,,0,attack,s02
27,149,0,0,0,0,0,0,0,0,0,0,0,0,,,,,0,0,,,0,,0,attack,s02
27,150,0,0,0,0,0,0,0,0,0,0,0,0,128.0,20.0,8.0,,0,0,,,0,,0,attack,s02
27,151,0,0,0,0,0,0,0,0,0,0,0,0,,,,,0,0,,,0,,0,attack,s02
27,152,0,0,0,0,0,0,0,0,0,0,0,0,,,,,0,0,,,0,,0,attack,s02
27,153,0,0,0,0,0,0,0,0,0,0,0,0,,,,,0,0,,,0,,0,attack,s02
27,154,0,0,0,0,0,0,0,0,0,0,0,0,,,,,0,0,,,0,,0,attack,s02
27,155,0,0,0,0,0,0,0,0,0,0,0,0,,,,,0,0,,,0,,0,attack,s02
27,156,0,0,0,0,0,0,0,0,0,0,0,0,128.0,20.0,8.0,,0,0,,,0,,0,attack,s02
27,157,0,0,0,0,0,0,0,0,0,0,0,0,,,,,0,0,,,0,,0,attack,s02
27,158,0,0,0,0,0,0,0,0,0,0,0,0,,,,,0,0,,,0,,0,attack,s02
27,159,0,0,0,0,0,0,0,0,0,0,0,0,,,,,0,0,,,0,,0,attack,s02
27,160,0,0,0,0,0,0,0,0,0,0,0,0,,,,,0,0,,,0,,0,attack,s02
27,161,0,0,0,0,0,0,0,0,0,0,0,0,,,,,0,0,,,0,,0,attack,s02
27,162,0,0,0,0,0,0,0,0,0,0,0,0,128.0,20.0,8.0,,0,0,,,0,,0,attack,s02
27,163,0,0,0,0,0,0,0,0,0,0,0,0,,,,,0,0,,,0,,0,attack,s02
27,164,0,1,0,0,0,0,0,0,0,0,1,0,,,,,0,0,,,0,,0,attack,s02
27,165,0,0,0,0,0,0,0,0,0,0,0,0,,,,,0,0,,,0,,0,attack,s02
27,166,0,0,0,0,0,0,0,0,0,0,0,0,,,,,0,0,,,0,,0,attack,s02
27,167,0,0,0,0,0,0,0,0,0,0,0,0,,,,,0,0,,,0,,0,attack,s02
27,168,0,0,0,0,0,0,0,0,0,0,0,0,128.0,20.0,8.0,,0,0,,,0,,0,attack,s02
27,169,0,0,0,0,0,0,0,0,0,0,0,0,,,,,0,0,,,0,,0,attack,s02
27,170,0,0,0,0,0,0,0,0,0,0,0,0,,,,,0,0,,,0,,0,attack,s02
27,171,0,0,1,1,0,0,0,0,0,0,0,0,,,,,0,0,,,0,,0,attack,s02
27,172,0,0,0,0,0,0,0,0,0,0,0,0,,,,,0,0,,,0,,0,attack,s02
27,173,0,0,1,1,0,0,0,0,0,0,0,0,,,,,0,0,,,0,,0,attack,s02
27,174,0,3,2,2,0,0,0,0,0,0,1,0,128.0,20.0,8.0,,0,0,,,0,,0,attack,s02
27,175,0,0,2,2,0,0,0,0,0,0,0,0,,,,,0,0,,,0,,0,attack,s02
27,176,0,1,2,2,0,0,0,0,0,0,1,0,,,,,0,0,,,0,,0,attack,s02
27,177,0,1,1,1,0,0,0,0,0,0,1,0,,,,,0,0,,,0,,0,attack,s02
27,178,0,2,5,5,0,0,0,0,0,0,1,0,,,,,0,0,,,0,,0,attack,s02
27,179,0,1,1,1,0,0,0,0,0,0,1,0,,,,,0,0,,,0,,0,attack,s02
27,180,0,0,3,3,0,0,0,0,0,0,0,0,128.0,20.0,8.0,,0,0,,,0,,0,attack,s02
27,181,0,0,1,1,0,0,0,0,0,0,0,0,,,,,0,0,,,0,,0,attack,s02
29,0,0,0,0,0,0,0,0,0,0,0,0,0,,,,,0,0,,,0,,0,attack,s02
29,1,0,0,0,0,0,0,0,0,0,0,0,0,,,,,0,0,,,0,,0,attack,s02
29,2,0,0,0,0,0,0,0,0,0,0,0,0,,,,,0,0,,,0,,0,attack,s02
29,3,0,0,0,0,0,0,0,0,0,0,0,0,,,,,0,0,,,0,,0,attack,s02
29,4,0,0,0,0,0,0,0,0,0,0,0,0,,,,,0,0,,,0,,0,attack,s02
29,5,0,0,0,0,0,0,0,0,0,0,0,0,,,,,0,0,,,0,,0,attack,s02
29,6,0,0,0,0,0,0,0,0,0,0,0,0,,,,,0,0,,,0,,0,attack,s02
29,7,0,0,0,0,0,0,0,0,0,0,0,0,,,,,0,0,,,0,,0,attack,s02
29,8,0,0,0,0,0,0,0,0,0,0,0,0,,,,,0,0,,,0,,0,attack,s02
29,9,0,0,0,0,0,0,0,0,0,0,0,0,,,,,0,0,,,0,,0,attack,s02
29,10,0,0,0,0,0,0,0,0,0,0,0,0,,,,,0,0,,,0,,0,attack,s02
29,11,0,0,0,0,0,0,0,0,0,0,0,0,,,,,0,0,,,0,,0,attack,s02
29,12,0,0,0,0,0,0,0,0,0,0,0,0,,,,,0,0,,,0,,0,attack,s02
29,13,0,0,0,0,0,0,0,0,0,0,0,0,,,,,0,0,,,0,,0,attack,s02
29,14,0,0,0,0,0,0,0,0,0,0,0,0,,,,,0,0,,,0,,0,attack,s02
29,15,0,0,0,0,0,0,0,0,0,0,0,0,,,,,0,0,,,0,,0,attack,s02
29,16,0,0,0,0,0,0,0,0,0,0,0,0,,,,,0,0,,,0,,0,attack,s02
29,17,0,0,0,0,0,0,0,0,0,0,0,0,,,,,0,0,,,0,,0,attack,s02
29,18,0,0,0,0,0,0,0,0,0,0,0,0,,,,,0,0,,,0,,0,attack,s02
29,19,0,0,0,0,0,0,0,0,0,0,0,0,,,,,0,0,,,0,,0,attack,s02
29,20,0,0,0,0,0,0,0,0,0,0,0,0,,,,,0,0,,,0,,0,attack,s02
29,21,0,0,0,0,0,0,0,0,0,0,0,0,,,,,0,0,,,0,,0,attack,s02
29,22,0,0,0,0,0,0,0,0,0,0,0,0,,,,,0,0,,,0,,0,attack,s02
29,23,0,0,0,0,0,0,0,0,0,0,0,0,,,,,0,0,,,0,,0,attack,s02
29,24,0,0,0,0,0,0,0,0,0,0,0,0,,,,,0,0,,,0,,0,attack,s02
29,25,0,0,0,0,0,0,0,0,0,0,0,0,,,,,0,0,,,0,,0,attack,s02
29,26,0,0,0,0,0,0,0,0,0,0,0,0,,,,,0,0,,,0,,0,attack,s02
29,27,0,0,0,0,0,0,0,0,0,0,0,0,,,,,0,0,,,0,,0,attack,s02
29,28,0,0,0,0,0,0,0,0,0,0,0,0,,,,,0,0,,,0,,0,attack,s02
29,29,0,0,0,0,0,0,0,0,0,0,0,0,,,,,0,0,,,0,,0,attack,s02
29,30,0,0,0,0,0,0,0,0,0,0,0,0,,,,,0,0,,,0,,0,attack,s02
29,31,0,0,0,0,0,0,0,0,0,0,0,0,,,,,0,0,,,0,,0,attack,s02
29,32,0,0,0,0,0,0,0,0,0,0,0,0,,,,,0,0,,,0,,0,attack,s02
29,33,0,0,0,0,0,0,0,0,0,0,0,0,,,,,0,0,,,0,,0,attack,s02
29,34,0,0,0,0,0,0,0,0,0,0,0,0,,,,,0,0,,,0,,0,attack,s02
29,35,0,0,0,0,0,0,0,0,0,0,0,0,,,,,0,0,,,0,,0,attack,s02
29,36,0,0,0,0,0,0,0,0,0,0,0,0,,,,,0,0,,,0,,0,attack,s02
29,37,0,0,0,0,0,0,0,0,0,0,0,0,,,,,0,0,,,0,,0,attack,s02
29,38,0,0,0,0,0,0,0,0,0,0,0,0,,,,,0,0,,,0,,0,attack,s02
29,39,0,0,0,0,0,0,0,0,0,0,0,0,,,,,0,0,,,0,,0,attack,s02
29,40,0,0,0,0,0,0,0,0,0,0,0,0,,,,,0,0,,,0,,0,attack,s02
29,41,0,0,0,0,0,0,0,0,0,0,0,0,,,,,0,0,,,0,,0,attack,s02
29,42,0,0,0,0,0,0,0,0,0,0,0,0,,,,,0,0,,,0,,0,attack,s02
29,43,0,0,0,0,0,0,0,0,0,0,0,0,,,,,0,0,,,0,,0,attack,s02
29,44,0,0,0,0,0,0,0,0,0,0,0,0,,,,,0,0,,,0,,0,attack,s02
29,45,0,0,0,0,0,0,0,0,0,0,0,0,,,,,0,0,,,0,,0,attack,s02
29,46,0,0,0,0,0,0,0,0,0,0,0,0,,,,,0,0,,,0,,0,attack,s02
29,47,0,0,0,0,0,0,0,0,0,0,0,0,,,,,0,0,,,0,,0,attack,s02
29,48,0,0,0,0,0,0,0,0,0,0,0,0,,,,,0,0,,,0,,0,attack,s02
29,49,0,0,0,0,0,0,0,0,0,0,0,0,,,,,0,0,,,0,,0,attack,s02
29,50,0,0,0,0,0,0,0,0,0,0,0,0,,,,,0,0,,,0,,0,attack,s02
29,51,0,0,0,0,0,0,0,0,0,0,0,0,,,,,0,0,,,0,,0,attack,s02
29,52,0,0,0,0,0,0,0,0,0,0,0,0,,,,,0,0,,,0,,0,attack,s02
29,53,0,0,0,0,0,0,0,0,0,0,0,0,,,,,0,0,,,0,,0,attack,s02
29,54,0,0,0,0,0,0,0,0,0,0,0,0,,,,,0,0,,,0,,0,attack,s02
29,55,0,0,0,0,0,0,0,0,0,0,0,0,,,,,0,0,,,0,,0,attack,s02
29,56,0,0,0,0,0,0,0,0,0,0,0,0,,,,,0,0,,,0,,0,attack,s02
29,57,0,0,0,0,0,0,0,0,0,0,0,0,,,,,0,0,,,0,,0,attack,s02
29,58,0,0,0,0,0,0,0,0,0,0,0,0,,,,,0,0,,,0,,0,attack,s02
29,59,0,0,0,0,0,0,0,0,0,0,0,0,,,,,0,0,,,0,,0,attack,s02
29,60,0,0,0,0,0,0,0,0,0,0,0,0,,,,,0,0,,,0,,0,attack,s02
29,61,0,0,0,0,0,0,0,0,0,0,0,0,,,,,0,0,,,0,,0,attack,s02
29,62,0,0,0,0,0,0,0,0,0,0,0,0,,,,,0,0,,,0,,0,attack,s02
29,63,0,0,0,0,0,0,0,0,0,0,0,0,,,,,0,0,,,0,,0,attack,s02
29,64,0,0,0,0,0,0,0,0,0,0,0,0,,,,,0,0,,,0,,0,attack,s02
29,65,0,0,0,0,0,0,0,0,0,0,0,0,,,,,0,0,,,0,,0,attack,s02
29,66,0,0,0,0,0,0,0,0,0,0,0,0,,,,,0,0,,,0,,0,attack,s02
29,67,0,0,0,0,0,0,0,0,0,0,0,0,,,,,0,0,,,0,,0,attack,s02
29,68,0,0,0,0,0,0,0,0,0,0,0,0,,,,,0,0,,,0,,0,attack,s02
29,69,0,0,0,0,0,0,0,0,0,0,0,0,,,,,0,0,,,0,,0,attack,s02
29,70,0,0,0,0,0,0,0,0,0,0,0,0,,,,,0,0,,,0,,0,attack,s02
29,71,0,0,0,0,0,0,0,0,0,0,0,0,,,,,0,0,,,0,,0,attack,s02
29,72,0,0,0,0,0,0,0,0,0,0,0,0,,,,,0,0,,,0,,0,attack,s02
29,73,0,0,0,0,0,0,0,0,0,0,0,0,,,,,0,0,,,0,,0,attack,s02
29,74,0,0,0,0,0,0,0,0,0,0,0,0,,,,,0,0,,,0,,0,attack,s02
29,75,0,0,0,0,0,0,0,0,0,0,0,0,,,,,0,0,,,0,,0,attack,s02
29,76,0,0,0,0,0,0,0,0,0,0,0,0,,,,,0,0,,,0,,0,attack,s02
29,77,0,0,0,0,0,0,0,0,0,0,0,0,,,,,0,0,,,0,,0,attack,s02
29,78,0,0,0,0,0,0,0,0,0,0,0,0,,,,,0,0,,,0,,0,attack,s02
29,79,0,0,0,0,0,0,0,0,0,0,0,0,,,,,0,0,,,0,,0,attack,s02
29,80,0,0,0,0,0,0,0,0,0,0,0,0,,,,,0,0,,,0,,0,attack,s02
29,81,0,0,0,0,0,0,0,0,0,0,0,0,,,,,0,0,,,0,,0,attack,s02
29,82,0,0,0,0,0,0,0,0,0,0,0,0,,,,,0,0,,,0,,0,attack,s02
29,83,0,0,0,0,0,0,0,0,0,0,0,0,,,,,0,0,,,0,,0,attack,s02
29,84,0,0,0,0,0,0,0,0,0,0,0,0,,,,,0,0,,,0,,0,attack,s02
29,85,0,0,0,0,0,0,0,0,0,0,0,0,,,,,0,0,,,0,,0,attack,s02
29,86,0,0,0,0,0,0,0,0,0,0,0,0,,,,,0,0,,,0,,0,attack,s02
29,87,0,0,0,0,0,0,0,0,0,0,0,0,,,,,0,0,,,0,,0,attack,s02
29,88,0,0,0,0,0,0,0,0,0,0,0,0,,,,,0,0,,,0,,0,attack,s02
29,89,0,0,0,0,0,0,0,0,0,0,0,0,,,,,0,0,,,0,,0,attack,s02
29,90,0,0,0,0,0,0,0,0,0,0,0,0,,,,,0,0,,,0,,0,attack,s02
29,91,0,0,0,0,0,0,0,0,0,0,0,0,,,,,0,0,,,0,,0,attack,s02
29,92,0,0,0,0,0,0,0,0,0,0,0,0,,,,,0,0,,,0,,0,attack,s02
29,93,0,0,0,0,0,0,0,0,0,0,0,0,,,,,0,0,,,0,,0,attack,s02
29,94,0,0,0,0,0,0,0,0,0,0,0,0,,,,,0,0,,,0,,0,attack,s02
29,95,0,0,0,0,0,0,0,0,0,0,0,0,,,,,0,0,,,0,,0,attack,s02
29,96,0,0,0,0,0,0,0,0,0,0,0,0,,,,,0,0,,,0,,0,attack,s02
29,97,0,0,0,0,0,0,0,0,0,0,0,0,,,,,0,0,,,0,,0,attack,s02
29,98,0,0,0,0,0,0,0,0,0,0,0,0,,,,,0,0,,,0,,0,attack,s02
29,99,0,0,0,0,0,0,0,0,0,0,0,0,,,,,0,0,,,0,,0,attack,s02
29,100,0,0,0,0,0,0,0,0,0,0,0,0,,,,,0,0,,,0,,0,attack,s02
29,101,0,0,0,0,0,0,0,0,0,0,0,0,,,,,0,0,,,0,,0,attack,s02
29,102,0,0,0,0,0,0,0,0,0,0,0,0,,,,,0,0,,,0,,0,attack,s02
29,103,0,0,0,0,0,0,0,0,0,0,0,0,,,,,0,0,,,0,,0,attack,s02
29,104,0,0,0,0,0,0,0,0,0,0,0,0,,,,,0,0,,,0,,0,attack,s02
29,105,0,0,0,0,0,0,0,0,0,0,0,0,,,,,0,0,,,0,,0,attack,s02
29,106,0,0,0,0,0,0,0,0,0,0,0,0,,,,,0,0,,,0,,0,attack,s02
29,107,0,0,0,0,0,0,0,0,0,0,0,0,,,,,0,0,,,0,,0,attack,s02
29,108,0,0,0,0,0,0,0,0,0,0,0,0,,,,,0,0,,,0,,0,attack,s02
29,109,0,0,0,0,0,0,0,0,0,0,0,0,,,,,0,0,,,0,,0,attack,s02
29,110,0,0,0,0,0,0,0,0,0,0,0,0,,,,,0,0,,,0,,0,attack,s02
29,111,0,0,0,0,0,0,0,0,0,0,0,0,,,,,0,0,,,0,,0,attack,s02
29,112,0,0,0,0,0,0,0,0,0,0,0,0,,,,,0,0,,,0,,0,attack,s02
29,113,0,0,0,0,0,0,0,0,0,0,0,0,,,,,0,0,,,0,,0,attack,s02
29,114,0,0,0,0,0,0,0,0,0,0,0,0,,,,,0,0,,,0,,0,attack,s02
29,115,0,0,0,0,0,0,0,0,0,0,0,0,,,,,0,0,,,0,,0,attack,s02
29,116,0,0,0,0,0,0,0,0,0,0,0,0,,,,,0,0,,,0,,0,attack,s02
29,117,0,0,0,0,0,0,0,0,0,0,0,0,,,,,0,0,,,0,,0,attack,s02
29,118,0,0,0,0,0,0,0,0,0,0,0,0,,,,,0,0,,,0,,0,attack,s02
29,119,0,0,0,0,0,0,0,0,0,0,0,0,,,,,0,0,,,0,,0,attack,s02
29,120,0,0,0,0,0,0,0,0,0,0,0,0,,,,,0,0,,,0,,0,attack,s02
29,121,0,0,0,0,0,0,0,0,0,0,0,0,,,,,0,0,,,0,,0,attack,s02
29,122,0,0,0,0,0,0,0,0,0,0,0,0,,,,,0,0,,,0,,0,attack,s02
29,123,0,0,0,0,0,0,0,0,0,0,0,0,,,,,0,0,,,0,,0,attack,s02
29,124,0,0,0,0,0,0,0,0,0,0,0,0,,,,,0,0,,,0,,0,attack,s02
29,125,0,0,0,0,0,0,0,0,0,0,0,0,,,,,0,0,,,0,,0,attack,s02
29,126,0,0,0,0,0,0,0,0,0,0,0,0,,,,,0,0,,,0,,0,attack,s02
29,127,0,0,0,0,0,0,0,0,0,0,0,0,,,,,0,0,,,0,,0,attack,s02
29,128,0,0,0,0,0,0,0,0,0,0,0,0,,,,,0,0,,,0,,0,attack,s02
29,129,0,0,0,0,0,0,0,0,0,0,0,0,,,,,0,0,,,0,,0,attack,s02
29,130,0,0,0,0,0,0,0,0,0,0,0,0,,,,,0,0,,,0,,0,attack,s02
29,131,0,0,0,0,0,0,0,0,0,0,0,0,,,,,0,0,,,0,,0,attack,s02
29,132,0,0,0,0,0,0,0,0,0,0,0,0,,,,,0,0,,,0,,0,attack,s02
29,133,0,0,0,0,0,0,0,0,0,0,0,0,,,,,0,0,,,0,,0,attack,s02
29,134,0,0,0,0,0,0,0,0,0,0,0,0,,,,,0,0,,,0,,0,attack,s02
29,135,0,0,0,0,0,0,0,0,0,0,0,0,,,,,0,0,,,0,,0,attack,s02
29,136,0,0,0,0,0,0,0,0,0,0,0,0,,,,,0,0,,,0,,0,attack,s02
29,137,0,0,0,0,0,0,0,0,0,0,0,0,,,,,0,0,,,0,,0,attack,s02
29,138,0,0,0,0,0,0,0,0,0,0,0,0,,,,,0,0,,,0,,0,attack,s02
29,139,0,0,0,0,0,0,0,0,0,0,0,0,,,,,0,0,,,0,,0,attack,s02
29,140,0,0,0,0,0,0,0,0,0,0,0,0,,,,,0,0,,,0,,0,attack,s02
29,141,0,0,0,0,0,0,0,0,0,0,0,0,,,,,0,0,,,0,,0,attack,s02
29,142,0,0,0,0,0,0,0,0,0,0,0,0,,,,,0,0,,,0,,0,attack,s02
29,143,0,0,0,0,0,0,0,0,0,0,0,0,,,,,0,0,,,0,,0,attack,s02
29,144,0,0,0,0,0,0,0,0,0,0,0,0,,,,,0,0,,,0,,0,attack,s02
29,145,0,0,0,0,0,0,0,0,0,0,0,0,,,,,0,0,,,0,,0,attack,s02
29,146,0,0,0,0,0,0,0,0,0,0,0,0,,,,,0,0,,,0,,0,attack,s02
29,147,0,0,0,0,0,0,0,0,0,0,0,0,,,,,0,0,,,0,,0,attack,s02
29,148,0,0,0,0,0,0,0,0,0,0,0,0,,,,,0,0,,,0,,0,attack,s02
29,149,0,0,0,0,0,0,0,0,0,0,0,0,,,,,0,0,,,0,,0,attack,s02
29,150,0,0,0,0,0,0,0,0,0,0,0,0,,,,,0,0,,,0,,0,attack,s02
29,151,0,0,0,0,0,0,0,0,0,0,0,0,,,,,0,0,,,0,,0,attack,s02
29,152,0,0,0,0,0,0,0,0,0,0,0,0,,,,,0,0,,,0,,0,attack,s02
29,153,0,0,0,0,0,0,0,0,0,0,0,0,,,,,0,0,,,0,,0,attack,s02
29,154,0,0,0,0,0,0,0,0,0,0,0,0,,,,,0,0,,,0,,0,attack,s02
29,155,0,0,0,0,0,0,0,0,0,0,0,0,,,,,0,0,,,0,,0,attack,s02
29,156,0,0,0,0,0,0,0,0,0,0,0,0,,,,,0,0,,,0,,0,attack,s02
29,157,0,0,0,0,0,0,0,0,0,0,0,0,,,,,0,0,,,0,,0,attack,s02
29,158,0,0,0,0,0,0,0,0,0,0,0,0,,,,,0,0,,,0,,0,attack,s02
29,159,0,0,0,0,0,0,0,0,0,0,0,0,,,,,0,0,,,0,,0,attack,s02
29,160,0,0,0,0,0,0,0,0,0,0,0,0,,,,,0,0,,,0,,0,attack,s02
29,161,0,0,0,0,0,0,0,0,0,0,0,0,,,,,0,0,,,0,,0,attack,s02
29,162,0,0,0,0,0,0,0,0,0,0,0,0,,,,,0,0,,,0,,0,attack,s02
29,163,0,0,0,0,0,0,0,0,0,0,0,0,,,,,0,0,,,0,,0,attack,s02
29,164,0,0,0,0,0,0,0,0,0,0,0,0,,,,,0,0,,,0,,0,attack,s02
29,165,0,0,0,0,0,0,0,0,0,0,0,0,,,,,0,0,,,0,,0,attack,s02
29,166,0,0,0,0,0,0,0,0,0,0,0,0,,,,,0,0,,,0,,0,attack,s02
29,167,0,0,0,0,0,0,0,0,0,0,0,0,,,,,0,0,,,0,,0,attack,s02
29,168,0,0,0,0,0,0,0,0,0,0,0,0,,,,,0,0,,,0,,0,attack,s02
29,169,0,0,0,0,0,0,0,0,0,0,0,0,,,,,0,0,,,0,,0,attack,s02
29,170,0,0,0,0,0,0,0,0,0,0,0,0,,,,,0,0,,,0,,0,attack,s02
29,171,0,0,0,0,0,0,0,0,0,0,0,0,,,,,0,0,,,0,,0,attack,s02
29,172,0,0,0,0,0,0,0,0,0,0,0,0,,,,,0,0,,,0,,0,attack,s02
29,173,0,0,0,0,0,0,0,0,0,0,0,0,,,,,0,0,,,0,,0,attack,s02
29,174,0,0,0,0,0,0,0,0,0,0,0,0,,,,,0,0,,,0,,0,attack,s02
29,175,0,0,0,0,0,0,0,0,0,0,0,0,,,,,0,0,,,0,,0,attack,s02
29,176,0,0,0,0,0,0,0,0,0,0,0,0,,,,,0,0,,,0,,0,attack,s02
29,177,0,0,0,0,0,0,0,0,0,0,0,0,,,,,0,0,,,0,,0,attack,s02
29,178,0,0,0,0,0,0,0,0,0,0,0,0,,,,,0,0,,,0,,0,attack,s02
29,179,0,0,0,0,0,0,0,0,0,0,0,0,,,,,0,0,,,0,,0,attack,s02
29,180,0,0,0,0,0,0,0,0,0,0,0,0,,,,,0,0,,,0,,0,attack,s02
29,181,0,0,0,0,0,0,0,0,0,0,0,0,,,,,0,0,,,0,,0,attack,s02
30,0,0,0,0,0,0,0,0,0,0,0,0,0,,,,,0,0,,,0,,0,attack,s02
30,1,0,0,0,0,0,0,0,0,0,0,0,0,,,,,0,0,,,0,,0,attack,s02
30,2,0,0,0,0,0,0,0,0,0,0,0,0,,,,,0,0,,,0,,0,attack,s02
30,3,0,0,0,0,1,0,0,0,0,1,0,0,,,,,0,0,,,0,,0,attack,s02
30,4,0,0,0,0,0,0,0,0,0,0,0,0,,,,,0,0,,,0,,0,attack,s02
30,5,2,2,0,0,0,0,0,0,0,0,1,0,,,,,0,0,,,0,,0,attack,s02
30,6,4,2,0,0,0,0,0,1,0,0,1,0,526.0,0.0,2.0,,1,0,,,0,,0,attack,s02
30,7,1,6,1,1,0,0,0,0,0,0,1,4,,,,,0,0,,,0,,0,attack,s02
30,8,1,2,0,0,0,0,0,0,0,0,1,0,,,,,0,0,,,0,,0,attack,s02
30,9,1,2,0,0,0,0,0,0,0,0,1,0,,,,,0,0,,,0,,0,attack,s02
30,10,0,2,0,0,0,0,0,0,0,0,1,0,,,,,0,0,,,0,,0,attack,s02
30,11,0,0,0,0,0,0,0,0,0,0,0,0,,,,,0,0,,,0,,0,attack,s02
30,12,0,1,0,0,0,0,0,0,0,0,1,0,494.0,15.0,4.0,,0,1,0.0,,1,120.0,0,attack,s02
30,13,2,1,0,0,0,0,0,0,0,0,1,0,,,,,0,0,,,0,,0,attack,s02
30,14,0,0,0,0,0,0,0,0,0,0,0,0,,,,,0,0,,,0,,0,attack,s02
30,15,0,1,0,0,0,0,0,0,0,0,1,0,,,,,0,0,,,0,,0,attack,s02
30,16,0,0,0,0,0,0,0,0,0,0,0,0,,,,,0,0,,,0,,0,attack,s02
30,17,1,1,0,0,0,0,0,0,0,0,1,0,,,,,0,0,,,0,,0,attack,s02
30,18,0,1,0,0,0,0,0,0,0,0,1,0,478.0,16.0,4.0,,0,1,99.0,1.6499725004583257,1,96.0,0,attack,s02
30,19,0,1,0,0,0,0,0,0,0,0,1,0,,,,,0,0,,,0,,0,attack,s02
30,20,0,0,0,0,0,0,0,0,0,0,0,0,,,,,0,0,,,0,,0,attack,s02
30,21,0,0,0,0,0,0,0,0,0,0,0,0,,,,,0,0,,,0,,0,attack,s02
30,22,0,0,0,0,0,0,0,0,0,0,0,0,,,,,0,0,,,0,,0,attack,s02
30,23,1,0,0,0,0,0,0,0,0,0,0,0,,,,,0,0,,,0,,0,attack,s02
30,24,0,0,0,0,0,0,0,0,0,0,0,0,466.0,17.0,4.0,,0,1,99.0,1.6499725004583257,1,121.0,0,attack,s02
30,25,0,1,0,0,0,0,0,0,0,0,1,0,,,,,0,0,,,0,,0,attack,s02
30,26,0,2,0,0,0,0,0,0,0,0,1,0,,,,,0,0,,,0,,0,attack,s02
30,27,0,0,0,0,0,0,0,0,0,0,0,0,,,,,0,0,,,0,,0,attack,s02
30,28,2,0,0,0,0,0,0,0,0,0,0,0,,,,,0,0,,,0,,0,attack,s02
30,29,0,1,0,0,0,0,0,0,0,0,1,0,,,,,0,0,,,0,,0,attack,s02
30,30,0,0,0,0,0,0,0,0,0,0,0,0,429.0,17.0,4.0,,0,1,99.0,1.6499725004583257,1,118.0,0,attack,s02
30,31,0,1,0,0,0,0,0,0,0,0,1,0,,,,,0,0,,,0,,0,attack,s02
30,32,0,0,0,0,0,0,0,0,0,0,0,0,,,,,0,0,,,0,,0,attack,s02
30,33,0,0,0,0,0,0,0,0,0,0,0,0,,,,,0,0,,,0,,0,attack,s02
30,34,1,2,0,0,0,0,0,0,0,0,1,0,,,,,0,0,,,0,,0,attack,s02
30,35,0,0,0,0,0,0,0,0,0,0,0,0,,,,,0,0,,,0,,0,attack,s02
30,36,0,0,0,0,0,0,0,0,0,0,0,0,423.0,18.0,4.0,,0,1,99.0,1.6499725004583257,1,104.0,0,attack,s02
30,37,0,1,0,0,0,0,0,0,0,0,1,0,,,,,0,0,,,0,,0,attack,s02
30,38,0,0,0,0,0,0,0,0,0,0,0,0,,,,,0,0,,,0,,0,attack,s02
30,39,0,0,0,0,0,0,0,0,0,0,0,0,,,,,0,0,,,0,,0,attack,s02
30,40,0,1,0,0,0,0,0,0,0,0,1,0,,,,,0,0,,,0,,0,attack,s02
30,41,1,0,0,0,0,0,0,0,0,0,0,0,,,,,0,0,,,0,,0,attack,s02
30,42,0,0,0,0,0,0,0,0,0,0,0,0,401.0,18.0,4.0,,0,1,99.0,1.6499725004583257,1,122.0,0,attack,s02
30,43,0,0,0,0,0,0,0,0,0,0,0,0,,,,,0,0,,,0,,0,attack,s02
30,44,0,0,0,0,0,0,0,0,0,0,0,0,,,,,0,0,,,0,,0,attack,s02
30,45,0,0,0,0,0,0,0,0,0,0,0,0,,,,,0,0,,,0,,0,attack,s02
30,46,0,0,0,0,0,0,0,0,0,0,0,0,,,,,0,0,,,0,,0,attack,s02
30,47,1,0,0,0,0,0,0,0,0,0,0,0,,,,,0,0,,,0,,0,attack,s02
30,48,0,1,0,0,0,0,0,0,0,0,1,0,398.0,18.0,4.0,,0,1,99.0,1.6499725004583257,1,122.0,0,attack,s02
30,49,0,0,0,0,0,0,0,0,0,0,0,0,,,,,0,0,,,0,,0,attack,s02
30,50,0,1,0,0,0,0,0,0,0,0,1,0,,,,,0,0,,,0,,0,attack,s02
30,51,1,0,0,0,0,0,0,0,0,0,0,0,,,,,0,0,,,0,,0,attack,s02
30,52,0,0,0,0,0,0,0,0,0,0,0,0,,,,,0,0,,,0,,0,attack,s02
30,53,0,0,0,0,0,0,0,0,0,0,0,0,,,,,0,0,,,0,,0,attack,s02
30,54,0,1,0,0,0,0,0,0,0,0,1,0,386.0,18.0,4.0,,0,1,99.0,1.6499725004583257,1,130.0,0,attack,s02
30,55,0,1,0,0,0,0,0,0,0,0,1,0,,,,,0,0,,,0,,0,attack,s02
30,56,0,0,0,0,0,0,0,0,0,0,0,0,,,,,0,0,,,0,,0,attack,s02
30,57,1,1,0,0,0,0,0,0,0,0,1,0,,,,,0,0,,,0,,0,attack,s02
30,58,0,0,0,0,0,0,0,0,0,0,0,0,,,,,0,0,,,0,,0,attack,s02
30,59,0,0,0,0,0,0,0,0,0,0,0,0,,,,,0,0,,,0,,0,attack,s02
30,60,0,0,0,0,0,0,0,0,0,0,0,0,384.0,19.0,4.0,,0,1,98.0,1.6333061115648073,1,128.0,0,attack,s02
30,61,0,0,0,0,0,0,0,0,0,0,0,0,,,,,0,0,,,0,,0,attack,s02
30,62,0,0,0,0,0,0,0,0,0,0,0,0,,,,,0,0,,,0,,0,attack,s02
30,63,0,0,0,0,0,0,0,0,0,0,0,0,,,,,0,0,,,0,,0,attack,s02
30,64,0,1,0,0,0,0,0,0,0,0,1,0,,,,,0,0,,,0,,0,attack,s02
30,65,0,0,0,0,0,0,0,0,0,0,0,0,,,,,0,0,,,0,,0,attack,s02
30,66,0,0,0,0,0,0,0,0,0,0,0,0,384.0,19.0,4.0,,0,1,99.0,1.6499725004583257,1,92.0,0,attack,s02
30,67,0,0,0,0,0,0,0,0,0,0,0,0,,,,,0,0,,,0,,0,attack,s02
30,68,1,0,0,0,0,0,0,0,0,0,0,0,,,,,0,0,,,0,,0,attack,s02
30,69,0,0,0,0,0,0,0,0,0,0,0,0,,,,,0,0,,,0,,0,attack,s02
30,70,0,1,0,0,0,0,0,0,0,0,1,0,,,,,0,0,,,0,,0,attack,s02
30,71,0,0,0,0,0,0,0,0,0,0,0,0,,,,,0,0,,,0,,0,attack,s02
30,72,0,0,0,0,0,0,0,0,0,0,0,0,384.0,19.0,4.0,,0,1,100.0,1.6666388893518442,1,111.0,0,attack,s02
30,73,0,0,0,0,0,0,0,0,0,0,0,0,,,,,0,0,,,0,,0,attack,s02
30,74,0,0,0,0,0,0,0,0,0,0,0,0,,,,,0,0,,,0,,0,attack,s02
30,75,0,0,0,0,0,0,0,0,0,0,0,0,,,,,0,0,,,0,,0,attack,s02
30,76,0,0,0,0,0,0,0,0,0,0,0,0,,,,,0,0,,,0,,0,attack,s02
30,77,0,0,0,0,0,0,0,0,0,0,0,0,,,,,0,0,,,0,,0,attack,s02
30,78,0,0,0,0,0,0,0,0,0,0,0,0,384.0,19.0,4.0,,0,1,99.0,1.6499725004583257,1,100.0,0,attack,s02
30,79,0,0,0,0,0,0,0,0,0,0,0,0,,,,,0,0,,,0,,0,attack,s02
30,80,0,0,0,0,0,0,0,0,0,0,0,0,,,,,0,0,,,0,,0,attack,s02
30,81,0,0,0,0,0,0,0,0,0,0,0,0,,,,,0,0,,,0,,0,attack,s02
30,82,0,0,0,0,0,0,0,0,0,0,0,0,,,,,0,0,,,0,,0,attack,s02
30,83,0,0,0,0,0,0,0,0,0,0,0,0,,,,,0,0,,,0,,0,attack,s02
30,84,0,0,0,0,0,0,0,0,0,0,0,0,384.0,19.0,4.0,,0,1,99.0,1.6499725004583257,1,118.0,0,attack,s02
30,85,0,0,0,0,0,0,0,0,0,0,0,0,,,,,0,0,,,0,,0,attack,s02
30,86,0,0,0,0,0,0,0,0,0,0,0,0,,,,,0,0,,,0,,0,attack,s02
30,87,0,0,0,0,0,0,0,0,0,0,0,0,,,,,0,0,,,0,,0,attack,s02
30,88,0,0,0,0,0,0,0,0,0,0,0,0,,,,,0,0,,,0,,0,attack,s02
30,89,1,0,0,0,0,0,0,0,0,0,0,0,,,,,0,0,,,0,,0,attack,s02
30,90,0,0,0,0,0,0,0,0,0,0,0,0,384.0,19.0,4.0,,0,1,99.0,1.6499725004583257,1,125.0,0,attack,s02
30,91,1,0,0,0,0,0,0,0,0,0,0,0,,,,,0,0,,,0,,0,attack,s02
30,92,0,0,0,0,0,0,0,0,0,0,0,0,,,,,0,0,,,0,,0,attack,s02
30,93,0,1,0,0,0,0,0,0,0,0,1,0,,,,,0,0,,,0,,0,attack,s02
30,94,0,0,0,0,0,0,0,0,0,0,0,0,,,,,0,0,,,0,,0,attack,s02
30,95,0,0,0,0,0,0,0,0,0,0,0,0,,,,,0,0,,,0,,0,attack,s02
30,96,0,1,0,0,0,0,0,0,0,0,1,0,384.0,19.0,4.0,,0,1,99.0,1.649971950476842,1,114.0,0,attack,s02
30,97,0,0,0,0,0,0,0,0,0,0,0,0,,,,,0,0,,,0,,0,attack,s02
30,98,0,0,0,0,0,0,0,0,0,0,0,0,,,,,0,0,,,0,,0,attack,s02
30,99,0,0,0,0,0,0,0,0,0,0,0,0,,,,,0,0,,,0,,0,attack,s02
30,100,1,0,0,0,0,0,0,0,0,0,0,0,,,,,0,0,,,0,,0,attack,s02
30,101,0,0,0,0,0,0,0,0,0,0,0,0,,,,,0,0,,,0,,0,attack,s02
30,102,0,0,0,0,0,0,0,0,0,0,0,0,384.0,19.0,4.0,,0,1,98.0,1.6333066559912854,1,126.0,0,attack,s02
30,103,0,0,0,0,0,0,0,0,0,0,0,0,,,,,0,0,,,0,,0,attack,s02
30,104,0,0,0,0,0,0,0,0,0,0,0,0,,,,,0,0,,,0,,0,attack,s02
30,105,0,1,0,0,0,0,0,0,0,0,1,0,,,,,0,0,,,0,,0,attack,s02
30,106,0,0,0,0,0,0,0,0,0,0,0,0,,,,,0,0,,,0,,0,attack,s02
30,107,0,3,0,0,0,0,0,0,0,0,1,0,,,,,0,0,,,0,,0,attack,s02
30,108,0,0,0,0,0,0,0,0,0,0,0,0,384.0,19.0,4.0,,0,1,99.0,1.6499725004583257,1,90.0,0,attack,s02
30,109,1,0,0,0,0,0,0,0,0,0,0,0,,,,,0,0,,,0,,0,attack,s02
30,110,0,0,0,0,0,0,0,0,0,0,0,0,,,,,0,0,,,0,,0,attack,s02
30,111,0,2,0,0,0,0,0,0,0,0,1,0,,,,,0,0,,,0,,0,attack,s02
30,112,0,0,0,0,0,0,0,0,0,0,0,0,,,,,0,0,,,0,,0,attack,s02
30,113,0,1,0,0,0,0,0,0,0,0,1,0,,,,,0,0,,,0,,0,attack,s02
30,114,0,0,0,0,0,0,0,0,0,0,0,0,384.0,20.0,4.0,,0,1,99.0,1.6499725004583257,1,123.0,0,attack,s02
30,115,0,0,0,0,0,0,0,0,0,0,0,0,,,,,0,0,,,0,,0,attack,s02
30,116,0,1,0,0,0,0,0,0,0,0,1,0,,,,,0,0,,,0,,0,attack,s02
30,117,0,0,0,0,0,0,0,0,0,0,0,0,,,,,0,0,,,0,,0,attack,s02
30,118,0,0,0,0,0,0,0,0,0,0,0,0,,,,,0,0,,,0,,0,attack,s02
30,119,1,0,0,0,0,0,0,0,0,0,0,0,,,,,0,0,,,0,,0,attack,s02
30,120,0,0,0,0,0,0,0,0,0,0,0,0,384.0,20.0,4.0,,0,1,99.0,1.6499725004583257,1,119.0,0,attack,s02
30,121,0,0,0,0,0,0,0,0,0,0,0,0,,,,,0,0,,,0,,0,attack,s02
30,122,0,0,0,0,0,0,0,0,0,0,0,0,,,,,0,0,,,0,,0,attack,s02
30,123,0,0,0,0,0,0,0,0,0,0,0,0,,,,,0,0,,,0,,0,attack,s02
30,124,1,0,0,0,0,0,0,0,0,0,0,0,,,,,0,0,,,0,,0,attack,s02
30,125,0,0,0,0,0,0,0,0,0,0,0,0,,,,,0,0,,,0,,0,attack,s02
30,126,0,0,0,0,0,0,0,0,0,0,0,0,384.0,20.0,4.0,,0,1,99.0,1.6499725004583257,1,106.0,0,attack,s02
30,127,0,0,0,0,0,0,0,0,0,0,0,0,,,,,0,0,,,0,,0,attack,s02
30,128,0,0,0,0,0,0,0,0,0,0,0,0,,,,,0,0,,,0,,0,attack,s02
30,129,0,0,0,0,0,0,0,0,0,0,0,0,,,,,0,0,,,0,,0,attack,s02
30,130,0,0,0,0,0,0,0,0,0,0,0,0,,,,,0,0,,,0,,0,attack,s02
30,131,0,0,0,0,0,0,0,0,0,0,0,0,,,,,0,0,,,0,,0,attack,s02
30,132,0,0,0,0,0,0,0,0,0,0,0,0,384.0,20.0,4.0,,0,1,99.0,1.6499725004583257,1,124.0,0,attack,s02
30,133,0,0,0,0,0,0,0,0,0,0,0,0,,,,,0,0,,,0,,0,attack,s02
30,134,0,0,0,0,0,0,0,0,0,0,0,0,,,,,0,0,,,0,,0,attack,s02
30,135,1,0,0,0,0,0,0,0,0,0,0,0,,,,,0,0,,,0,,0,attack,s02
30,136,0,0,0,0,0,0,0,0,0,0,0,0,,,,,0,0,,,0,,0,attack,s02
30,137,0,0,0,0,0,0,0,0,0,0,0,0,,,,,0,0,,,0,,0,attack,s02
30,138,0,0,0,0,0,0,0,0,0,0,0,0,384.0,20.0,4.0,,0,1,99.0,1.6499725004583257,1,121.0,0,attack,s02
30,139,1,0,0,0,0,0,0,0,0,0,0,0,,,,,0,0,,,0,,0,attack,s02
30,140,0,0,0,0,0,0,0,0,0,0,0,0,,,,,0,0,,,0,,0,attack,s02
30,141,0,0,0,0,0,0,0,0,0,0,0,0,,,,,0,0,,,0,,0,attack,s02
30,142,0,0,0,0,0,0,0,0,0,0,0,0,,,,,0,0,,,0,,0,attack,s02
30,143,0,0,0,0,0,0,0,0,0,0,0,0,,,,,0,0,,,0,,0,attack,s02
30,144,0,0,0,0,0,0,0,0,0,0,0,0,384.0,20.0,4.0,,0,1,99.0,1.6499725004583257,1,123.0,0,attack,s02
30,145,0,0,0,0,0,0,0,0,0,0,0,0,,,,,0,0,,,0,,0,attack,s02
30,146,0,0,0,0,0,0,0,0,0,0,0,0,,,,,0,0,,,0,,0,attack,s02
30,147,0,0,0,0,0,0,0,0,0,0,0,0,,,,,0,0,,,0,,0,attack,s02
30,148,0,0,0,0,0,0,0,0,0,0,0,0,,,,,0,0,,,0,,0,attack,s02
30,149,0,0,0,0,0,0,0,0,0,0,0,0,,,,,0,0,,,0,,0,attack,s02
30,150,0,0,0,0,0,0,0,0,0,0,0,0,384.0,20.0,4.0,,0,1,98.0,1.6333061115648073,1,109.0,0,attack,s02
30,151,0,0,0,0,0,0,0,0,0,0,0,0,,,,,0,0,,,0,,0,attack,s02
30,152,0,0,0,0,0,0,0,0,0,0,0,0,,,,,0,0,,,0,,0,attack,s02
30,153,0,0,0,0,0,0,0,0,0,0,0,0,,,,,0,0,,,0,,0,attack,s02
30,154,0,0,0,0,0,0,0,0,0,0,0,0,,,,,0,0,,,0,,0,attack,s02
30,155,0,0,0,0,0,0,0,0,0,0,0,0,,,,,0,0,,,0,,0,attack,s02
30,156,0,0,0,0,0,0,0,0,0,0,0,0,384.0,20.0,4.0,,0,1,98.0,1.6333061115648073,1,115.0,0,attack,s02
30,157,0,0,0,0,0,0,0,0,0,0,0,0,,,,,0,0,,,0,,0,attack,s02
30,158,0,0,0,0,0,0,0,0,0,0,0,0,,,,,0,0,,,0,,0,attack,s02
30,159,0,0,0,0,0,0,0,0,0,0,0,0,,,,,0,0,,,0,,0,attack,s02
30,160,0,0,0,0,0,0,0,0,0,0,0,0,,,,,0,0,,,0,,0,attack,s02
30,161,0,0,0,0,0,0,0,0,0,0,0,0,,,,,0,0,,,0,,0,attack,s02
30,162,0,0,0,0,0,0,0,0,0,0,0,0,384.0,20.0,4.0,,0,1,99.0,1.6499725004583257,1,117.0,0,attack,s02
30,163,0,0,0,0,0,0,0,0,0,0,0,0,,,,,0,0,,,0,,0,attack,s02
30,164,0,1,0,0,0,0,0,0,0,0,1,0,,,,,0,0,,,0,,0,attack,s02
30,165,0,0,0,0,0,0,0,0,0,0,0,0,,,,,0,0,,,0,,0,attack,s02
30,166,0,0,0,0,0,0,0,0,0,0,0,0,,,,,0,0,,,0,,0,attack,s02
30,167,0,0,0,0,0,0,0,0,0,0,0,0,,,,,0,0,,,0,,0,attack,s02
30,168,0,0,0,0,0,0,0,0,0,0,0,0,384.0,20.0,4.0,,0,1,99.0,1.6499725004583257,1,115.0,0,attack,s02
30,169,1,0,0,0,0,0,0,0,0,0,0,0,,,,,0,0,,,0,,0,attack,s02
30,170,0,0,0,0,0,0,0,0,0,0,0,0,,,,,0,0,,,0,,0,attack,s02
30,171,0,0,0,0,0,0,0,0,0,0,0,0,,,,,0,0,,,0,,0,attack,s02
30,172,0,0,0,0,0,0,0,0,0,0,0,0,,,,,0,0,,,0,,0,attack,s02
30,173,0,0,0,0,0,0,0,0,0,0,0,0,,,,,0,0,,,0,,0,attack,s02
30,174,0,2,0,0,0,0,0,0,0,0,1,0,384.0,20.0,4.0,,0,1,99.0,1.6499725004583257,1,115.0,0,attack,s02
30,175,0,1,0,0,0,0,0,0,0,0,1,0,,,,,0,0,,,0,,0,attack,s02
30,176,0,2,0,0,0,0,0,0,0,0,1,0,,,,,0,0,,,0,,0,attack,s02
30,177,0,0,0,0,0,0,0,0,0,0,0,0,,,,,0,0,,,0,,0,attack,s02
30,178,0,0,0,0,0,0,0,0,0,0,0,0,,,,,0,0,,,0,,0,attack,s02
30,179,0,1,0,0,0,0,0,0,0,0,1,0,,,,,0,0,,,0,,0,attack,s02
30,180,0,0,1,1,0,0,0,0,0,0,0,0,384.0,20.0,4.0,,0,1,100.0,1.6666388893518442,1,97.0,0,attack,s02
30,181,0,0,0,0,0,0,0,0,0,0,0,0,,,,,0,0,,,0,,0,attack,s02
31,0,2,2,0,0,0,0,0,0,0,0,1,0,,,,,0,0,,,0,,0,attack,s02
31,1,1,1,1,1,0,0,0,1,0,0,1,0,375.0,0.0,1.0,,0,0,,,0,,0,attack,s02
31,2,2,3,0,0,0,0,0,0,0,0,1,1,,,,,0,0,,,0,,0,attack,s02
31,3,2,3,0,0,0,0,0,0,0,0,1,2,,,,,0,0,,,0,,0,attack,s02
31,4,1,7,0,0,0,0,0,0,0,0,1,2,,,,,0,0,,,0,,0,attack,s02
31,5,0,5,0,0,0,0,0,0,0,0,1,0,,,,,0,0,,,0,,0,attack,s02
31,6,1,3,0,0,0,0,0,0,0,0,1,0,352.0,14.0,4.0,,0,1,0.0,,1,98.0,0,attack,s02
31,7,0,2,0,0,0,0,0,0,0,0,1,0,,,,,0,0,,,0,,0,attack,s02
31,8,1,0,0,0,0,0,0,0,0,0,0,0,,,,,0,0,,,0,,0,attack,s02
31,9,0,2,0,0,0,0,0,0,0,0,1,0,,,,,0,0,,,0,,0,attack,s02
31,10,0,1,0,0,0,0,0,0,0,0,1,0,,,,,0,0,,,0,,0,attack,s02
31,11,1,0,0,0,0,0,0,0,0,0,0,0,,,,,0,0,,,0,,0,attack,s02
31,12,0,1,0,0,0,0,0,0,0,0,1,0,328.0,16.0,4.0,,0,1,101.0,1.6833052782453626,1,122.0,0,attack,s02
31,13,0,0,0,0,0,0,0,0,0,0,0,0,,,,,0,0,,,0,,0,attack,s02
31,14,1,2,0,0,0,0,0,0,0,0,1,0,,,,,0,0,,,0,,0,attack,s02
31,15,0,1,0,0,0,0,0,0,0,0,1,0,,,,,0,0,,,0,,0,attack,s02
31,16,0,0,0,0,0,0,0,0,0,0,0,0,,,,,0,0,,,0,,0,attack,s02
31,17,1,0,0,0,0,0,0,0,0,0,0,0,,,,,0,0,,,0,,0,attack,s02
31,18,0,1,0,0,0,0,0,0,0,0,1,0,347.0,17.0,4.0,,0,1,100.0,1.6666388893518442,1,92.0,0,attack,s02
31,19,0,0,0,0,0,0,0,0,0,0,0,0,,,,,0,0,,,0,,0,attack,s02
31,20,0,0,0,0,0,0,0,0,0,0,0,0,,,,,0,0,,,0,,0,attack,s02
31,21,0,0,0,0,0,0,0,0,0,0,0,0,,,,,0,0,,,0,,0,attack,s02
31,22,0,1,0,0,0,0,0,0,0,0,1,0,,,,,0,0,,,0,,0,attack,s02
31,23,0,1,0,0,0,0,0,0,0,0,1,0,,,,,0,0,,,0,,0,attack,s02
31,24,1,0,0,0,0,0,0,0,0,0,0,0,337.0,17.0,4.0,,0,1,99.0,1.6499725004583257,1,96.0,0,attack,s02
31,25,0,1,0,0,0,0,0,0,0,0,1,0,,,,,0,0,,,0,,0,attack,s02
31,26,0,1,0,0,0,0,0,0,0,0,1,0,,,,,0,0,,,0,,0,attack,s02
31,27,1,1,0,0,0,0,0,0,0,0,1,0,,,,,0,0,,,0,,0,attack,s02
31,28,0,0,0,0,0,0,0,0,0,0,0,0,,,,,0,0,,,0,,0,attack,s02
31,29,0,1,0,0,0,0,0,0,0,0,1,0,,,,,0,0,,,0,,0,attack,s02
31,30,1,0,0,0,0,0,0,0,0,0,0,0,353.0,18.0,4.0,,0,1,100.0,1.6666388893518442,1,109.0,0,attack,s02
31,31,0,0,0,0,0,0,0,0,0,0,0,0,,,,,0,0,,,0,,0,attack,s02
31,32,0,0,0,0,0,0,0,0,0,0,0,0,,,,,0,0,,,0,,0,attack,s02
31,33,0,0,0,0,0,0,0,0,0,0,0,0,,,,,0,0,,,0,,0,attack,s02
31,34,0,0,0,0,0,0,0,0,0,0,0,0,,,,,0,0,,,0,,0,attack,s02
31,35,0,0,0,0,0,0,0,0,0,0,0,0,,,,,0,0,,,0,,0,attack,s02
31,36,0,0,0,0,0,0,0,0,0,0,0,0,319.0,18.0,4.0,,0,1,99.0,1.6499725004583257,1,104.0,0,attack,s02
31,37,0,0,0,0,0,0,0,0,0,0,0,0,,,,,0,0,,,0,,0,attack,s02
31,38,0,0,0,0,0,0,0,0,0,0,0,0,,,,,0,0,,,0,,0,attack,s02
31,39,0,0,0,0,0,0,0,0,0,0,0,0,,,,,0,0,,,0,,0,attack,s02
31,40,0,0,0,0,0,0,0,0,0,0,0,0,,,,,0,0,,,0,,0,attack,s02
31,41,1,0,0,0,0,0,0,0,0,0,0,0,,,,,0,0,,,0,,0,attack,s02
31,42,0,0,0,0,0,0,0,0,0,0,0,0,296.0,18.0,4.0,,0,1,99.0,1.6499725004583257,1,97.0,0,attack,s02
31,43,0,0,0,0,0,0,0,0,0,0,0,0,,,,,0,0,,,0,,0,attack,s02
31,44,0,0,0,0,0,0,0,0,0,0,0,0,,,,,0,0,,,0,,0,attack,s02
31,45,0,1,0,0,0,0,0,0,0,0,1,0,,,,,0,0,,,0,,0,attack,s02
31,46,1,0,0,0,0,0,0,0,0,0,0,0,,,,,0,0,,,0,,0,attack,s02
31,47,1,0,0,0,0,0,0,0,0,0,0,0,,,,,0,0,,,0,,0,attack,s02
31,48,0,0,0,0,0,0,0,0,0,0,0,0,281.0,18.0,4.0,,0,1,99.0,1.6499725004583257,1,96.0,0,attack,s02
31,49,0,1,0,0,0,0,0,0,0,0,1,0,,,,,0,0,,,0,,0,attack,s02
31,50,0,1,0,0,0,0,0,0,0,0,1,0,,,,,0,0,,,0,,0,attack,s02
31,51,0,0,0,0,0,0,0,0,0,0,0,0,,,,,0,0,,,0,,0,attack,s02
31,52,0,0,0,0,0,0,0,0,0,0,0,0,,,,,0,0,,,0,,0,attack,s02
31,53,0,0,0,0,0,0,0,0,0,0,0,0,,,,,0,0,,,0,,0,attack,s02
31,54,0,0,0,0,0,0,0,0,0,0,0,0,271.0,18.0,4.0,,0,1,99.0,1.6499725004583257,1,116.0,0,attack,s02
31,55,0,1,0,0,0,0,0,0,0,0,1,0,,,,,0,0,,,0,,0,attack,s02
31,56,0,0,0,0,0,0,0,0,0,0,0,0,,,,,0,0,,,0,,0,attack,s02
31,57,0,0,0,0,0,0,0,0,0,0,0,0,,,,,0,0,,,0,,0,attack,s02
31,58,0,0,0,0,0,0,0,0,0,0,0,0,,,,,0,0,,,0,,0,attack,s02
31,59,0,0,0,0,0,0,0,0,0,0,0,0,,,,,0,0,,,0,,0,attack,s02
31,60,0,0,0,0,0,0,0,0,0,0,0,0,264.0,19.0,4.0,,0,1,99.0,1.6499725004583257,1,93.0,0,attack,s02
31,61,0,0,0,0,0,0,0,0,0,0,0,0,,,,,0,0,,,0,,0,attack,s02
31,62,0,0,0,0,0,0,0,0,0,0,0,0,,,,,0,0,,,0,,0,attack,s02
31,63,0,0,0,0,0,0,0,0,0,0,0,0,,,,,0,0,,,0,,0,attack,s02
31,64,0,0,0,0,0,0,0,0,0,0,0,0,,,,,0,0,,,0,,0,attack,s02
31,65,0,0,0,0,0,0,0,0,0,0,0,0,,,,,0,0,,,0,,0,attack,s02
31,66,0,0,0,0,0,0,0,0,0,0,0,0,260.0,19.0,4.0,,0,1,99.0,1.6499725004583257,1,119.0,0,attack,s02
31,67,0,0,0,0,0,0,0,0,0,0,0,0,,,,,0,0,,,0,,0,attack,s02
31,68,0,0,0,0,0,0,0,0,0,0,0,0,,,,,0,0,,,0,,0,attack,s02
31,69,0,0,0,0,0,0,0,0,0,0,0,0,,,,,0,0,,,0,,0,attack,s02
31,70,0,0,0,0,0,0,0,0,0,0,0,0,,,,,0,0,,,0,,0,attack,s02
31,71,0,0,0,0,0,0,0,0,0,0,0,0,,,,,0,0,,,0,,0,attack,s02
31,72,0,0,0,0,0,0,0,0,0,0,0,0,256.0,19.0,4.0,,0,1,99.0,1.6499725004583257,1,98.0,0,attack,s02
31,73,0,0,0,0,0,0,0,0,0,0,0,0,,,,,0,0,,,0,,0,attack,s02
31,74,0,0,0,0,0,0,0,0,0,0,0,0,,,,,0,0,,,0,,0,attack,s02
31,75,0,0,0,0,0,0,0,0,0,0,0,0,,,,,0,0,,,0,,0,attack,s02
31,76,1,0,0,0,0,0,0,0,0,0,0,0,,,,,0,0,,,0,,0,attack,s02
31,77,0,0,0,0,0,0,0,0,0,0,0,0,,,,,0,0,,,0,,0,attack,s02
31,78,0,0,0,0,0,0,0,0,0,0,0,0,256.0,19.0,4.0,,0,1,99.0,1.6499725004583257,1,109.0,0,attack,s02
31,79,0,0,0,0,0,0,0,0,0,0,0,0,,,,,0,0,,,0,,0,attack,s02
31,80,0,0,0,0,0,0,0,0,0,0,0,0,,,,,0,0,,,0,,0,attack,s02
31,81,0,0,0,0,0,0,0,0,0,0,0,0,,,,,0,0,,,0,,0,attack,s02
31,82,0,0,0,0,0,0,0,0,0,0,0,0,,,,,0,0,,,0,,0,attack,s02
31,83,0,0,0,0,0,0,0,0,0,0,0,0,,,,,0,0,,,0,,0,attack,s02
31,84,0,0,0,0,0,0,0,0,0,0,0,0,256.0,19.0,4.0,,0,1,99.0,1.6499725004583257,1,118.0,0,attack,s02
31,85,0,1,0,0,0,0,0,0,0,0,1,0,,,,,0,0,,,0,,0,attack,s02
31,86,0,0,0,0,0,0,0,0,0,0,0,0,,,,,0,0,,,0,,0,attack,s02
31,87,0,0,0,0,0,0,0,0,0,0,0,0,,,,,0,0,,,0,,0,attack,s02
31,88,0,0,0,0,0,0,0,0,0,0,0,0,,,,,0,0,,,0,,0,attack,s02
31,89,1,0,0,0,0,0,0,0,0,0,0,0,,,,,0,0,,,0,,0,attack,s02
31,90,0,1,0,0,0,0,0,0,0,0,1,0,256.0,19.0,4.0,,0,1,99.0,1.6499725004583257,1,108.0,0,attack,s02
31,91,0,0,0,0,0,0,0,0,0,0,0,0,,,,,0,0,,,0,,0,attack,s02
31,92,0,0,0,0,0,0,0,0,0,0,0,0,,,,,0,0,,,0,,0,attack,s02
31,93,0,2,0,0,0,0,0,0,0,0,1,0,,,,,0,0,,,0,,0,attack,s02
31,94,1,0,0,0,0,0,0,0,0,0,0,0,,,,,0,0,,,0,,0,attack,s02
31,95,0,0,0,0,0,0,0,0,0,0,0,0,,,,,0,0,,,0,,0,attack,s02
31,96,0,0,0,0,0,0,0,0,0,0,0,0,256.0,19.0,4.0,,0,1,99.0,1.6499725004583257,1,92.0,0,attack,s02
31,97,0,0,0,0,0,0,0,0,0,0,0,0,,,,,0,0,,,0,,0,attack,s02
31,98,0,0,0,0,0,0,0,0,0,0,0,0,,,,,0,0,,,0,,0,attack,s02
31,99,0,0,0,0,0,0,0,0,0,0,0,0,,,,,0,0,,,0,,0,attack,s02
31,100,0,1,0,0,0,0,0,0,0,0,1,0,,,,,0,0,,,0,,0,attack,s02
31,101,0,0,0,0,0,0,0,0,0,0,0,0,,,,,0,0,,,0,,0,attack,s02
31,102,0,1,0,0,0,0,0,0,0,0,1,0,278.0,19.0,4.0,,0,1,99.0,1.6499725004583257,1,94.0,0,attack,s02
31,103,0,0,0,0,0,0,0,0,0,0,0,0,,,,,0,0,,,0,,0,attack,s02
31,104,1,0,0,0,0,0,0,0,0,0,0,0,,,,,0,0,,,0,,0,attack,s02
31,105,0,1,0,0,0,0,0,0,0,0,1,0,,,,,0,0,,,0,,0,attack,s02
31,106,0,0,0,0,0,0,0,0,0,0,0,0,,,,,0,0,,,0,,0,attack,s02
31,107,1,0,0,0,0,0,0,0,0,0,0,0,,,,,0,0,,,0,,0,attack,s02
31,108,0,0,0,0,0,0,0,0,0,0,0,0,303.0,19.0,4.0,,0,1,100.0,1.666610557444566,1,101.0,0,attack,s02
31,109,0,0,0,0,0,0,0,0,0,0,0,0,,,,,0,0,,,0,,0,attack,s02
31,110,0,0,0,0,0,0,0,0,0,0,0,0,,,,,0,0,,,0,,0,attack,s02
31,111,0,0,0,0,0,0,0,0,0,0,0,0,,,,,0,0,,,0,,0,attack,s02
31,112,0,0,0,0,0,0,0,0,0,0,0,0,,,,,0,0,,,0,,0,attack,s02
31,113,0,0,0,0,0,0,0,0,0,0,0,0,,,,,0,0,,,0,,0,attack,s02
31,114,0,0,0,0,0,0,0,0,0,0,0,0,319.0,20.0,4.0,,0,1,99.0,1.6499730504401762,1,127.0,0,attack,s02
31,115,1,0,0,0,0,0,0,0,0,0,0,0,,,,,0,0,,,0,,0,attack,s02
31,116,0,0,0,0,0,0,0,0,0,0,0,0,,,,,0,0,,,0,,0,attack,s02
31,117,0,0,0,0,0,0,0,0,0,0,0,0,,,,,0,0,,,0,,0,attack,s02
31,118,0,0,0,0,0,0,0,0,0,0,0,0,,,,,0,0,,,0,,0,attack,s02
31,119,0,0,0,0,0,0,0,0,0,0,0,0,,,,,0,0,,,0,,0,attack,s02
31,120,0,0,0,0,0,0,0,0,0,0,0,0,319.0,20.0,4.0,,0,1,99.0,1.6499725004583257,1,130.0,0,attack,s02
31,121,0,0,0,0,0,0,0,0,0,0,0,0,,,,,0,0,,,0,,0,attack,s02
31,122,0,0,0,0,0,0,0,0,0,0,0,0,,,,,0,0,,,0,,0,attack,s02
31,123,0,0,0,0,0,0,0,0,0,0,0,0,,,,,0,0,,,0,,0,attack,s02
31,124,1,0,0,0,0,0,0,0,0,0,0,0,,,,,0,0,,,0,,0,attack,s02
31,125,0,0,0,0,0,0,0,0,0,0,0,0,,,,,0,0,,,0,,0,attack,s02
31,126,0,0,0,0,0,0,0,0,0,0,0,0,330.0,20.0,4.0,,0,1,100.0,1.6666388893518442,1,99.0,0,attack,s02
31,127,0,0,0,0,0,0,0,0,0,0,0,0,,,,,0,0,,,0,,0,attack,s02
31,128,0,0,0,0,0,0,0,0,0,0,0,0,,,,,0,0,,,0,,0,attack,s02
31,129,0,0,0,0,0,0,0,0,0,0,0,0,,,,,0,0,,,0,,0,attack,s02
31,130,0,0,0,0,0,0,0,0,0,0,0,0,,,,,0,0,,,0,,0,attack,s02
31,131,0,0,0,0,0,0,0,0,0,0,0,0,,,,,0,0,,,0,,0,attack,s02
31,132,0,0,0,0,0,0,0,0,0,0,0,0,361.0,20.0,4.0,,0,1,100.0,1.6666388893518442,1,106.0,0,attack,s02
31,133,1,0,0,0,0,0,0,0,0,0,0,0,,,,,0,0,,,0,,0,attack,s02
31,134,0,0,0,0,0,0,0,0,0,0,0,0,,,,,0,0,,,0,,0,attack,s02
31,135,0,0,0,0,0,0,0,0,0,0,0,0,,,,,0,0,,,0,,0,attack,s02
31,136,0,0,0,0,0,0,0,0,0,0,0,0,,,,,0,0,,,0,,0,attack,s02
31,137,1,0,0,0,0,0,0,0,0,0,0,0,,,,,0,0,,,0,,0,attack,s02
31,138,0,1,0,0,0,0,0,0,0,0,1,0,346.0,20.0,4.0,,0,1,100.0,1.6666388893518442,1,107.0,0,attack,s02
31,139,0,0,0,0,0,0,0,0,0,0,0,0,,,,,0,0,,,0,,0,attack,s02
31,140,0,0,0,0,0,0,0,0,0,0,0,0,,,,,0,0,,,0,,0,attack,s02
31,141,0,0,0,0,0,0,0,0,0,0,0,0,,,,,0,0,,,0,,0,attack,s02
31,142,0,0,0,0,0,0,0,0,0,0,0,0,,,,,0,0,,,0,,0,attack,s02
31,143,0,0,0,0,0,0,0,0,0,0,0,0,,,,,0,0,,,0,,0,attack,s02
31,144,0,0,0,0,0,0,0,0,0,0,0,0,348.0,20.0,4.0,,0,1,99.0,1.6499725004583257,1,96.0,0,attack,s02
31,145,0,0,0,0,0,0,0,0,0,0,0,0,,,,,0,0,,,0,,0,attack,s02
31,146,0,0,0,0,0,0,0,0,0,0,0,0,,,,,0,0,,,0,,0,attack,s02
31,147,0,0,0,0,0,0,0,0,0,0,0,0,,,,,0,0,,,0,,0,attack,s02
31,148,0,0,0,0,0,0,0,0,0,0,0,0,,,,,0,0,,,0,,0,attack,s02
31,149,0,0,0,0,0,0,0,0,0,0,0,0,,,,,0,0,,,0,,0,attack,s02
31,150,0,0,0,0,0,0,0,0,0,0,0,0,314.0,20.0,4.0,,0,1,99.0,1.6499725004583257,1,102.0,0,attack,s02
31,151,0,0,0,0,0,0,0,0,0,0,0,0,,,,,0,0,,,0,,0,attack,s02
31,152,0,0,0,0,0,0,0,0,0,0,0,0,,,,,0,0,,,0,,0,attack,s02
31,153,0,1,0,0,0,0,0,0,0,0,1,0,,,,,0,0,,,0,,0,attack,s02
31,154,0,0,0,0,0,0,0,0,0,0,0,0,,,,,0,0,,,0,,0,attack,s02
31,155,0,0,0,0,0,0,0,0,0,0,0,0,,,,,0,0,,,0,,0,attack,s02
31,156,0,0,0,0,0,0,0,0,0,0,0,0,292.0,20.0,4.0,,0,1,99.0,1.6499725004583257,1,125.0,0,attack,s02
31,157,0,0,0,0,0,0,0,0,0,0,0,0,,,,,0,0,,,0,,0,attack,s02
31,158,0,0,0,0,0,0,0,0,0,0,0,0,,,,,0,0,,,0,,0,attack,s02
31,159,0,0,0,0,0,0,0,0,0,0,0,0,,,,,0,0,,,0,,0,attack,s02
31,160,0,0,0,0,0,0,0,0,0,0,0,0,,,,,0,0,,,0,,0,attack,s02
31,161,0,0,0,0,0,0,0,0,0,0,0,0,,,,,0,0,,,0,,0,attack,s02
31,162,0,0,0,0,0,0,0,0,0,0,0,0,278.0,20.0,4.0,,0,1,99.0,1.6499725004583257,1,124.0,0,attack,s02
31,163,0,0,0,0,0,0,0,0,0,0,0,0,,,,,0,0,,,0,,0,attack,s02
31,164,0,1,0,0,0,0,0,0,0,0,1,0,,,,,0,0,,,0,,0,attack,s02
31,165,0,0,0,0,0,0,0,0,0,0,0,0,,,,,0,0,,,0,,0,attack,s02
31,166,0,0,0,0,0,0,0,0,0,0,0,0,,,,,0,0,,,0,,0,attack,s02
31,167,0,1,0,0,0,0,0,0,0,0,1,0,,,,,0,0,,,0,,0,attack,s02
31,168,0,0,0,0,0,0,0,0,0,0,0,0,269.0,20.0,4.0,,0,1,99.0,1.6499725004583257,1,107.0,0,attack,s02
31,169,0,0,0,0,0,0,0,0,0,0,0,0,,,,,0,0,,,0,,0,attack,s02
31,170,0,0,0,0,0,0,0,0,0,0,0,0,,,,,0,0,,,0,,0,attack,s02
31,171,0,0,0,0,0,0,0,0,0,0,0,0,,,,,0,0,,,0,,0,attack,s02
31,172,1,0,0,0,0,0,0,0,0,0,0,0,,,,,0,0,,,0,,0,attack,s02
31,173,0,0,1,1,0,0,0,0,0,0,0,0,,,,,0,0,,,0,,0,attack,s02
31,174,0,2,0,0,0,0,0,0,0,0,1,0,262.0,20.0,4.0,,0,1,99.0,1.6499725004583257,1,90.0,0,attack,s02
31,175,0,0,0,0,0,0,0,0,0,0,0,0,,,,,0,0,,,0,,0,attack,s02
31,176,0,1,0,0,0,0,0,0,0,0,1,0,,,,,0,0,,,0,,0,attack,s02
31,177,0,1,0,0,0,0,0,0,0,0,1,0,,,,,0,0,,,0,,0,attack,s02
31,178,0,0,0,0,0,0,0,0,0,0,0,0,,,,,0,0,,,0,,0,attack,s02
31,179,0,1,0,0,0,0,0,0,0,0,1,0,,,,,0,0,,,0,,0,attack,s02
31,180,0,0,0,0,0,0,0,0,0,0,0,0,280.0,20.0,4.0,,0,1,101.0,1.6833052782453626,1,91.0,0,attack,s02
31,181,0,0,0,0,0,0,0,0,0,0,0,0,,,,,0,0,,,0,,0,attack,s02
32,0,1,1,0,0,0,0,0,0,0,0,1,0,,,,,0,0,,,0,,0,attack,s02
32,1,2,0,1,1,0,0,0,1,0,0,0,0,371.0,0.0,1.0,,0,0,,,0,,0,attack,s02
32,2,2,6,0,0,0,0,0,0,0,0,1,4,,,,,0,0,,,0,,0,attack,s02
32,3,0,2,0,0,0,0,0,0,0,0,1,0,,,,,0,0,,,0,,0,attack,s02
32,4,1,3,0,0,0,0,0,0,0,0,1,0,,,,,0,0,,,0,,0,attack,s02
32,5,0,2,0,0,0,0,0,0,0,0,1,0,,,,,0,0,,,0,,0,attack,s02
32,6,0,3,0,0,0,0,0,0,0,0,1,0,314.0,15.0,3.0,,0,0,,,0,,0,attack,s02
32,7,1,6,0,0,0,0,0,0,0,0,1,0,,,,,0,0,,,0,,0,attack,s02
32,8,0,0,0,0,0,0,0,0,0,0,0,0,,,,,0,0,,,0,,0,attack,s02
32,9,1,4,0,0,0,0,0,0,0,0,1,0,,,,,0,0,,,0,,0,attack,s02
32,10,0,1,0,0,0,0,0,0,0,0,1,0,,,,,0,1,0.0,,1,108.0,0,attack,s02
32,11,0,1,0,0,0,0,0,0,0,0,1,0,,,,,0,0,,,0,,0,attack,s02
32,12,0,2,0,0,0,0,0,0,0,0,2,1,307.0,16.0,4.0,,0,0,,,0,,0,attack,s02
32,13,0,0,0,0,0,0,0,0,0,0,0,0,,,,,0,0,,,0,,0,attack,s02
32,14,3,3,0,0,0,0,0,0,0,0,1,0,,,,,0,0,,,0,,0,attack,s02
32,15,0,0,0,0,0,0,0,0,0,0,0,0,,,,,0,0,,,0,,0,attack,s02
32,16,1,0,0,0,0,0,0,0,0,0,0,0,,,,,0,1,101.0,1.6833052782453626,1,130.0,0,attack,s02
32,17,0,0,0,0,0,0,0,0,0,0,0,0,,,,,0,0,,,0,,0,attack,s02
32,18,1,1,0,0,0,0,0,0,0,0,1,0,273.0,15.0,4.0,,0,0,,,0,,0,attack,s02
32,19,2,0,0,0,0,0,0,0,0,0,0,0,,,,,0,0,,,0,,0,attack,s02
32,20,1,1,0,0,0,0,0,0,0,0,1,0,,,,,0,0,,,0,,0,attack,s02
32,21,1,0,0,0,0,0,0,0,0,0,0,0,,,,,0,0,,,0,,0,attack,s02
32,22,0,0,0,0,0,0,0,0,0,0,0,0,,,,,0,1,101.0,1.6833052782453626,1,99.0,0,attack,s02
32,23,0,0,0,0,0,0,0,0,0,0,0,0,,,,,0,0,,,0,,0,attack,s02
32,24,2,0,0,0,0,0,0,0,0,0,0,0,260.0,15.0,4.0,,0,0,,,0,,0,attack,s02
32,25,0,1,0,0,0,0,0,0,0,0,1,0,,,,,0,0,,,0,,0,attack,s02
32,26,0,1,0,0,0,0,0,0,0,0,1,1,,,,,0,0,,,0,,0,attack,s02
32,27,0,1,0,0,0,0,0,0,0,0,1,0,,,,,0,0,,,0,,0,attack,s02
32,28,0,0,0,0,0,0,0,0,0,0,0,0,,,,,0,1,100.0,1.6666388893518442,1,102.0,0,attack,s02
32,29,1,0,0,0,0,0,0,0,0,0,0,0,,,,,0,0,,,0,,0,attack,s02
32,30,1,1,0,0,0,0,0,0,0,0,1,0,256.0,16.0,5.0,,0,0,,,0,,0,attack,s02
32,31,0,1,0,0,0,0,0,0,0,0,1,1,,,,,0,0,,,0,,0,attack,s02
32,32,0,0,0,0,0,0,0,0,0,0,0,0,,,,,0,0,,,0,,0,attack,s02
32,33,0,0,0,0,0,0,0,0,0,0,0,0,,,,,0,0,,,0,,0,attack,s02
32,34,0,0,0,0,0,0,0,0,0,0,0,0,,,,,0,1,101.0,1.6833052782453626,1,106.0,0,attack,s02
32,35,1,0,0,0,0,0,0,0,0,0,0,0,,,,,0,0,,,0,,0,attack,s02
32,36,0,0,0,0,0,0,0,0,0,0,0,0,256.0,17.0,5.0,,0,0,,,0,,0,attack,s02
32,37,0,1,0,0,0,0,0,0,0,0,1,0,,,,,0,0,,,0,,0,attack,s02
32,38,0,0,0,0,0,0,0,0,0,0,0,0,,,,,0,0,,,0,,0,attack,s02
32,39,1,0,0,0,0,0,0,0,0,0,0,0,,,,,0,0,,,0,,0,attack,s02
32,40,0,0,0,0,0,0,0,0,0,0,0,0,,,,,0,1,100.0,1.6666388893518442,1,130.0,0,attack,s02
32,41,0,0,0,0,0,0,0,0,0,0,0,0,,,,,0,0,,,0,,0,attack,s02
32,42,0,0,0,0,0,0,0,0,0,0,0,0,256.0,17.0,5.0,,0,0,,,0,,0,attack,s02
32,43,0,2,0,0,0,0,0,0,0,0,2,1,,,,,0,0,,,0,,0,attack,s02
32,44,0,0,0,0,0,0,0,0,0,0,0,0,,,,,0,0,,,0,,0,attack,s02
32,45,0,0,0,0,0,0,0,0,0,0,0,0,,,,,0,0,,,0,,0,attack,s02
32,46,0,0,0,0,0,0,0,0,0,0,0,0,,,,,0,1,100.0,1.6666388893518442,1,113.0,0,attack,s02
32,47,0,0,0,0,0,0,0,0,0,0,0,0,,,,,0,0,,,0,,0,attack,s02
32,48,0,0,0,0,0,0,0,0,0,0,0,0,256.0,18.0,5.0,,0,0,,,0,,0,attack,s02
32,49,0,1,0,0,0,0,0,0,0,0,1,0,,,,,0,0,,,0,,0,attack,s02
32,50,0,0,0,0,0,0,0,0,0,0,0,0,,,,,0,0,,,0,,0,attack,s02
32,51,0,0,0,0,0,0,0,0,0,0,0,0,,,,,0,0,,,0,,0,attack,s02
32,52,0,1,0,0,0,0,0,0,0,0,1,0,,,,,0,1,101.0,1.6833052782453626,1,124.0,0,attack,s02
32,53,0,0,0,0,0,0,0,0,0,0,0,0,,,,,0,0,,,0,,0,attack,s02
32,54,0,0,0,0,0,0,0,0,0,0,0,0,256.0,18.0,5.0,,0,0,,,0,,0,attack,s02
32,55,0,1,0,0,0,0,0,0,0,0,1,0,,,,,0,0,,,0,,0,attack,s02
32,56,0,0,0,0,0,0,0,0,0,0,0,0,,,,,0,0,,,0,,0,attack,s02
32,57,0,0,0,0,0,0,0,0,0,0,0,0,,,,,0,0,,,0,,0,attack,s02
32,58,0,0,0,0,0,0,0,0,0,0,0,0,,,,,0,1,100.0,1.6666388893518442,1,120.0,0,attack,s02
32,59,0,0,0,0,0,0,0,0,0,0,0,0,,,,,0,0,,,0,,0,attack,s02
32,60,0,0,0,0,0,0,0,0,0,0,0,0,256.0,18.0,5.0,,0,0,,,0,,0,attack,s02
32,61,1,0,0,0,0,0,0,0,0,0,0,0,,,,,0,0,,,0,,0,attack,s02
32,62,0,0,0,0,0,0,0,0,0,0,0,0,,,,,0,0,,,0,,0,attack,s02
32,63,0,0,0,0,0,0,0,0,0,0,0,0,,,,,0,0,,,0,,0,attack,s02
32,64,0,0,0,0,0,0,0,0,0,0,0,0,,,,,0,1,100.0,1.6666388893518442,1,100.0,0,attack,s02
32,65,0,0,0,0,0,0,0,0,0,0,0,0,,,,,0,0,,,0,,0,attack,s02
32,66,0,0,0,0,0,0,0,0,0,0,0,0,256.0,18.0,5.0,,0,0,,,0,,0,attack,s02
32,67,0,0,0,0,0,0,0,0,0,0,0,0,,,,,0,0,,,0,,0,attack,s02
32,68,0,0,0,0,0,0,0,0,0,0,0,0,,,,,0,0,,,0,,0,attack,s02
32,69,0,0,0,0,0,0,0,0,0,0,0,0,,,,,0,0,,,0,,0,attack,s02
32,70,1,0,0,0,0,0,0,0,0,0,0,0,,,,,0,1,100.0,1.6666388893518442,1,124.0,0,attack,s02
32,71,0,0,0,0,0,0,0,0,0,0,0,0,,,,,0,0,,,0,,0,attack,s02
32,72,0,0,0,0,0,0,0,0,0,0,0,0,256.0,19.0,5.0,,0,0,,,0,,0,attack,s02
32,73,0,0,0,0,0,0,0,0,0,0,0,0,,,,,0,0,,,0,,0,attack,s02
32,74,0,0,0,0,0,0,0,0,0,0,0,0,,,,,0,0,,,0,,0,attack,s02
32,75,0,0,0,0,0,0,0,0,0,0,0,0,,,,,0,0,,,0,,0,attack,s02
32,76,0,0,0,0,0,0,0,0,0,0,0,0,,,,,0,1,101.0,1.6833052782453626,1,108.0,0,attack,s02
32,77,0,0,0,0,0,0,0,0,0,0,0,0,,,,,0,0,,,0,,0,attack,s02
32,78,1,0,0,0,0,0,0,0,0,0,0,0,267.0,19.0,5.0,,0,0,,,0,,0,attack,s02
32,79,0,0,0,0,0,0,0,0,0,0,0,0,,,,,0,0,,,0,,0,attack,s02
32,80,0,0,0,0,0,0,0,0,0,0,0,0,,,,,0,0,,,0,,0,attack,s02
32,81,0,0,0,0,0,0,0,0,0,0,0,0,,,,,0,0,,,0,,0,attack,s02
32,82,0,0,0,0,0,0,0,0,0,0,0,0,,,,,0,1,100.0,1.6666388893518442,1,109.0,0,attack,s02
32,83,0,1,0,0,0,0,0,0,0,0,1,0,,,,,0,0,,,0,,0,attack,s02
32,84,0,0,0,0,0,0,0,0,0,0,0,0,257.0,19.0,5.0,,0,0,,,0,,0,attack,s02
32,85,0,0,0,0,0,0,0,0,0,0,0,0,,,,,0,0,,,0,,0,attack,s02
32,86,1,0,0,0,0,0,0,0,0,0,0,0,,,,,0,0,,,0,,0,attack,s02
32,87,1,0,0,0,0,0,0,0,0,0,0,0,,,,,0,0,,,0,,0,attack,s02
32,88,1,0,0,0,0,0,0,0,0,0,0,0,,,,,0,1,100.0,1.6666388893518442,1,118.0,0,attack,s02
32,89,0,0,0,0,0,0,0,0,0,0,0,0,,,,,0,0,,,0,,0,attack,s02
32,90,0,1,0,0,0,0,0,0,0,0,1,0,256.0,15.0,5.0,,0,0,,,0,,0,attack,s02
32,91,1,0,0,0,0,0,0,0,0,0,0,0,,,,,0,0,,,0,,0,attack,s02
32,92,0,1,0,0,0,0,0,0,0,0,1,0,,,,,0,0,,,0,,0,attack,s02
32,93,0,0,0,0,0,0,0,0,0,0,0,0,,,,,0,0,,,0,,0,attack,s02
32,94,1,0,0,0,0,0,0,0,0,0,0,0,,,,,0,1,100.0,1.6666388893518442,1,107.0,0,attack,s02
32,95,0,0,0,0,0,0,0,0,0,0,0,0,,,,,0,0,,,0,,0,attack,s02
32,96,0,0,0,0,0,0,0,0,0,0,0,0,256.0,16.0,5.0,,0,0,,,0,,0,attack,s02
32,97,1,0,0,0,0,0,0,0,0,0,0,0,,,,,0,0,,,0,,0,attack,s02
32,98,0,0,0,0,0,0,0,0,0,0,0,0,,,,,0,0,,,0,,0,attack,s02
32,99,0,0,0,0,0,0,0,0,0,0,0,0,,,,,0,0,,,0,,0,attack,s02
32,100,0,0,0,0,0,0,0,0,0,0,0,0,,,,,0,1,100.0,1.6666388893518442,1,94.0,0,attack,s02
32,101,0,0,0,0,0,0,0,0,0,0,0,0,,,,,0,0,,,0,,0,attack,s02
32,102,0,0,0,0,0,0,0,0,0,0,0,0,256.0,17.0,5.0,,0,0,,,0,,0,attack,s02
32,103,0,0,0,0,0,0,0,0,0,0,0,0,,,,,0,0,,,0,,0,attack,s02
32,104,1,0,0,0,0,0,0,0,0,0,0,0,,,,,0,0,,,0,,0,attack,s02
32,105,0,1,0,0,0,0,0,0,0,0,1,1,,,,,0,0,,,0,,0,attack,s02
32,106,0,1,0,0,0,0,0,0,0,0,1,1,,,,,0,1,100.0,1.6666388893518442,1,100.0,0,attack,s02
32,107,0,0,0,0,0,0,0,0,0,0,0,0,,,,,0,0,,,0,,0,attack,s02
32,108,0,0,0,0,0,0,0,0,0,0,0,0,256.0,17.0,5.0,,0,0,,,0,,0,attack,s02
32,109,1,1,0,0,0,0,0,0,0,0,1,0,,,,,0,0,,,0,,0,attack,s02
32,110,0,0,0,0,0,0,0,0,0,0,0,0,,,,,0,0,,,0,,0,attack,s02
32,111,0,0,0,0,0,0,0,0,0,0,0,0,,,,,0,0,,,0,,0,attack,s02
32,112,0,0,0,0,0,0,0,0,0,0,0,0,,,,,0,1,100.0,1.6666388893518442,1,107.0,0,attack,s02
32,113,1,0,0,0,0,0,0,0,0,0,0,0,,,,,0,0,,,0,,0,attack,s02
32,114,0,0,0,0,0,0,0,0,0,0,0,0,256.0,18.0,5.0,,0,0,,,0,,0,attack,s02
32,115,0,0,0,0,0,0,0,0,0,0,0,0,,,,,0,0,,,0,,0,attack,s02
32,116,0,0,0,0,0,0,0,0,0,0,0,0,,,,,0,0,,,0,,0,attack,s02
32,117,0,0,0,0,0,0,0,0,0,0,0,0,,,,,0,0,,,0,,0,attack,s02
32,118,0,0,0,0,0,0,0,0,0,0,0,0,,,,,0,1,102.0,1.6999716671388811,1,121.0,0,attack,s02
32,119,0,0,0,0,0,0,0,0,0,0,0,0,,,,,0,0,,,0,,0,attack,s02
32,120,0,0,0,0,0,0,0,0,0,0,0,0,256.0,18.0,5.0,,0,0,,,0,,0,attack,s02
32,121,0,1,0,0,0,0,0,0,0,0,1,1,,,,,0,0,,,0,,0,attack,s02
32,122,1,0,0,0,0,0,0,0,0,0,0,0,,,,,0,0,,,0,,0,attack,s02
32,123,0,0,0,0,0,0,0,0,0,0,0,0,,,,,0,0,,,0,,0,attack,s02
32,124,0,0,0,0,0,0,0,0,0,0,0,0,,,,,0,1,100.0,1.6666388893518442,1,115.0,0,attack,s02
32,125,0,0,0,0,0,0,0,0,0,0,0,0,,,,,0,0,,,0,,0,attack,s02
32,126,0,0,0,0,0,0,0,0,0,0,0,0,256.0,18.0,5.0,,0,0,,,0,,0,attack,s02
32,127,0,0,0,0,0,0,0,0,0,0,0,0,,,,,0,0,,,0,,0,attack,s02
32,128,0,0,0,0,0,0,0,0,0,0,0,0,,,,,0,0,,,0,,0,attack,s02
32,129,0,0,0,0,0,0,0,0,0,0,0,0,,,,,0,0,,,0,,0,attack,s02
32,130,0,0,0,0,0,0,0,0,0,0,0,0,,,,,0,1,100.0,1.6666388893518442,1,122.0,0,attack,s02
32,131,1,0,0,0,0,0,0,0,0,0,0,0,,,,,0,0,,,0,,0,attack,s02
32,132,0,0,0,0,0,0,0,0,0,0,0,0,256.0,18.0,5.0,,0,0,,,0,,0,attack,s02
32,133,0,0,0,0,0,0,0,0,0,0,0,0,,,,,0,0,,,0,,0,attack,s02
32,134,0,0,0,0,0,0,0,0,0,0,0,0,,,,,0,0,,,0,,0,attack,s02
32,135,0,0,0,0,0,0,0,0,0,0,0,0,,,,,0,0,,,0,,0,attack,s02
32,136,1,0,0,0,0,0,0,0,0,0,0,0,,,,,0,1,100.0,1.6665827819999728,1,104.0,0,attack,s02
32,137,0,0,0,0,0,0,0,0,0,0,0,0,,,,,0,0,,,0,,0,attack,s02
32,138,0,1,0,0,0,0,0,0,0,0,1,1,256.0,18.0,5.0,,0,0,,,0,,0,attack,s02
32,139,0,0,0,0,0,0,0,0,0,0,0,0,,,,,0,0,,,0,,0,attack,s02
32,140,0,0,0,0,0,0,0,0,0,0,0,0,,,,,0,0,,,0,,0,attack,s02
32,141,1,0,0,0,0,0,0,0,0,0,0,0,,,,,0,0,,,0,,0,attack,s02
32,142,0,0,0,0,0,0,0,0,0,0,0,0,,,,,0,1,100.0,1.666639444889067,1,121.0,0,attack,s02
32,143,0,0,0,0,0,0,0,0,0,0,0,0,,,,,0,0,,,0,,0,attack,s02
32,144,0,0,0,0,0,0,0,0,0,0,0,0,256.0,19.0,5.0,,0,0,,,0,,0,attack,s02
32,145,0,0,0,0,0,0,0,0,0,0,0,0,,,,,0,0,,,0,,0,attack,s02
32,146,0,0,0,0,0,0,0,0,0,0,0,0,,,,,0,0,,,0,,0,attack,s02
32,147,0,0,0,0,0,0,0,0,0,0,0,0,,,,,0,0,,,0,,0,attack,s02
32,148,0,0,0,0,0,0,0,0,0,0,0,0,,,,,0,1,100.0,1.6666388893518442,1,129.0,0,attack,s02
32,149,0,0,0,0,0,0,0,0,0,0,0,0,,,,,0,0,,,0,,0,attack,s02
32,150,0,0,0,0,0,0,0,0,0,0,0,0,256.0,19.0,5.0,,0,0,,,0,,0,attack,s02
32,151,0,0,0,0,0,0,0,0,0,0,0,0,,,,,0,0,,,0,,0,attack,s02
32,152,0,0,0,0,0,0,0,0,0,0,0,0,,,,,0,0,,,0,,0,attack,s02
32,153,0,0,0,0,0,0,0,0,0,0,0,0,,,,,0,0,,,0,,0,attack,s02
32,154,0,0,0,0,0,0,0,0,0,0,0,0,,,,,0,1,100.0,1.6666388893518442,1,100.0,0,attack,s02
32,155,0,0,0,0,0,0,0,0,0,0,0,0,,,,,0,0,,,0,,0,attack,s02
32,156,0,0,0,0,0,0,0,0,0,0,0,0,256.0,19.0,5.0,,0,0,,,0,,0,attack,s02
32,157,0,0,0,0,0,0,0,0,0,0,0,0,,,,,0,0,,,0,,0,attack,s02
32,158,0,0,0,0,0,0,0,0,0,0,0,0,,,,,0,0,,,0,,0,attack,s02
32,159,0,0,0,0,0,0,0,0,0,0,0,0,,,,,0,0,,,0,,0,attack,s02
32,160,0,0,0,0,0,0,0,0,0,0,0,0,,,,,0,1,100.0,1.6666388893518442,1,120.0,0,attack,s02
32,161,0,0,0,0,0,0,0,0,0,0,0,0,,,,,0,0,,,0,,0,attack,s02
32,162,0,1,0,0,0,0,0,0,0,0,1,0,256.0,19.0,5.0,,0,0,,,0,,0,attack,s02
32,163,0,0,0,0,0,0,0,0,0,0,0,0,,,,,0,0,,,0,,0,attack,s02
32,164,0,0,0,0,0,0,0,0,0,0,0,0,,,,,0,0,,,0,,0,attack,s02
32,165,0,0,0,0,0,0,0,0,0,0,0,0,,,,,0,0,,,0,,0,attack,s02
32,166,1,0,0,0,0,0,0,0,0,0,0,0,,,,,0,1,100.0,1.6666388893518442,1,117.0,0,attack,s02
32,167,0,0,0,0,0,0,0,0,0,0,0,0,,,,,0,0,,,0,,0,attack,s02
32,168,0,0,0,0,0,0,0,0,0,0,0,0,256.0,19.0,5.0,,0,0,,,0,,0,attack,s02
32,169,0,1,0,0,0,0,0,0,0,0,1,0,,,,,0,0,,,0,,0,attack,s02
32,170,0,0,0,0,0,0,0,0,0,0,0,0,,,,,0,0,,,0,,0,attack,s02
32,171,0,0,0,0,0,0,0,0,0,0,0,0,,,,,0,0,,,0,,0,attack,s02
32,172,0,0,0,0,0,0,0,0,0,0,0,0,,,,,0,1,100.0,1.6666388893518442,1,121.0,0,attack,s02
32,173,0,0,0,0,0,0,0,0,0,0,0,0,,,,,0,0,,,0,,0,attack,s02
32,174,1,0,0,0,0,0,0,0,0,0,0,0,256.0,19.0,5.0,,0,0,,,0,,0,attack,s02
32,175,0,1,1,1,0,0,0,0,0,0,1,1,,,,,0,0,,,0,,0,attack,s02
32,176,0,0,0,0,0,0,0,0,0,0,0,0,,,,,0,0,,,0,,0,attack,s02
32,177,0,0,0,0,0,0,0,0,0,0,0,0,,,,,0,0,,,0,,0,attack,s02
32,178,1,0,0,0,0,0,0,0,0,0,0,0,,,,,0,1,105.0,1.7499708338194364,1,90.0,0,attack,s02
32,179,0,0,0,0,0,0,0,0,0,0,0,0,,,,,0,0,,,0,,0,attack,s02
32,180,0,0,0,0,0,0,0,0,0,0,0,0,256.0,19.0,5.0,,0,0,,,0,,0,attack,s02
32,181,0,0,0,0,0,0,0,0,0,0,0,0,,,,,0,0,,,0,,0,attack,s02
33,0,0,0,0,0,0,0,0,0,0,0,0,0,,,,,0,0,,,0,,0,attack,s02
33,1,0,0,0,0,0,0,0,0,0,0,0,0,,,,,0,0,,,0,,0,attack,s02
33,2,0,0,0,0,1,0,0,0,0,1,0,0,,,,,0,0,,,0,,0,attack,s02
33,3,0,0,0,0,0,0,0,0,0,0,0,0,,,,,0,0,,,0,,0,attack,s02
33,4,0,0,0,0,1,0,0,0,0,1,0,0,,,,,0,0,,,0,,0,attack,s02
33,5,0,0,0,0,0,0,0,0,0,0,0,0,,,,,0,0,,,0,,0,attack,s02
33,6,3,2,0,0,1,0,0,0,0,0,1,0,,,,,0,0,,,0,,0,attack,s02
33,7,2,1,1,1,0,0,0,1,0,0,1,0,722.0,0.0,1.0,,0,0,,,0,,0,attack,s02
33,8,1,0,0,0,0,0,0,0,0,0,0,0,,,,,0,0,,,0,,0,attack,s02
33,9,0,1,0,0,0,0,0,0,0,0,1,0,,,,,0,0,,,0,,0,attack,s02
33,10,1,1,0,0,0,0,0,0,0,0,1,0,,,,,0,1,0.0,,1,100.0,0,attack,s02
33,11,0,0,0,0,0,0,0,0,0,0,0,0,,,,,0,0,,,0,,0,attack,s02
33,12,0,1,0,0,0,0,0,0,0,0,1,0,660.0,15.0,2.0,,0,0,,,0,,0,attack,s02
33,13,1,1,0,0,0,0,0,0,0,0,1,0,,,,,0,0,,,0,,0,attack,s02
33,14,0,0,0,0,0,0,0,0,0,0,0,0,,,,,0,0,,,0,,0,attack,s02
33,15,1,0,0,0,0,0,0,0,0,0,0,0,,,,,0,0,,,0,,0,attack,s02
33,16,0,0,0,0,0,0,0,0,0,0,0,0,,,,,0,1,99.0,1.6499725004583257,1,95.0,0,attack,s02
33,17,1,1,0,0,0,0,0,0,0,0,1,0,,,,,0,0,,,0,,0,attack,s02
33,18,0,1,0,0,0,0,0,0,0,0,1,0,624.0,16.0,2.0,,0,0,,,0,,0,attack,s02
33,19,0,0,0,0,0,0,0,0,0,0,0,0,,,,,0,0,,,0,,0,attack,s02
33,20,0,0,0,0,0,0,0,0,0,0,0,0,,,,,0,0,,,0,,0,attack,s02
33,21,0,0,0,0,0,0,0,0,0,0,0,0,,,,,0,0,,,0,,0,attack,s02
33,22,0,0,0,0,0,0,0,0,0,0,0,0,,,,,0,1,98.0,1.6333061115648073,1,110.0,0,attack,s02
33,23,0,0,0,0,0,0,0,0,0,0,0,0,,,,,0,0,,,0,,0,attack,s02
33,24,0,0,0,0,0,0,0,0,0,0,0,0,620.0,17.0,2.0,,0,0,,,0,,0,attack,s02
33,25,0,0,0,0,0,0,0,0,0,0,0,0,,,,,0,0,,,0,,0,attack,s02
33,26,1,1,0,0,0,0,0,0,0,0,1,0,,,,,0,0,,,0,,0,attack,s02
33,27,0,0,0,0,0,0,0,0,0,0,0,0,,,,,0,0,,,0,,0,attack,s02
33,28,0,2,0,0,0,0,0,0,0,0,1,0,,,,,0,1,99.0,1.6499725004583257,1,93.0,0,attack,s02
33,29,0,0,0,0,0,0,0,0,0,0,0,0,,,,,0,0,,,0,,0,attack,s02
33,30,0,0,0,0,0,0,0,0,0,0,0,0,647.0,17.0,2.0,,0,0,,,0,,0,attack,s02
33,31,1,0,0,0,0,0,0,0,0,0,0,0,,,,,0,0,,,0,,0,attack,s02
33,32,0,0,0,0,0,0,0,0,0,0,0,0,,,,,0,0,,,0,,0,attack,s02
33,33,0,0,0,0,0,0,0,0,0,0,0,0,,,,,0,0,,,0,,0,attack,s02
33,34,1,0,0,0,0,0,0,0,0,0,0,0,,,,,0,1,98.0,1.6333061115648073,1,108.0,0,attack,s02
33,35,0,0,0,0,0,0,0,0,0,0,0,0,,,,,0,0,,,0,,0,attack,s02
33,36,0,0,0,0,0,0,0,0,0,0,0,0,644.0,18.0,2.0,,0,0,,,0,,0,attack,s02
33,37,0,0,0,0,0,0,0,0,0,0,0,0,,,,,0,0,,,0,,0,attack,s02
33,38,0,0,0,0,0,0,0,0,0,0,0,0,,,,,0,0,,,0,,0,attack,s02
33,39,0,0,0,0,0,0,0,0,0,0,0,0,,,,,0,0,,,0,,0,attack,s02
33,40,1,0,0,0,0,0,0,0,0,0,0,0,,,,,0,1,99.0,1.6499725004583257,1,102.0,0,attack,s02
33,41,0,0,0,0,0,0,0,0,0,0,0,0,,,,,0,0,,,0,,0,attack,s02
33,42,0,0,0,0,0,0,0,0,0,0,0,0,641.0,18.0,2.0,,0,0,,,0,,0,attack,s02
33,43,0,0,0,0,0,0,0,0,0,0,0,0,,,,,0,0,,,0,,0,attack,s02
33,44,0,0,0,0,0,0,0,0,0,0,0,0,,,,,0,0,,,0,,0,attack,s02
33,45,0,0,0,0,0,0,0,0,0,0,0,0,,,,,0,0,,,0,,0,attack,s02
33,46,0,0,0,0,0,0,0,0,0,0,0,0,,,,,0,1,98.0,1.6333061115648073,1,102.0,0,attack,s02
33,47,0,1,0,0,0,0,0,0,0,0,1,0,,,,,0,0,,,0,,0,attack,s02
33,48,1,0,0,0,0,0,0,0,0,0,0,0,638.0,18.0,2.0,,0,0,,,0,,0,attack,s02
33,49,0,0,0,0,0,0,0,0,0,0,0,0,,,,,0,0,,,0,,0,attack,s02
33,50,0,0,0,0,0,0,0,0,0,0,0,0,,,,,0,0,,,0,,0,attack,s02
33,51,0,1,0,0,0,0,0,0,0,0,1,0,,,,,0,0,,,0,,0,attack,s02
33,52,0,0,0,0,0,0,0,0,0,0,0,0,,,,,0,1,99.0,1.6499725004583257,1,104.0,0,attack,s02
33,53,0,0,0,0,0,0,0,0,0,0,0,0,,,,,0,0,,,0,,0,attack,s02
33,54,0,0,0,0,0,0,0,0,0,0,0,0,636.0,18.0,2.0,,0,0,,,0,,0,attack,s02
33,55,0,1,0,0,0,0,0,0,0,0,1,0,,,,,0,0,,,0,,0,attack,s02
33,56,0,0,0,0,0,0,0,0,0,0,0,0,,,,,0,0,,,0,,0,attack,s02
33,57,0,1,0,0,0,0,0,0,0,0,1,0,,,,,0,0,,,0,,0,attack,s02
33,58,0,0,0,0,0,0,0,0,0,0,0,0,,,,,0,1,98.0,1.6333061115648073,1,114.0,0,attack,s02
33,59,0,0,0,0,0,0,0,0,0,0,0,0,,,,,0,0,,,0,,0,attack,s02
33,60,0,0,0,0,0,0,0,0,0,0,0,0,559.0,19.0,2.0,,0,0,,,0,,0,attack,s02
33,61,0,0,0,0,0,0,0,0,0,0,0,0,,,,,0,0,,,0,,0,attack,s02
33,62,0,0,0,0,0,0,0,0,0,0,0,0,,,,,0,0,,,0,,0,attack,s02
33,63,0,0,0,0,0,0,0,0,0,0,0,0,,,,,0,0,,,0,,0,attack,s02
33,64,0,0,0,0,0,0,0,0,0,0,0,0,,,,,0,1,98.0,1.6333061115648073,1,91.0,0,attack,s02
33,65,0,0,0,0,0,0,0,0,0,0,0,0,,,,,0,0,,,0,,0,attack,s02
33,66,0,0,0,0,0,0,0,0,0,0,0,0,557.0,19.0,2.0,,0,0,,,0,,0,attack,s02
33,67,0,0,0,0,0,0,0,0,0,0,0,0,,,,,0,0,,,0,,0,attack,s02
33,68,0,1,0,0,0,0,0,0,0,0,1,0,,,,,0,0,,,0,,0,attack,s02
33,69,0,0,0,0,0,0,0,0,0,0,0,0,,,,,0,0,,,0,,0,attack,s02
33,70,0,0,0,0,0,0,0,0,0,0,0,0,,,,,0,1,98.0,1.6333061115648073,1,110.0,0,attack,s02
33,71,0,0,0,0,0,0,0,0,0,0,0,0,,,,,0,0,,,0,,0,attack,s02
33,72,0,0,0,0,0,0,0,0,0,0,0,0,555.0,19.0,2.0,,0,0,,,0,,0,attack,s02
33,73,0,0,0,0,0,0,0,0,0,0,0,0,,,,,0,0,,,0,,0,attack,s02
33,74,0,0,0,0,0,0,0,0,0,0,0,0,,,,,0,0,,,0,,0,attack,s02
33,75,0,0,0,0,0,0,0,0,0,0,0,0,,,,,0,0,,,0,,0,attack,s02
33,76,0,0,0,0,0,0,0,0,0,0,0,0,,,,,0,1,99.0,1.6499725004583257,1,130.0,0,attack,s02
33,77,0,0,0,0,0,0,0,0,0,0,0,0,,,,,0,0,,,0,,0,attack,s02
33,78,0,0,0,0,0,0,0,0,0,0,0,0,554.0,19.0,2.0,,0,0,,,0,,0,attack,s02
33,79,0,0,0,0,0,0,0,0,0,0,0,0,,,,,0,0,,,0,,0,attack,s02
33,80,0,1,0,0,0,0,0,0,0,0,1,0,,,,,0,0,,,0,,0,attack,s02
33,81,0,0,0,0,0,0,0,0,0,0,0,0,,,,,0,0,,,0,,0,attack,s02
33,82,0,0,0,0,0,0,0,0,0,0,0,0,,,,,0,1,98.0,1.6333061115648073,1,121.0,0,attack,s02
33,83,0,0,0,0,0,0,0,0,0,0,0,0,,,,,0,0,,,0,,0,attack,s02
33,84,0,0,0,0,0,0,0,0,0,0,0,0,548.0,19.0,2.0,,0,0,,,0,,0,attack,s02
33,85,0,0,0,0,0,0,0,0,0,0,0,0,,,,,0,0,,,0,,0,attack,s02
33,86,0,0,0,0,0,0,0,0,0,0,0,0,,,,,0,0,,,0,,0,attack,s02
33,87,0,0,0,0,0,0,0,0,0,0,0,0,,,,,0,0,,,0,,0,attack,s02
33,88,0,0,0,0,0,0,0,0,0,0,0,0,,,,,0,1,99.0,1.6499725004583257,1,113.0,0,attack,s02
33,89,0,0,0,0,0,0,0,0,0,0,0,0,,,,,0,0,,,0,,0,attack,s02
33,90,0,0,0,0,0,0,0,0,0,0,0,0,547.0,19.0,2.0,,0,0,,,0,,0,attack,s02
33,91,0,1,0,0,0,0,0,0,0,0,1,0,,,,,0,0,,,0,,0,attack,s02
33,92,0,0,0,0,0,0,0,0,0,0,0,0,,,,,0,0,,,0,,0,attack,s02
33,93,0,0,0,0,0,0,0,0,0,0,0,0,,,,,0,0,,,0,,0,attack,s02
33,94,0,0,0,0,0,0,0,0,0,0,0,0,,,,,0,1,98.0,1.6333061115648073,1,104.0,0,attack,s02
33,95,0,0,0,0,0,0,0,0,0,0,0,0,,,,,0,0,,,0,,0,attack,s02
33,96,1,0,0,0,0,0,0,0,0,0,0,0,546.0,19.0,2.0,,0,0,,,0,,0,attack,s02
33,97,0,0,0,0,0,0,0,0,0,0,0,0,,,,,0,0,,,0,,0,attack,s02
33,98,0,0,0,0,0,0,0,0,0,0,0,0,,,,,0,0,,,0,,0,attack,s02
33,99,0,0,0,0,0,0,0,0,0,0,0,0,,,,,0,0,,,0,,0,attack,s02
33,100,0,0,0,0,0,0,0,0,0,0,0,0,,,,,0,1,99.0,1.6499725004583257,1,90.0,0,attack,s02
33,101,0,0,0,0,0,0,0,0,0,0,0,0,,,,,0,0,,,0,,0,attack,s02
33,102,0,0,0,0,0,0,0,0,0,0,0,0,545.0,19.0,2.0,,0,0,,,0,,0,attack,s02
33,103,0,0,0,0,0,0,0,0,0,0,0,0,,,,,0,0,,,0,,0,attack,s02
33,104,0,0,0,0,0,0,0,0,0,0,0,0,,,,,0,0,,,0,,0,attack,s02
33,105,0,1,0,0,0,0,0,0,0,0,1,0,,,,,0,0,,,0,,0,attack,s02
33,106,0,0,0,0,0,0,0,0,0,0,0,0,,,,,0,1,98.0,1.6333061115648073,1,98.0,0,attack,s02
33,107,2,0,0,0,0,0,0,0,0,0,0,0,,,,,0,0,,,0,,0,attack,s02
33,108,0,0,0,0,0,0,0,0,0,0,0,0,516.0,19.0,2.0,,0,0,,,0,,0,attack,s02
33,109,0,0,0,0,0,0,0,0,0,0,0,0,,,,,0,0,,,0,,0,attack,s02
33,110,0,0,0,0,0,0,0,0,0,0,0,0,,,,,0,0,,,0,,0,attack,s02
33,111,0,0,0,0,0,0,0,0,0,0,0,0,,,,,0,0,,,0,,0,attack,s02
33,112,0,0,0,0,0,0,0,0,0,0,0,0,,,,,0,1,99.0,1.6499725004583257,1,90.0,0,attack,s02
33,113,0,0,0,0,0,0,0,0,0,0,0,0,,,,,0,0,,,0,,0,attack,s02
33,114,0,0,0,0,0,0,0,0,0,0,0,0,515.0,20.0,2.0,,0,0,,,0,,0,attack,s02
33,115,0,0,0,0,0,0,0,0,0,0,0,0,,,,,0,0,,,0,,0,attack,s02
33,116,0,0,0,0,0,0,0,0,0,0,0,0,,,,,0,0,,,0,,0,attack,s02
33,117,0,0,0,0,0,0,0,0,0,0,0,0,,,,,0,0,,,0,,0,attack,s02
33,118,0,0,0,0,0,0,0,0,0,0,0,0,,,,,0,1,98.0,1.6333061115648073,1,99.0,0,attack,s02
33,119,0,1,0,0,0,0,0,0,0,0,1,0,,,,,0,0,,,0,,0,attack,s02
33,120,0,0,0,0,0,0,0,0,0,0,0,0,514.0,20.0,2.0,,0,0,,,0,,0,attack,s02
33,121,0,0,0,0,0,0,0,0,0,0,0,0,,,,,0,0,,,0,,0,attack,s02
33,122,0,0,0,0,0,0,0,0,0,0,0,0,,,,,0,0,,,0,,0,attack,s02
33,123,0,0,0,0,0,0,0,0,0,0,0,0,,,,,0,0,,,0,,0,attack,s02
33,124,0,0,0,0,0,0,0,0,0,0,0,0,,,,,0,1,98.0,1.6333061115648073,1,110.0,0,attack,s02
33,125,0,1,0,0,0,0,0,0,0,0,1,0,,,,,0,0,,,0,,0,attack,s02
33,126,0,0,0,0,0,0,0,0,0,0,0,0,560.0,20.0,2.0,,0,0,,,0,,0,attack,s02
33,127,0,0,0,0,0,0,0,0,0,0,0,0,,,,,0,0,,,0,,0,attack,s02
33,128,0,0,0,0,0,0,0,0,0,0,0,0,,,,,0,0,,,0,,0,attack,s02
33,129,0,0,0,0,0,0,0,0,0,0,0,0,,,,,0,0,,,0,,0,attack,s02
33,130,0,0,0,0,0,0,0,0,0,0,0,0,,,,,0,1,98.0,1.6333061115648073,1,112.0,0,attack,s02
33,131,0,0,0,0,0,0,0,0,0,0,0,0,,,,,0,0,,,0,,0,attack,s02
33,132,0,0,0,0,0,0,0,0,0,0,0,0,559.0,20.0,2.0,,0,0,,,0,,0,attack,s02
33,133,0,0,0,0,0,0,0,0,0,0,0,0,,,,,0,0,,,0,,0,attack,s02
33,134,0,0,0,0,0,0,0,0,0,0,0,0,,,,,0,0,,,0,,0,attack,s02
33,135,0,2,0,0,0,0,0,0,0,0,1,0,,,,,0,0,,,0,,0,attack,s02
33,136,0,0,0,0,0,0,0,0,0,0,0,0,,,,,0,1,99.0,1.6499725004583257,1,126.0,0,attack,s02
33,137,0,0,0,0,0,0,0,0,0,0,0,0,,,,,0,0,,,0,,0,attack,s02
33,138,0,0,0,0,0,0,0,0,0,0,0,0,606.0,20.0,2.0,,0,0,,,0,,0,attack,s02
33,139,0,0,0,0,0,0,0,0,0,0,0,0,,,,,0,0,,,0,,0,attack,s02
33,140,0,0,0,0,0,0,0,0,0,0,0,0,,,,,0,0,,,0,,0,attack,s02
33,141,0,0,0,0,0,0,0,0,0,0,0,0,,,,,0,0,,,0,,0,attack,s02
33,142,0,0,0,0,0,0,0,0,0,0,0,0,,,,,0,1,99.0,1.649916954179973,1,91.0,0,attack,s02
33,143,0,0,0,0,0,0,0,0,0,0,0,0,,,,,0,0,,,0,,0,attack,s02
33,144,0,0,0,0,0,0,0,0,0,0,0,0,606.0,20.0,2.0,,0,0,,,0,,0,attack,s02
33,145,0,0,0,0,0,0,0,0,0,0,0,0,,,,,0,0,,,0,,0,attack,s02
33,146,0,0,0,0,0,0,0,0,0,0,0,0,,,,,0,0,,,0,,0,attack,s02
33,147,0,0,0,0,0,0,0,0,0,0,0,0,,,,,0,0,,,0,,0,attack,s02
33,148,0,1,0,0,0,0,0,0,0,0,1,0,,,,,0,1,98.0,1.6333066559912854,1,103.0,0,attack,s02
33,149,0,0,0,0,0,0,0,0,0,0,0,0,,,,,0,0,,,0,,0,attack,s02
33,150,0,0,0,0,0,0,0,0,0,0,0,0,602.0,20.0,2.0,,0,0,,,0,,0,attack,s02
33,151,0,0,0,0,0,0,0,0,0,0,0,0,,,,,0,0,,,0,,0,attack,s02
33,152,0,0,0,0,0,0,0,0,0,0,0,0,,,,,0,0,,,0,,0,attack,s02
33,153,0,0,0,0,0,0,0,0,0,0,0,0,,,,,0,0,,,0,,0,attack,s02
33,154,0,0,0,0,0,0,0,0,0,0,0,0,,,,,0,1,98.0,1.6333061115648073,1,126.0,0,attack,s02
33,155,0,0,0,0,0,0,0,0,0,0,0,0,,,,,0,0,,,0,,0,attack,s02
33,156,0,0,0,0,0,0,0,0,0,0,0,0,602.0,20.0,2.0,,0,0,,,0,,0,attack,s02
33,157,0,0,0,0,0,0,0,0,0,0,0,0,,,,,0,0,,,0,,0,attack,s02
33,158,0,0,0,0,0,0,0,0,0,0,0,0,,,,,0,0,,,0,,0,attack,s02
33,159,0,0,0,0,0,0,0,0,0,0,0,0,,,,,0,0,,,0,,0,attack,s02
33,160,0,0,0,0,0,0,0,0,0,0,0,0,,,,,0,1,99.0,1.6499725004583257,1,98.0,0,attack,s02
33,161,0,0,0,0,0,0,0,0,0,0,0,0,,,,,0,0,,,0,,0,attack,s02
33,162,0,0,0,0,0,0,0,0,0,0,0,0,602.0,20.0,2.0,,0,0,,,0,,0,attack,s02
33,163,0,0,0,0,0,0,0,0,0,0,0,0,,,,,0,0,,,0,,0,attack,s02
33,164,0,1,0,0,0,0,0,0,0,0,1,0,,,,,0,0,,,0,,0,attack,s02
33,165,0,0,0,0,0,0,0,0,0,0,0,0,,,,,0,0,,,0,,0,attack,s02
33,166,0,0,0,0,0,0,0,0,0,0,0,0,,,,,0,1,98.0,1.6333061115648073,1,101.0,0,attack,s02
33,167,0,0,0,0,0,0,0,0,0,0,0,0,,,,,0,0,,,0,,0,attack,s02
33,168,0,0,0,0,0,0,0,0,0,0,0,0,602.0,20.0,2.0,,0,0,,,0,,0,attack,s02
33,169,0,0,0,0,0,0,0,0,0,0,0,0,,,,,0,0,,,0,,0,attack,s02
33,170,0,0,0,0,0,0,0,0,0,0,0,0,,,,,0,0,,,0,,0,attack,s02
33,171,0,0,0,0,0,0,0,0,0,0,0,0,,,,,0,0,,,0,,0,attack,s02
33,172,0,0,0,0,0,0,0,0,0,0,0,0,,,,,0,1,98.0,1.6333061115648073,1,117.0,0,attack,s02
33,173,0,0,0,0,0,0,0,0,0,0,0,0,,,,,0,0,,,0,,0,attack,s02
33,174,0,0,0,0,0,0,0,0,0,0,0,0,602.0,20.0,2.0,,0,0,,,0,,0,attack,s02
33,175,1,0,0,0,0,0,0,0,0,0,0,0,,,,,0,0,,,0,,0,attack,s02
33,176,0,0,0,0,0,0,0,0,0,0,0,0,,,,,0,0,,,0,,0,attack,s02
33,177,0,0,0,0,0,0,0,0,0,0,0,0,,,,,0,0,,,0,,0,attack,s02
33,178,0,0,0,0,0,0,0,0,0,0,0,0,,,,,0,1,99.0,1.6499725004583257,1,115.0,0,attack,s02
33,179,0,0,1,1,0,0,0,0,0,0,0,0,,,,,0,0,,,0,,0,attack,s02
33,180,0,0,0,0,0,0,0,0,0,0,0,0,602.0,20.0,2.0,,0,0,,,0,,0,attack,s02
33,181,0,0,0,0,0,0,0,0,0,0,0,0,,,,,0,0,,,0,,0,attack,s02
34,0,0,0,0,0,0,0,0,0,0,0,0,0,,,,,0,0,,,0,,0,attack,s02
34,1,0,0,0,0,0,0,0,0,0,0,0,0,,,,,0,0,,,0,,0,attack,s02
34,2,0,0,0,0,0,0,0,0,0,0,0,0,,,,,0,0,,,0,,0,attack,s02
34,3,2,3,0,0,1,0,0,0,0,0,1,0,,,,,0,0,,,0,,0,attack,s02
34,4,3,3,1,1,0,0,0,1,0,0,1,0,558.0,0.0,2.0,,0,0,,,0,,0,attack,s02
34,5,1,2,0,0,0,0,0,0,0,0,1,2,,,,,0,0,,,0,,0,attack,s02
34,6,2,7,0,0,0,0,0,0,0,0,1,7,540.0,12.0,3.0,,0,0,,,0,,0,attack,s02
34,7,1,4,0,0,0,0,0,0,0,0,1,1,,,,,0,0,,,0,,0,attack,s02
34,8,0,4,0,0,0,0,0,0,0,0,1,0,,,,,0,0,,,0,,0,attack,s02
34,9,1,1,0,0,0,0,0,0,0,0,1,0,,,,,0,1,0.0,,1,125.0,0,attack,s02
34,10,0,2,0,0,0,0,0,0,0,0,1,0,,,,,0,0,,,0,,0,attack,s02
34,11,0,0,0,0,0,0,0,0,0,0,0,0,,,,,0,0,,,0,,0,attack,s02
34,12,1,1,0,0,0,0,0,0,0,0,1,0,476.0,15.0,5.0,,0,0,,,0,,0,attack,s02
34,13,1,3,0,0,0,0,0,0,0,0,1,0,,,,,0,0,,,0,,0,attack,s02
34,14,0,2,0,0,0,0,0,0,0,0,1,0,,,,,0,0,,,0,,0,attack,s02
34,15,0,0,0,0,0,0,0,0,0,0,0,0,,,,,0,1,99.0,1.6499730504401762,1,106.0,0,attack,s02
34,16,0,0,0,0,0,0,0,0,0,0,0,0,,,,,0,0,,,0,,0,attack,s02
34,17,1,2,0,0,0,0,0,0,0,0,1,0,,,,,0,0,,,0,,0,attack,s02
34,18,1,0,0,0,0,0,0,0,0,0,0,0,462.0,16.0,5.0,,0,0,,,0,,0,attack,s02
34,19,0,1,0,0,0,0,0,0,0,0,1,0,,,,,0,0,,,0,,0,attack,s02
34,20,0,0,0,0,0,0,0,0,0,0,0,0,,,,,0,0,,,0,,0,attack,s02
34,21,0,0,0,0,0,0,0,0,0,0,0,0,,,,,0,1,99.0,1.6499725004583257,1,110.0,0,attack,s02
34,22,0,0,0,0,0,0,0,0,0,0,0,0,,,,,0,0,,,0,,0,attack,s02
34,23,0,1,0,0,0,0,0,0,0,0,1,0,,,,,0,0,,,0,,0,attack,s02
34,24,0,1,0,0,0,0,0,0,0,0,1,0,481.0,17.0,5.0,,0,0,,,0,,0,attack,s02
34,25,0,1,0,0,0,0,0,0,0,0,1,0,,,,,0,0,,,0,,0,attack,s02
34,26,1,1,0,0,0,0,0,0,0,0,1,0,,,,,0,0,,,0,,0,attack,s02
34,27,1,1,0,0,0,0,0,0,0,0,1,0,,,,,0,1,100.0,1.6666388893518442,1,107.0,0,attack,s02
34,28,0,1,0,0,0,0,0,0,0,0,1,0,,,,,0,0,,,0,,0,attack,s02
34,29,0,0,0,0,0,0,0,0,0,0,0,0,,,,,0,0,,,0,,0,attack,s02
34,30,0,0,0,0,0,0,0,0,0,0,0,0,476.0,17.0,5.0,,0,0,,,0,,0,attack,s02
34,31,0,1,0,0,0,0,0,0,0,0,1,0,,,,,0,0,,,0,,0,attack,s02
34,32,0,0,0,0,0,0,0,0,0,0,0,0,,,,,0,0,,,0,,0,attack,s02
34,33,0,0,0,0,0,0,0,0,0,0,0,0,,,,,0,1,99.0,1.6499725004583257,1,95.0,0,attack,s02
34,34,1,0,0,0,0,0,0,0,0,0,0,0,,,,,0,0,,,0,,0,attack,s02
34,35,0,0,0,0,0,0,0,0,0,0,0,0,,,,,0,0,,,0,,0,attack,s02
34,36,0,0,0,0,0,0,0,0,0,0,0,0,467.0,18.0,5.0,,0,0,,,0,,0,attack,s02
34,37,0,0,0,0,0,0,0,0,0,0,0,0,,,,,0,0,,,0,,0,attack,s02
34,38,0,0,0,0,0,0,0,0,0,0,0,0,,,,,0,0,,,0,,0,attack,s02
34,39,0,0,0,0,0,0,0,0,0,0,0,0,,,,,0,1,99.0,1.6499725004583257,1,119.0,0,attack,s02
34,40,0,0,0,0,0,0,0,0,0,0,0,0,,,,,0,0,,,0,,0,attack,s02
34,41,0,0,0,0,0,0,0,0,0,0,0,0,,,,,0,0,,,0,,0,attack,s02
34,42,0,1,0,0,0,0,0,0,0,0,1,0,461.0,18.0,5.0,,0,0,,,0,,0,attack,s02
34,43,1,0,0,0,0,0,0,0,0,0,0,0,,,,,0,0,,,0,,0,attack,s02
34,44,0,0,0,0,0,0,0,0,0,0,0,0,,,,,0,0,,,0,,0,attack,s02
34,45,0,0,0,0,0,0,0,0,0,0,0,0,,,,,0,1,99.0,1.6499725004583257,1,128.0,0,attack,s02
34,46,0,1,0,0,0,0,0,0,0,0,1,0,,,,,0,0,,,0,,0,attack,s02
34,47,0,1,0,0,0,0,0,0,0,0,1,0,,,,,0,0,,,0,,0,attack,s02
34,48,0,1,0,0,0,0,0,0,0,0,1,0,420.0,18.0,5.0,,0,0,,,0,,0,attack,s02
34,49,0,0,0,0,0,0,0,0,0,0,0,0,,,,,0,0,,,0,,0,attack,s02
34,50,0,1,0,0,0,0,0,0,0,0,1,0,,,,,0,0,,,0,,0,attack,s02
34,51,0,0,0,0,0,0,0,0,0,0,0,0,,,,,0,1,99.0,1.6499725004583257,1,125.0,0,attack,s02
34,52,0,0,0,0,0,0,0,0,0,0,0,0,,,,,0,0,,,0,,0,attack,s02
34,53,0,1,0,0,0,0,0,0,0,0,1,0,,,,,0,0,,,0,,0,attack,s02
34,54,1,0,0,0,0,0,0,0,0,0,0,0,417.0,18.0,5.0,,0,0,,,0,,0,attack,s02
34,55,1,0,0,0,0,0,0,0,0,0,0,0,,,,,0,0,,,0,,0,attack,s02
34,56,0,1,0,0,0,0,0,0,0,0,1,0,,,,,0,0,,,0,,0,attack,s02
34,57,0,0,0,0,0,0,0,0,0,0,0,0,,,,,0,1,99.0,1.649916954179973,1,125.0,0,attack,s02
34,58,0,0,0,0,0,0,0,0,0,0,0,0,,,,,0,0,,,0,,0,attack,s02
34,59,0,0,0,0,0,0,0,0,0,0,0,0,,,,,0,0,,,0,,0,attack,s02
34,60,0,0,0,0,0,0,0,0,0,0,0,0,414.0,19.0,5.0,,0,0,,,0,,0,attack,s02
34,61,0,0,0,0,0,0,0,0,0,0,0,0,,,,,0,0,,,0,,0,attack,s02
34,62,0,0,0,0,0,0,0,0,0,0,0,0,,,,,0,0,,,0,,0,attack,s02
34,63,0,0,0,0,0,0,0,0,0,0,0,0,,,,,0,1,98.0,1.6333066559912854,1,115.0,0,attack,s02
34,64,1,0,0,0,0,0,0,0,0,0,0,0,,,,,0,0,,,0,,0,attack,s02
34,65,0,0,0,0,0,0,0,0,0,0,0,0,,,,,0,0,,,0,,0,attack,s02
34,66,0,1,0,0,0,0,0,0,0,0,1,0,412.0,19.0,5.0,,0,0,,,0,,0,attack,s02
34,67,0,0,0,0,0,0,0,0,0,0,0,0,,,,,0,0,,,0,,0,attack,s02
34,68,0,0,0,0,0,0,0,0,0,0,0,0,,,,,0,0,,,0,,0,attack,s02
34,69,0,0,0,0,0,0,0,0,0,0,0,0,,,,,0,1,99.0,1.6499725004583257,1,106.0,0,attack,s02
34,70,1,0,0,0,0,0,0,0,0,0,0,0,,,,,0,0,,,0,,0,attack,s02
34,71,0,0,0,0,0,0,0,0,0,0,0,0,,,,,0,0,,,0,,0,attack,s02
34,72,0,0,0,0,0,0,0,0,0,0,0,0,412.0,19.0,5.0,,0,0,,,0,,0,attack,s02
34,73,0,0,0,0,0,0,0,0,0,0,0,0,,,,,0,0,,,0,,0,attack,s02
34,74,0,0,0,0,0,0,0,0,0,0,0,0,,,,,0,0,,,0,,0,attack,s02
34,75,0,0,0,0,0,0,0,0,0,0,0,0,,,,,0,1,99.0,1.6499725004583257,1,109.0,0,attack,s02
34,76,0,0,0,0,0,0,0,0,0,0,0,0,,,,,0,0,,,0,,0,attack,s02
34,77,0,0,0,0,0,0,0,0,0,0,0,0,,,,,0,0,,,0,,0,attack,s02
34,78,0,0,0,0,0,0,0,0,0,0,0,0,412.0,19.0,5.0,,0,0,,,0,,0,attack,s02
34,79,0,0,0,0,0,0,0,0,0,0,0,0,,,,,0,0,,,0,,0,attack,s02
34,80,1,0,0,0,0,0,0,0,0,0,0,0,,,,,0,0,,,0,,0,attack,s02
34,81,0,0,0,0,0,0,0,0,0,0,0,0,,,,,0,1,99.0,1.6499725004583257,1,116.0,0,attack,s02
34,82,0,0,0,0,0,0,0,0,0,0,0,0,,,,,0,0,,,0,,0,attack,s02
34,83,0,0,0,0,0,0,0,0,0,0,0,0,,,,,0,0,,,0,,0,attack,s02
34,84,0,0,0,0,0,0,0,0,0,0,0,0,412.0,19.0,5.0,,0,0,,,0,,0,attack,s02
34,85,0,0,0,0,0,0,0,0,0,0,0,0,,,,,0,0,,,0,,0,attack,s02
34,86,0,1,0,0,0,0,0,0,0,0,1,0,,,,,0,0,,,0,,0,attack,s02
34,87,0,0,0,0,0,0,0,0,0,0,0,0,,,,,0,1,99.0,1.6499725004583257,1,112.0,0,attack,s02
34,88,0,0,0,0,0,0,0,0,0,0,0,0,,,,,0,0,,,0,,0,attack,s02
34,89,0,2,0,0,0,0,0,0,0,0,1,0,,,,,0,0,,,0,,0,attack,s02
34,90,1,0,0,0,0,0,0,0,0,0,0,0,384.0,19.0,5.0,,0,0,,,0,,0,attack,s02
34,91,0,1,0,0,0,0,0,0,0,0,1,0,,,,,0,0,,,0,,0,attack,s02
34,92,0,0,0,0,0,0,0,0,0,0,0,0,,,,,0,0,,,0,,0,attack,s02
34,93,0,1,0,0,0,0,0,0,0,0,1,0,,,,,0,1,99.0,1.6499725004583257,1,95.0,0,attack,s02
34,94,0,0,0,0,0,0,0,0,0,0,0,0,,,,,0,0,,,0,,0,attack,s02
34,95,1,0,0,0,0,0,0,0,0,0,0,0,,,,,0,0,,,0,,0,attack,s02
34,96,0,0,0,0,0,0,0,0,0,0,0,0,384.0,19.0,5.0,,0,0,,,0,,0,attack,s02
34,97,0,0,0,0,0,0,0,0,0,0,0,0,,,,,0,0,,,0,,0,attack,s02
34,98,0,0,0,0,0,0,0,0,0,0,0,0,,,,,0,0,,,0,,0,attack,s02
34,99,0,0,0,0,0,0,0,0,0,0,0,0,,,,,0,1,99.0,1.6499725004583257,1,121.0,0,attack,s02
34,100,0,1,0,0,0,0,0,0,0,0,1,0,,,,,0,0,,,0,,0,attack,s02
34,101,0,0,0,0,0,0,0,0,0,0,0,0,,,,,0,0,,,0,,0,attack,s02
34,102,0,0,0,0,0,0,0,0,0,0,0,0,384.0,19.0,5.0,,0,0,,,0,,0,attack,s02
34,103,0,0,0,0,0,0,0,0,0,0,0,0,,,,,0,0,,,0,,0,attack,s02
34,104,0,0,0,0,0,0,0,0,0,0,0,0,,,,,0,0,,,0,,0,attack,s02
34,105,1,0,0,0,0,0,0,0,0,0,0,0,,,,,0,1,99.0,1.6499725004583257,1,118.0,0,attack,s02
34,106,1,0,0,0,0,0,0,0,0,0,0,0,,,,,0,0,,,0,,0,attack,s02
34,107,0,2,0,0,0,0,0,0,0,0,1,0,,,,,0,0,,,0,,0,attack,s02
34,108,0,0,0,0,0,0,0,0,0,0,0,0,431.0,19.0,5.0,,0,0,,,0,,0,attack,s02
34,109,0,1,0,0,0,0,0,0,0,0,1,0,,,,,0,0,,,0,,0,attack,s02
34,110,0,0,0,0,0,0,0,0,0,0,0,0,,,,,0,0,,,0,,0,attack,s02
34,111,1,0,0,0,0,0,0,0,0,0,0,0,,,,,0,1,99.0,1.6499725004583257,1,105.0,0,attack,s02
34,112,0,0,0,0,0,0,0,0,0,0,0,0,,,,,0,0,,,0,,0,attack,s02
34,113,0,0,0,0,0,0,0,0,0,0,0,0,,,,,0,0,,,0,,0,attack,s02
34,114,0,0,0,0,0,0,0,0,0,0,0,0,431.0,20.0,5.0,,0,0,,,0,,0,attack,s02
34,115,0,0,0,0,0,0,0,0,0,0,0,0,,,,,0,0,,,0,,0,attack,s02
34,116,1,0,0,0,0,0,0,0,0,0,0,0,,,,,0,0,,,0,,0,attack,s02
34,117,0,0,0,0,0,0,0,0,0,0,0,0,,,,,0,1,99.0,1.6499725004583257,1,129.0,0,attack,s02
34,118,0,0,0,0,0,0,0,0,0,0,0,0,,,,,0,0,,,0,,0,attack,s02
34,119,0,0,0,0,0,0,0,0,0,0,0,0,,,,,0,0,,,0,,0,attack,s02
34,120,0,0,0,0,0,0,0,0,0,0,0,0,431.0,20.0,5.0,,0,0,,,0,,0,attack,s02
34,121,0,0,0,0,0,0,0,0,0,0,0,0,,,,,0,0,,,0,,0,attack,s02
34,122,0,0,0,0,0,0,0,0,0,0,0,0,,,,,0,0,,,0,,0,attack,s02
34,123,0,0,0,0,0,0,0,0,0,0,0,0,,,,,0,1,98.0,1.633305567138692,1,126.0,0,attack,s02
34,124,0,0,0,0,0,0,0,0,0,0,0,0,,,,,0,0,,,0,,0,attack,s02
34,125,1,0,0,0,0,0,0,0,0,0,0,0,,,,,0,0,,,0,,0,attack,s02
34,126,0,0,0,0,0,0,0,0,0,0,0,0,431.0,20.0,5.0,,0,0,,,0,,0,attack,s02
34,127,0,0,0,0,0,0,0,0,0,0,0,0,,,,,0,0,,,0,,0,attack,s02
34,128,0,0,0,0,0,0,0,0,0,0,0,0,,,,,0,0,,,0,,0,attack,s02
34,129,0,0,0,0,0,0,0,0,0,0,0,0,,,,,0,1,99.0,1.6499730504401762,1,112.0,0,attack,s02
34,130,0,0,0,0,0,0,0,0,0,0,0,0,,,,,0,0,,,0,,0,attack,s02
34,131,0,1,0,0,0,0,0,0,0,0,1,0,,,,,0,0,,,0,,0,attack,s02
34,132,0,0,0,0,0,0,0,0,0,0,0,0,431.0,20.0,5.0,,0,0,,,0,,0,attack,s02
34,133,0,1,0,0,0,0,0,0,0,0,1,0,,,,,0,0,,,0,,0,attack,s02
34,134,0,0,0,0,0,0,0,0,0,0,0,0,,,,,0,0,,,0,,0,attack,s02
34,135,1,0,0,0,0,0,0,0,0,0,0,0,,,,,0,1,99.0,1.6499725004583257,1,92.0,0,attack,s02
34,136,0,0,0,0,0,0,0,0,0,0,0,0,,,,,0,0,,,0,,0,attack,s02
34,137,0,1,0,0,0,0,0,0,0,0,1,0,,,,,0,0,,,0,,0,attack,s02
34,138,0,1,0,0,0,0,0,0,0,0,1,0,474.0,20.0,5.0,,0,0,,,0,,0,attack,s02
34,139,0,0,0,0,0,0,0,0,0,0,0,0,,,,,0,0,,,0,,0,attack,s02
34,140,0,0,0,0,0,0,0,0,0,0,0,0,,,,,0,0,,,0,,0,attack,s02
34,141,1,0,0,0,0,0,0,0,0,0,0,0,,,,,0,1,99.0,1.6499725004583257,1,120.0,0,attack,s02
34,142,0,0,0,0,0,0,0,0,0,0,0,0,,,,,0,0,,,0,,0,attack,s02
34,143,0,0,0,0,0,0,0,0,0,0,0,0,,,,,0,0,,,0,,0,attack,s02
34,144,0,0,0,0,0,0,0,0,0,0,0,0,474.0,20.0,5.0,,0,0,,,0,,0,attack,s02
34,145,0,0,0,0,0,0,0,0,0,0,0,0,,,,,0,0,,,0,,0,attack,s02
34,146,0,0,0,0,0,0,0,0,0,0,0,0,,,,,0,0,,,0,,0,attack,s02
34,147,0,0,0,0,0,0,0,0,0,0,0,0,,,,,0,1,99.0,1.6499725004583257,1,92.0,0,attack,s02
34,148,1,0,0,0,0,0,0,0,0,0,0,0,,,,,0,0,,,0,,0,attack,s02
34,149,0,0,0,0,0,0,0,0,0,0,0,0,,,,,0,0,,,0,,0,attack,s02
34,150,0,0,0,0,0,0,0,0,0,0,0,0,474.0,20.0,5.0,,0,0,,,0,,0,attack,s02
34,151,0,0,0,0,0,0,0,0,0,0,0,0,,,,,0,0,,,0,,0,attack,s02
34,152,0,0,0,0,0,0,0,0,0,0,0,0,,,,,0,0,,,0,,0,attack,s02
34,153,0,0,0,0,0,0,0,0,0,0,0,0,,,,,0,1,98.0,1.6333061115648073,1,120.0,0,attack,s02
34,154,0,0,0,0,0,0,0,0,0,0,0,0,,,,,0,0,,,0,,0,attack,s02
34,155,0,0,0,0,0,0,0,0,0,0,0,0,,,,,0,0,,,0,,0,attack,s02
34,156,1,0,0,0,0,0,0,0,0,0,0,0,474.0,20.0,5.0,,0,0,,,0,,0,attack,s02
34,157,0,0,0,0,0,0,0,0,0,0,0,0,,,,,0,0,,,0,,0,attack,s02
34,158,0,0,0,0,0,0,0,0,0,0,0,0,,,,,0,0,,,0,,0,attack,s02
34,159,0,0,0,0,0,0,0,0,0,0,0,0,,,,,0,1,99.0,1.6499725004583257,1,119.0,0,attack,s02
34,160,0,0,0,0,0,0,0,0,0,0,0,0,,,,,0,0,,,0,,0,attack,s02
34,161,0,0,0,0,0,0,0,0,0,0,0,0,,,,,0,0,,,0,,0,attack,s02
34,162,0,0,0,0,0,0,0,0,0,0,0,0,474.0,20.0,5.0,,0,0,,,0,,0,attack,s02
34,163,0,0,0,0,0,0,0,0,0,0,0,0,,,,,0,0,,,0,,0,attack,s02
34,164,2,0,0,0,0,0,0,0,0,0,0,0,,,,,0,0,,,0,,0,attack,s02
34,165,0,0,0,0,0,0,0,0,0,0,0,0,,,,,0,1,99.0,1.6499725004583257,1,101.0,0,attack,s02
34,166,0,0,0,0,0,0,0,0,0,0,0,0,,,,,0,0,,,0,,0,attack,s02
34,167,0,0,0,0,0,0,0,0,0,0,0,0,,,,,0,0,,,0,,0,attack,s02
34,168,0,0,0,0,0,0,0,0,0,0,0,0,474.0,20.0,5.0,,0,0,,,0,,0,attack,s02
34,169,1,1,0,0,0,0,0,0,0,0,1,0,,,,,0,0,,,0,,0,attack,s02
34,170,0,0,0,0,0,0,0,0,0,0,0,0,,,,,0,0,,,0,,0,attack,s02
34,171,0,0,0,0,0,0,0,0,0,0,0,0,,,,,0,1,100.0,1.6666388893518442,1,121.0,0,attack,s02
34,172,0,0,0,0,0,0,0,0,0,0,0,0,,,,,0,0,,,0,,0,attack,s02
34,173,0,0,0,0,0,0,0,0,0,0,0,0,,,,,0,0,,,0,,0,attack,s02
34,174,0,1,0,0,0,0,0,0,0,0,1,0,474.0,20.0,5.0,,0,0,,,0,,0,attack,s02
34,175,0,0,0,0,0,0,0,0,0,0,0,0,,,,,0,0,,,0,,0,attack,s02
34,176,1,1,0,0,0,0,0,0,0,0,1,0,,,,,0,0,,,0,,0,attack,s02
34,177,0,0,0,0,0,0,0,0,0,0,0,0,,,,,0,1,99.0,1.6499725004583257,1,106.0,0,attack,s02
34,178,0,0,1,1,0,0,0,0,0,0,0,0,,,,,0,0,,,0,,0,attack,s02
34,179,0,1,0,0,0,0,0,0,0,0,1,0,,,,,0,0,,,0,,0,attack,s02
34,180,0,0,0,0,0,0,0,0,0,0,0,0,474.0,20.0,5.0,,0,0,,,0,,0,attack,s02
34,181,0,0,0,0,0,0,0,0,0,0,0,0,,,,,0,0,,,0,,0,attack,s02
35,0,0,0,0,0,0,0,0,0,0,0,0,0,,,,,0,0,,,0,,0,attack,s02
35,1,0,0,0,0,0,0,0,0,0,0,0,0,,,,,0,0,,,0,,0,attack,s02
35,2,0,0,0,0,0,0,0,0,0,0,0,0,,,,,0,0,,,0,,0,attack,s02
35,3,0,0,0,0,0,0,0,0,0,0,0,0,,,,,0,0,,,0,,0,attack,s02
35,4,0,0,0,0,1,0,0,0,0,1,0,0,,,,,0,0,,,0,,0,attack,s02
35,5,0,0,0,0,1,0,0,0,0,0,0,0,,,,,0,0,,,0,,0,attack,s02
35,6,4,2,0,0,0,0,0,1,0,0,1,0,765.0,0.0,1.0,,0,0,,,0,,0,attack,s02
35,7,1,1,1,1,0,0,0,0,0,0,1,0,,,,,0,1,0.0,,0,,0,attack,s02
35,8,1,0,0,0,0,0,0,0,0,0,0,0,,,,,0,0,,,1,121.0,0,attack,s02
35,9,0,1,0,0,0,0,0,0,0,0,1,0,,,,,0,0,,,0,,0,attack,s02
35,10,1,0,0,0,0,0,0,0,0,0,0,0,,,,,0,0,,,0,,0,attack,s02
35,11,0,0,0,0,0,0,0,0,0,0,0,0,,,,,0,0,,,0,,0,attack,s02
35,12,1,1,0,0,0,0,0,0,0,0,1,0,682.0,15.0,1.0,,0,0,,,0,,0,attack,s02
35,13,0,0,0,0,0,0,0,0,0,0,0,0,,,,,0,1,99.0,1.6499725004583257,0,,0,attack,s02
35,14,0,0,0,0,0,0,0,0,0,0,0,0,,,,,0,0,,,1,119.0,0,attack,s02
35,15,0,0,0,0,0,0,0,0,0,0,0,0,,,,,0,0,,,0,,0,attack,s02
35,16,0,0,0,0,0,0,0,0,0,0,0,0,,,,,0,0,,,0,,0,attack,s02
35,17,0,0,0,0,0,0,0,0,0,0,0,0,,,,,0,0,,,0,,0,attack,s02
35,18,0,1,0,0,0,0,0,0,0,0,1,0,660.0,16.0,1.0,,0,0,,,0,,0,attack,s02
35,19,1,0,0,0,0,0,0,0,0,0,0,0,,,,,0,1,98.0,1.6333061115648073,0,,0,attack,s02
35,20,0,0,0,0,0,0,0,0,0,0,0,0,,,,,0,0,,,1,128.0,0,attack,s02
35,21,0,0,0,0,0,0,0,0,0,0,0,0,,,,,0,0,,,0,,0,attack,s02
35,22,0,0,0,0,0,0,0,0,0,0,0,0,,,,,0,0,,,0,,0,attack,s02
35,23,0,0,0,0,0,0,0,0,0,0,0,0,,,,,0,0,,,0,,0,attack,s02
35,24,0,0,0,0,0,0,0,0,0,0,0,0,640.0,17.0,1.0,,0,0,,,0,,0,attack,s02
35,25,0,0,0,0,0,0,0,0,0,0,0,0,,,,,0,1,99.0,1.6499725004583257,0,,0,attack,s02
35,26,1,1,0,0,0,0,0,0,0,0,1,0,,,,,0,0,,,1,105.0,0,attack,s02
35,27,0,0,0,0,0,0,0,0,0,0,0,0,,,,,0,0,,,0,,0,attack,s02
35,28,0,0,0,0,0,0,0,0,0,0,0,0,,,,,0,0,,,0,,0,attack,s02
35,29,0,0,0,0,0,0,0,0,0,0,0,0,,,,,0,0,,,0,,0,attack,s02
35,30,0,0,0,0,0,0,0,0,0,0,0,0,665.0,17.0,1.0,,0,0,,,0,,0,attack,s02
35,31,0,0,0,0,0,0,0,0,0,0,0,0,,,,,0,1,98.0,1.6333061115648073,0,,0,attack,s02
35,32,0,0,0,0,0,0,0,0,0,0,0,0,,,,,0,0,,,1,101.0,0,attack,s02
35,33,0,0,0,0,0,0,0,0,0,0,0,0,,,,,0,0,,,0,,0,attack,s02
35,34,0,0,0,0,0,0,0,0,0,0,0,0,,,,,0,0,,,0,,0,attack,s02
35,35,0,0,0,0,0,0,0,0,0,0,0,0,,,,,0,0,,,0,,0,attack,s02
35,36,0,0,0,0,0,0,0,0,0,0,0,0,660.0,18.0,1.0,,0,0,,,0,,0,attack,s02
35,37,0,0,0,0,0,0,0,0,0,0,0,0,,,,,0,1,99.0,1.6499725004583257,0,,0,attack,s02
35,38,0,0,0,0,0,0,0,0,0,0,0,0,,,,,0,0,,,1,105.0,0,attack,s02
35,39,0,0,0,0,0,0,0,0,0,0,0,0,,,,,0,0,,,0,,0,attack,s02
35,40,0,0,0,0,0,0,0,0,0,0,0,0,,,,,0,0,,,0,,0,attack,s02
35,41,0,0,0,0,0,0,0,0,0,0,0,0,,,,,0,0,,,0,,0,attack,s02
35,42,0,0,0,0,0,0,0,0,0,0,0,0,656.0,18.0,1.0,,0,0,,,0,,0,attack,s02
35,43,0,0,0,0,0,0,0,0,0,0,0,0,,,,,0,1,98.0,1.6332511263599732,0,,0,attack,s02
35,44,0,0,0,0,0,0,0,0,0,0,0,0,,,,,0,0,,,1,129.0,0,attack,s02
35,45,0,0,0,0,0,0,0,0,0,0,0,0,,,,,0,0,,,0,,0,attack,s02
35,46,0,0,0,0,0,0,0,0,0,0,0,0,,,,,0,0,,,0,,0,attack,s02
35,47,0,0,0,0,0,0,0,0,0,0,0,0,,,,,0,0,,,0,,0,attack,s02
35,48,0,0,0,0,0,0,0,0,0,0,0,0,652.0,18.0,1.0,,0,0,,,0,,0,attack,s02
35,49,0,0,0,0,0,0,0,0,0,0,0,0,,,,,0,1,98.0,1.6333066559912854,0,,0,attack,s02
35,50,0,0,0,0,0,0,0,0,0,0,0,0,,,,,0,0,,,1,117.0,0,attack,s02
35,51,0,0,0,0,0,0,0,0,0,0,0,0,,,,,0,0,,,0,,0,attack,s02
35,52,0,0,0,0,0,0,0,0,0,0,0,0,,,,,0,0,,,0,,0,attack,s02
35,53,1,0,0,0,0,0,0,0,0,0,0,0,,,,,0,0,,,0,,0,attack,s02
35,54,0,0,0,0,0,0,0,0,0,0,0,0,648.0,18.0,1.0,,0,0,,,0,,0,attack,s02
35,55,0,1,0,0,0,0,0,0,0,0,1,0,,,,,0,1,99.0,1.6499725004583257,0,,0,attack,s02
35,56,0,0,0,0,0,0,0,0,0,0,0,0,,,,,0,0,,,1,118.0,0,attack,s02
35,57,0,0,0,0,0,0,0,0,0,0,0,0,,,,,0,0,,,0,,0,attack,s02
35,58,0,0,0,0,0,0,0,0,0,0,0,0,,,,,0,0,,,0,,0,attack,s02
35,59,0,0,0,0,0,0,0,0,0,0,0,0,,,,,0,0,,,0,,0,attack,s02
35,60,0,0,0,0,0,0,0,0,0,0,0,0,583.0,19.0,1.0,,0,0,,,0,,0,attack,s02
35,61,0,0,0,0,0,0,0,0,0,0,0,0,,,,,0,1,98.0,1.6333061115648073,0,,0,attack,s02
35,62,0,0,0,0,0,0,0,0,0,0,0,0,,,,,0,0,,,1,113.0,0,attack,s02
35,63,0,0,0,0,0,0,0,0,0,0,0,0,,,,,0,0,,,0,,0,attack,s02
35,64,0,0,0,0,0,0,0,0,0,0,0,0,,,,,0,0,,,0,,0,attack,s02
35,65,0,0,0,0,0,0,0,0,0,0,0,0,,,,,0,0,,,0,,0,attack,s02
35,66,0,0,0,0,0,0,0,0,0,0,0,0,579.0,19.0,1.0,,0,0,,,0,,0,attack,s02
35,67,0,0,0,0,0,0,0,0,0,0,0,0,,,,,0,1,98.0,1.6333061115648073,0,,0,attack,s02
35,68,0,0,0,0,0,0,0,0,0,0,0,0,,,,,0,0,,,1,95.0,0,attack,s02
35,69,0,0,0,0,0,0,0,0,0,0,0,0,,,,,0,0,,,0,,0,attack,s02
35,70,0,0,0,0,0,0,0,0,0,0,0,0,,,,,0,0,,,0,,0,attack,s02
35,71,0,0,0,0,0,0,0,0,0,0,0,0,,,,,0,0,,,0,,0,attack,s02
35,72,0,0,0,0,0,0,0,0,0,0,0,0,575.0,19.0,1.0,,0,0,,,0,,0,attack,s02
35,73,0,0,0,0,0,0,0,0,0,0,0,0,,,,,0,1,99.0,1.6499725004583257,0,,0,attack,s02
35,74,0,0,0,0,0,0,0,0,0,0,0,0,,,,,0,0,,,1,91.0,0,attack,s02
35,75,0,0,0,0,0,0,0,0,0,0,0,0,,,,,0,0,,,0,,0,attack,s02
35,76,0,0,0,0,0,0,0,0,0,0,0,0,,,,,0,0,,,0,,0,attack,s02
35,77,0,0,0,0,0,0,0,0,0,0,0,0,,,,,0,0,,,0,,0,attack,s02
35,78,0,0,0,0,0,0,0,0,0,0,0,0,572.0,19.0,1.0,,0,0,,,0,,0,attack,s02
35,79,0,0,0,0,0,0,0,0,0,0,0,0,,,,,0,1,99.0,1.6499725004583257,0,,0,attack,s02
35,80,0,0,0,0,0,0,0,0,0,0,0,0,,,,,0,0,,,1,129.0,0,attack,s02
35,81,0,0,0,0,0,0,0,0,0,0,0,0,,,,,0,0,,,0,,0,attack,s02
35,82,0,0,0,0,0,0,0,0,0,0,0,0,,,,,0,0,,,0,,0,attack,s02
35,83,0,0,0,0,0,0,0,0,0,0,0,0,,,,,0,0,,,0,,0,attack,s02
35,84,0,0,0,0,0,0,0,0,0,0,0,0,569.0,19.0,1.0,,0,0,,,0,,0,attack,s02
35,85,0,0,0,0,0,0,0,0,0,0,0,0,,,,,0,1,99.0,1.6499725004583257,0,,0,attack,s02
35,86,1,0,0,0,0,0,0,0,0,0,0,0,,,,,0,0,,,1,105.0,0,attack,s02
35,87,0,0,0,0,0,0,0,0,0,0,0,0,,,,,0,0,,,0,,0,attack,s02
35,88,0,0,0,0,0,0,0,0,0,0,0,0,,,,,0,0,,,0,,0,attack,s02
35,89,0,0,0,0,0,0,0,0,0,0,0,0,,,,,0,0,,,0,,0,attack,s02
35,90,0,0,0,0,0,0,0,0,0,0,0,0,566.0,19.0,1.0,,0,0,,,0,,0,attack,s02
35,91,0,0,0,0,0,0,0,0,0,0,0,0,,,,,0,1,97.0,1.616639722671289,0,,0,attack,s02
35,92,0,0,0,0,0,0,0,0,0,0,0,0,,,,,0,0,,,1,114.0,0,attack,s02
35,93,0,0,0,0,0,0,0,0,0,0,0,0,,,,,0,0,,,0,,0,attack,s02
35,94,0,0,0,0,0,0,0,0,0,0,0,0,,,,,0,0,,,0,,0,attack,s02
35,95,0,0,0,0,0,0,0,0,0,0,0,0,,,,,0,0,,,0,,0,attack,s02
35,96,0,0,0,0,0,0,0,0,0,0,0,0,563.0,19.0,1.0,,0,0,,,0,,0,attack,s02
35,97,0,0,0,0,0,0,0,0,0,0,0,0,,,,,0,1,98.0,1.6333061115648073,0,,0,attack,s02
35,98,0,0,0,0,0,0,0,0,0,0,0,0,,,,,0,0,,,1,122.0,0,attack,s02
35,99,0,0,0,0,0,0,0,0,0,0,0,0,,,,,0,0,,,0,,0,attack,s02
35,100,0,0,0,0,0,0,0,0,0,0,0,0,,,,,0,0,,,0,,0,attack,s02
35,101,0,0,0,0,0,0,0,0,0,0,0,0,,,,,0,0,,,0,,0,attack,s02
35,102,0,0,0,0,0,0,0,0,0,0,0,0,561.0,19.0,1.0,,0,0,,,0,,0,attack,s02
35,103,0,0,0,0,0,0,0,0,0,0,0,0,,,,,0,1,99.0,1.6499725004583257,0,,0,attack,s02
35,104,0,0,0,0,0,0,0,0,0,0,0,0,,,,,0,0,,,1,92.0,0,attack,s02
35,105,0,1,0,0,0,0,0,0,0,0,1,0,,,,,0,0,,,0,,0,attack,s02
35,106,0,1,0,0,0,0,0,0,0,0,1,0,,,,,0,0,,,0,,0,attack,s02
35,107,0,0,0,0,0,0,0,0,0,0,0,0,,,,,0,0,,,0,,0,attack,s02
35,108,0,0,0,0,0,0,0,0,0,0,0,0,526.0,19.0,1.0,,0,0,,,0,,0,attack,s02
35,109,0,0,0,0,0,0,0,0,0,0,0,0,,,,,0,1,99.0,1.6499725004583257,0,,0,attack,s02
35,110,0,0,0,0,0,0,0,0,0,0,0,0,,,,,0,0,,,1,116.0,0,attack,s02
35,111,0,0,0,0,0,0,0,0,0,0,0,0,,,,,0,0,,,0,,0,attack,s02
35,112,0,0,0,0,0,0,0,0,0,0,0,0,,,,,0,0,,,0,,0,attack,s02
35,113,0,0,0,0,0,0,0,0,0,0,0,0,,,,,0,0,,,0,,0,attack,s02
35,114,0,0,0,0,0,0,0,0,0,0,0,0,524.0,20.0,1.0,,0,0,,,0,,0,attack,s02
35,115,0,0,0,0,0,0,0,0,0,0,0,0,,,,,0,1,99.0,1.6499725004583257,0,,0,attack,s02
35,116,0,0,0,0,0,0,0,0,0,0,0,0,,,,,0,0,,,1,91.0,0,attack,s02
35,117,0,0,0,0,0,0,0,0,0,0,0,0,,,,,0,0,,,0,,0,attack,s02
35,118,0,0,0,0,0,0,0,0,0,0,0,0,,,,,0,0,,,0,,0,attack,s02
35,119,0,0,0,0,0,0,0,0,0,0,0,0,,,,,0,0,,,0,,0,attack,s02
35,120,0,0,0,0,0,0,0,0,0,0,0,0,522.0,20.0,1.0,,0,0,,,0,,0,attack,s02
35,121,0,0,0,0,0,0,0,0,0,0,0,0,,,,,0,1,98.0,1.6333061115648073,0,,0,attack,s02
35,122,0,0,0,0,0,0,0,0,0,0,0,0,,,,,0,0,,,1,92.0,0,attack,s02
35,123,0,0,0,0,0,0,0,0,0,0,0,0,,,,,0,0,,,0,,0,attack,s02
35,124,0,0,0,0,0,0,0,0,0,0,0,0,,,,,0,0,,,0,,0,attack,s02
35,125,0,0,0,0,0,0,0,0,0,0,0,0,,,,,0,0,,,0,,0,attack,s02
35,126,0,0,0,0,0,0,0,0,0,0,0,0,521.0,20.0,1.0,,0,0,,,0,,0,attack,s02
35,127,0,0,0,0,0,0,0,0,0,0,0,0,,,,,0,1,98.0,1.6333061115648073,0,,0,attack,s02
35,128,0,0,0,0,0,0,0,0,0,0,0,0,,,,,0,0,,,1,98.0,0,attack,s02
35,129,0,0,0,0,0,0,0,0,0,0,0,0,,,,,0,0,,,0,,0,attack,s02
35,130,0,0,0,0,0,0,0,0,0,0,0,0,,,,,0,0,,,0,,0,attack,s02
35,131,0,0,0,0,0,0,0,0,0,0,0,0,,,,,0,0,,,0,,0,attack,s02
35,132,0,0,0,0,0,0,0,0,0,0,0,0,520.0,20.0,1.0,,0,0,,,0,,0,attack,s02
35,133,0,0,0,0,0,0,0,0,0,0,0,0,,,,,0,1,99.0,1.6499725004583257,0,,0,attack,s02
35,134,0,0,0,0,0,0,0,0,0,0,0,0,,,,,0,0,,,1,103.0,0,attack,s02
35,135,0,0,0,0,0,0,0,0,0,0,0,0,,,,,0,0,,,0,,0,attack,s02
35,136,0,0,0,0,0,0,0,0,0,0,0,0,,,,,0,0,,,0,,0,attack,s02
35,137,0,0,0,0,0,0,0,0,0,0,0,0,,,,,0,0,,,0,,0,attack,s02
35,138,0,0,0,0,0,0,0,0,0,0,0,0,519.0,20.0,1.0,,0,0,,,0,,0,attack,s02
35,139,0,0,0,0,0,0,0,0,0,0,0,0,,,,,0,1,98.0,1.6333061115648073,0,,0,attack,s02
35,140,0,0,0,0,0,0,0,0,0,0,0,0,,,,,0,0,,,1,120.0,0,attack,s02
35,141,0,1,0,0,0,0,0,0,0,0,1,0,,,,,0,0,,,0,,0,attack,s02
35,142,0,0,0,0,0,0,0,0,0,0,0,0,,,,,0,0,,,0,,0,attack,s02
35,143,0,0,0,0,0,0,0,0,0,0,0,0,,,,,0,0,,,0,,0,attack,s02
35,144,0,0,0,0,0,0,0,0,0,0,0,0,608.0,20.0,1.0,,0,0,,,0,,0,attack,s02
35,145,0,0,0,0,0,0,0,0,0,0,0,0,,,,,0,1,98.0,1.6333061115648073,0,,0,attack,s02
35,146,0,0,0,0,0,0,0,0,0,0,0,0,,,,,0,0,,,1,97.0,0,attack,s02
35,147,0,0,0,0,0,0,0,0,0,0,0,0,,,,,0,0,,,0,,0,attack,s02
35,148,0,0,0,0,0,0,0,0,0,0,0,0,,,,,0,0,,,0,,0,attack,s02
35,149,0,0,0,0,0,0,0,0,0,0,0,0,,,,,0,0,,,0,,0,attack,s02
35,150,0,0,0,0,0,0,0,0,0,0,0,0,607.0,20.0,1.0,,0,0,,,0,,0,attack,s02
35,151,0,0,0,0,0,0,0,0,0,0,0,0,,,,,0,1,98.0,1.6333061115648073,0,,0,attack,s02
35,152,0,0,0,0,0,0,0,0,0,0,0,0,,,,,0,0,,,1,99.0,0,attack,s02
35,153,0,0,0,0,0,0,0,0,0,0,0,0,,,,,0,0,,,0,,0,attack,s02
35,154,0,0,0,0,0,0,0,0,0,0,0,0,,,,,0,0,,,0,,0,attack,s02
35,155,0,0,0,0,0,0,0,0,0,0,0,0,,,,,0,0,,,0,,0,attack,s02
35,156,0,0,0,0,0,0,0,0,0,0,0,0,606.0,20.0,1.0,,0,0,,,0,,0,attack,s02
35,157,0,0,0,0,0,0,0,0,0,0,0,0,,,,,0,1,98.0,1.6332511263599732,0,,0,attack,s02
35,158,0,0,0,0,0,0,0,0,0,0,0,0,,,,,0,0,,,1,97.0,0,attack,s02
35,159,0,0,0,0,0,0,0,0,0,0,0,0,,,,,0,0,,,0,,0,attack,s02
35,160,0,0,0,0,0,0,0,0,0,0,0,0,,,,,0,0,,,0,,0,attack,s02
35,161,0,0,0,0,0,0,0,0,0,0,0,0,,,,,0,0,,,0,,0,attack,s02
35,162,0,0,0,0,0,0,0,0,0,0,0,0,605.0,20.0,1.0,,0,0,,,0,,0,attack,s02
35,163,0,0,0,0,0,0,0,0,0,0,0,0,,,,,0,1,99.0,1.6499730504401762,0,,0,attack,s02
35,164,0,2,0,0,0,0,0,0,0,0,1,0,,,,,0,0,,,1,123.0,0,attack,s02
35,165,0,0,0,0,0,0,0,0,0,0,0,0,,,,,0,0,,,0,,0,attack,s02
35,166,0,0,0,0,0,0,0,0,0,0,0,0,,,,,0,0,,,0,,0,attack,s02
35,167,0,0,0,0,0,0,0,0,0,0,0,0,,,,,0,0,,,0,,0,attack,s02
35,168,0,0,0,0,0,0,0,0,0,0,0,0,604.0,20.0,1.0,,0,0,,,0,,0,attack,s02
35,169,0,1,0,0,0,0,0,0,0,0,1,0,,,,,0,1,99.0,1.6499725004583257,0,,0,attack,s02
35,170,0,0,0,0,0,0,0,0,0,0,0,0,,,,,0,0,,,1,110.0,0,attack,s02
35,171,0,0,0,0,0,0,0,0,0,0,0,0,,,,,0,0,,,0,,0,attack,s02
35,172,0,0,0,0,0,0,0,0,0,0,0,0,,,,,0,0,,,0,,0,attack,s02
35,173,0,0,0,0,0,0,0,0,0,0,0,0,,,,,0,0,,,0,,0,attack,s02
35,174,0,0,0,0,0,0,0,0,0,0,0,0,603.0,20.0,1.0,,0,0,,,0,,0,attack,s02
35,175,0,0,0,0,0,0,0,0,0,0,0,0,,,,,0,1,99.0,1.6499725004583257,0,,0,attack,s02
35,176,0,0,0,0,0,0,0,0,0,0,0,0,,,,,0,0,,,1,112.0,0,attack,s02
35,177,0,0,0,0,0,0,0,0,0,0,0,0,,,,,0,0,,,0,,0,attack,s02
35,178,0,0,0,0,0,0,0,0,0,0,0,0,,,,,0,0,,,0,,0,attack,s02
35,179,0,0,0,0,0,0,0,0,0,0,0,0,,,,,0,0,,,0,,0,attack,s02
35,180,0,0,0,0,0,0,0,0,0,0,0,0,602.0,20.0,1.0,,0,0,,,0,,0,attack,s02
35,181,0,0,1,1,0,0,0,0,0,0,0,0,,,,,0,0,,,0,,0,attack,s02
36,0,0,0,0,0,0,0,0,0,0,0,0,0,,,,,0,0,,,0,,0,attack,s02
36,1,0,0,0,0,0,0,0,0,0,0,0,0,,,,,0,0,,,0,,0,attack,s02
36,2,0,0,0,0,0,0,0,0,0,0,0,0,,,,,0,0,,,0,,0,attack,s02
36,3,0,0,0,0,0,0,0,0,0,0,0,0,,,,,0,0,,,0,,0,attack,s02
36,4,2,3,1,1,1,0,0,1,0,0,1,0,571.0,0.0,2.0,,0,0,,,0,,0,attack,s02
36,5,2,2,0,0,0,0,0,0,0,0,1,0,,,,,0,0,,,0,,0,attack,s02
36,6,1,4,0,0,0,0,0,0,0,0,1,0,562.0,13.0,2.0,,0,1,0.0,,1,105.0,0,attack,s02
36,7,1,4,0,0,0,0,0,0,0,0,1,0,,,,,0,0,,,0,,0,attack,s02
36,8,0,1,0,0,0,0,0,0,0,0,1,0,,,,,0,0,,,0,,0,attack,s02
36,9,0,1,0,0,0,0,0,0,0,0,1,0,,,,,0,0,,,0,,0,attack,s02
36,10,1,3,0,0,0,0,0,0,0,0,1,0,,,,,0,0,,,0,,0,attack,s02
36,11,0,0,0,0,0,0,0,0,0,0,0,0,,,,,0,0,,,0,,0,attack,s02
36,12,0,0,0,0,0,0,0,0,0,0,0,0,538.0,16.0,4.0,,0,1,99.0,1.6499725004583257,1,107.0,0,attack,s02
36,13,0,0,0,0,0,0,0,0,0,0,0,0,,,,,0,0,,,0,,0,attack,s02
36,14,0,0,0,0,0,0,0,0,0,0,0,0,,,,,0,0,,,0,,0,attack,s02
36,15,0,2,0,0,0,0,0,0,0,0,1,0,,,,,0,0,,,0,,0,attack,s02
36,16,1,0,0,0,0,0,0,0,0,0,0,0,,,,,0,0,,,0,,0,attack,s02
36,17,1,0,0,0,0,0,0,0,0,0,0,0,,,,,0,0,,,0,,0,attack,s02
36,18,0,0,0,0,0,0,0,0,0,0,0,0,544.0,17.0,4.0,,0,1,98.0,1.6333061115648073,1,96.0,0,attack,s02
36,19,0,0,0,0,0,0,0,0,0,0,0,0,,,,,0,0,,,0,,0,attack,s02
36,20,0,0,0,0,0,0,0,0,0,0,0,0,,,,,0,0,,,0,,0,attack,s02
36,21,0,0,0,0,0,0,0,0,0,0,0,0,,,,,0,0,,,0,,0,attack,s02
36,22,0,0,0,0,0,0,0,0,0,0,0,0,,,,,0,0,,,0,,0,attack,s02
36,23,0,0,0,0,0,0,0,0,0,0,0,0,,,,,0,0,,,0,,0,attack,s02
36,24,2,0,0,0,0,0,0,0,0,0,0,0,535.0,17.0,4.0,,0,1,98.0,1.6333061115648073,1,123.0,0,attack,s02
36,25,0,0,0,0,0,0,0,0,0,0,0,0,,,,,0,0,,,0,,0,attack,s02
36,26,0,0,0,0,0,0,0,0,0,0,0,0,,,,,0,0,,,0,,0,attack,s02
36,27,0,1,0,0,0,0,0,0,0,0,1,0,,,,,0,0,,,0,,0,attack,s02
36,28,1,2,0,0,0,0,0,0,0,0,1,0,,,,,0,0,,,0,,0,attack,s02
36,29,0,0,0,0,0,0,0,0,0,0,0,0,,,,,0,0,,,0,,0,attack,s02
36,30,0,2,0,0,0,0,0,0,0,0,1,0,526.0,17.0,4.0,,0,1,99.0,1.6499725004583257,1,90.0,0,attack,s02
36,31,0,0,0,0,0,0,0,0,0,0,0,0,,,,,0,0,,,0,,0,attack,s02
36,32,0,0,0,0,0,0,0,0,0,0,0,0,,,,,0,0,,,0,,0,attack,s02
36,33,0,0,0,0,0,0,0,0,0,0,0,0,,,,,0,0,,,0,,0,attack,s02
36,34,1,0,0,0,0,0,0,0,0,0,0,0,,,,,0,0,,,0,,0,attack,s02
36,35,0,0,0,0,0,0,0,0,0,0,0,0,,,,,0,0,,,0,,0,attack,s02
36,36,0,0,0,0,0,0,0,0,0,0,0,0,555.0,18.0,4.0,,0,1,99.0,1.6499725004583257,1,123.0,0,attack,s02
36,37,0,0,0,0,0,0,0,0,0,0,0,0,,,,,0,0,,,0,,0,attack,s02
36,38,0,0,0,0,0,0,0,0,0,0,0,0,,,,,0,0,,,0,,0,attack,s02
36,39,0,1,0,0,0,0,0,0,0,0,1,0,,,,,0,0,,,0,,0,attack,s02
36,40,0,0,0,0,0,0,0,0,0,0,0,0,,,,,0,0,,,0,,0,attack,s02
36,41,0,0,0,0,0,0,0,0,0,0,0,0,,,,,0,0,,,0,,0,attack,s02
36,42,0,0,0,0,0,0,0,0,0,0,0,0,548.0,18.0,4.0,,0,1,98.0,1.6333061115648073,1,114.0,0,attack,s02
36,43,0,0,0,0,0,0,0,0,0,0,0,0,,,,,0,0,,,0,,0,attack,s02
36,44,1,0,0,0,0,0,0,0,0,0,0,0,,,,,0,0,,,0,,0,attack,s02
36,45,0,1,0,0,0,0,0,0,0,0,1,0,,,,,0,0,,,0,,0,attack,s02
36,46,0,0,0,0,0,0,0,0,0,0,0,0,,,,,0,0,,,0,,0,attack,s02
36,47,0,0,0,0,0,0,0,0,0,0,0,0,,,,,0,0,,,0,,0,attack,s02
36,48,0,1,0,0,0,0,0,0,0,0,1,0,466.0,18.0,4.0,,0,1,99.0,1.6499725004583257,1,108.0,0,attack,s02
36,49,0,1,0,0,0,0,0,0,0,0,1,0,,,,,0,0,,,0,,0,attack,s02
36,50,0,1,0,0,0,0,0,0,0,0,1,0,,,,,0,0,,,0,,0,attack,s02
36,51,0,0,0,0,0,0,0,0,0,0,0,0,,,,,0,0,,,0,,0,attack,s02
36,52,0,0,0,0,0,0,0,0,0,0,0,0,,,,,0,0,,,0,,0,attack,s02
36,53,0,0,0,0,0,0,0,0,0,0,0,0,,,,,0,0,,,0,,0,attack,s02
36,54,0,1,0,0,0,0,0,0,0,0,1,0,460.0,18.0,4.0,,0,1,99.0,1.6499725004583257,1,90.0,0,attack,s02
36,55,1,0,0,0,0,0,0,0,0,0,0,0,,,,,0,0,,,0,,0,attack,s02
36,56,1,0,0,0,0,0,0,0,0,0,0,0,,,,,0,0,,,0,,0,attack,s02
36,57,0,0,0,0,0,0,0,0,0,0,0,0,,,,,0,0,,,0,,0,attack,s02
36,58,0,0,0,0,0,0,0,0,0,0,0,0,,,,,0,0,,,0,,0,attack,s02
36,59,0,0,0,0,0,0,0,0,0,0,0,0,,,,,0,0,,,0,,0,attack,s02
36,60,0,0,0,0,0,0,0,0,0,0,0,0,455.0,19.0,4.0,,0,1,98.0,1.6333061115648073,1,105.0,0,attack,s02
36,61,0,0,0,0,0,0,0,0,0,0,0,0,,,,,0,0,,,0,,0,attack,s02
36,62,1,0,0,0,0,0,0,0,0,0,0,0,,,,,0,0,,,0,,0,attack,s02
36,63,0,0,0,0,0,0,0,0,0,0,0,0,,,,,0,0,,,0,,0,attack,s02
36,64,0,0,0,0,0,0,0,0,0,0,0,0,,,,,0,0,,,0,,0,attack,s02
36,65,0,0,0,0,0,0,0,0,0,0,0,0,,,,,0,0,,,0,,0,attack,s02
36,66,0,0,0,0,0,0,0,0,0,0,0,0,451.0,19.0,4.0,,0,1,98.0,1.6333061115648073,1,102.0,0,attack,s02
36,67,1,1,0,0,0,0,0,0,0,0,1,0,,,,,0,0,,,0,,0,attack,s02
36,68,0,0,0,0,0,0,0,0,0,0,0,0,,,,,0,0,,,0,,0,attack,s02
36,69,0,0,0,0,0,0,0,0,0,0,0,0,,,,,0,0,,,0,,0,attack,s02
36,70,0,0,0,0,0,0,0,0,0,0,0,0,,,,,0,0,,,0,,0,attack,s02
36,71,0,0,0,0,0,0,0,0,0,0,0,0,,,,,0,0,,,0,,0,attack,s02
36,72,0,0,0,0,0,0,0,0,0,0,0,0,447.0,19.0,4.0,,0,1,98.0,1.6333061115648073,1,94.0,0,attack,s02
36,73,0,0,0,0,0,0,0,0,0,0,0,0,,,,,0,0,,,0,,0,attack,s02
36,74,0,0,0,0,0,0,0,0,0,0,0,0,,,,,0,0,,,0,,0,attack,s02
36,75,0,1,0,0,0,0,0,0,0,0,1,0,,,,,0,0,,,0,,0,attack,s02
36,76,1,0,0,0,0,0,0,0,0,0,0,0,,,,,0,0,,,0,,0,attack,s02
36,77,0,0,0,0,0,0,0,0,0,0,0,0,,,,,0,0,,,0,,0,attack,s02
36,78,0,0,0,0,0,0,0,0,0,0,0,0,443.0,19.0,4.0,,0,1,98.0,1.6333061115648073,1,90.0,0,attack,s02
36,79,0,0,0,0,0,0,0,0,0,0,0,0,,,,,0,0,,,0,,0,attack,s02
36,80,0,0,0,0,0,0,0,0,0,0,0,0,,,,,0,0,,,0,,0,attack,s02
36,81,0,0,0,0,0,0,0,0,0,0,0,0,,,,,0,0,,,0,,0,attack,s02
36,82,0,0,0,0,0,0,0,0,0,0,0,0,,,,,0,0,,,0,,0,attack,s02
36,83,0,0,0,0,0,0,0,0,0,0,0,0,,,,,0,0,,,0,,0,attack,s02
36,84,0,0,0,0,0,0,0,0,0,0,0,0,440.0,19.0,4.0,,0,1,98.0,1.6333061115648073,1,114.0,0,attack,s02
36,85,0,0,0,0,0,0,0,0,0,0,0,0,,,,,0,0,,,0,,0,attack,s02
36,86,1,1,0,0,0,0,0,0,0,0,1,0,,,,,0,0,,,0,,0,attack,s02
36,87,0,0,0,0,0,0,0,0,0,0,0,0,,,,,0,0,,,0,,0,attack,s02
36,88,0,0,0,0,0,0,0,0,0,0,0,0,,,,,0,0,,,0,,0,attack,s02
36,89,0,0,0,0,0,0,0,0,0,0,0,0,,,,,0,0,,,0,,0,attack,s02
36,90,0,1,0,0,0,0,0,0,0,0,1,0,437.0,19.0,4.0,,0,1,99.0,1.6499725004583257,1,110.0,0,attack,s02
36,91,0,0,0,0,0,0,0,0,0,0,0,0,,,,,0,0,,,0,,0,attack,s02
36,92,0,0,0,0,0,0,0,0,0,0,0,0,,,,,0,0,,,0,,0,attack,s02
36,93,0,0,0,0,0,0,0,0,0,0,0,0,,,,,0,0,,,0,,0,attack,s02
36,94,0,0,0,0,0,0,0,0,0,0,0,0,,,,,0,0,,,0,,0,attack,s02
36,95,0,0,0,0,0,0,0,0,0,0,0,0,,,,,0,0,,,0,,0,attack,s02
36,96,1,0,0,0,0,0,0,0,0,0,0,0,434.0,19.0,4.0,,0,1,98.0,1.6333061115648073,1,126.0,0,attack,s02
36,97,0,0,0,0,0,0,0,0,0,0,0,0,,,,,0,0,,,0,,0,attack,s02
36,98,0,0,0,0,0,0,0,0,0,0,0,0,,,,,0,0,,,0,,0,attack,s02
36,99,0,0,0,0,0,0,0,0,0,0,0,0,,,,,0,0,,,0,,0,attack,s02
36,100,0,0,0,0,0,0,0,0,0,0,0,0,,,,,0,0,,,0,,0,attack,s02
36,101,0,0,0,0,0,0,0,0,0,0,0,0,,,,,0,0,,,0,,0,attack,s02
36,102,0,1,0,0,0,0,0,0,0,0,1,0,432.0,19.0,4.0,,0,1,99.0,1.6499725004583257,1,90.0,0,attack,s02
36,103,0,0,0,0,0,0,0,0,0,0,0,0,,,,,0,0,,,0,,0,attack,s02
36,104,0,0,0,0,0,0,0,0,0,0,0,0,,,,,0,0,,,0,,0,attack,s02
36,105,1,0,0,0,0,0,0,0,0,0,0,0,,,,,0,0,,,0,,0,attack,s02
36,106,1,0,0,0,0,0,0,0,0,0,0,0,,,,,0,0,,,0,,0,attack,s02
36,107,0,0,0,0,0,0,0,0,0,0,0,0,,,,,0,0,,,0,,0,attack,s02
36,108,0,0,0,0,0,0,0,0,0,0,0,0,430.0,19.0,4.0,,0,1,99.0,1.6499725004583257,1,96.0,0,attack,s02
36,109,0,1,0,0,0,0,0,0,0,0,1,0,,,,,0,0,,,0,,0,attack,s02
36,110,0,0,0,0,0,0,0,0,0,0,0,0,,,,,0,0,,,0,,0,attack,s02
36,111,0,0,0,0,0,0,0,0,0,0,0,0,,,,,0,0,,,0,,0,attack,s02
36,112,1,0,0,0,0,0,0,0,0,0,0,0,,,,,0,0,,,0,,0,attack,s02
36,113,0,0,0,0,0,0,0,0,0,0,0,0,,,,,0,0,,,0,,0,attack,s02
36,114,0,0,0,0,0,0,0,0,0,0,0,0,428.0,20.0,4.0,,0,1,99.0,1.6499725004583257,1,128.0,0,attack,s02
36,115,0,0,0,0,0,0,0,0,0,0,0,0,,,,,0,0,,,0,,0,attack,s02
36,116,0,0,0,0,0,0,0,0,0,0,0,0,,,,,0,0,,,0,,0,attack,s02
36,117,0,1,0,0,0,0,0,0,0,0,1,0,,,,,0,0,,,0,,0,attack,s02
36,118,0,0,0,0,0,0,0,0,0,0,0,0,,,,,0,0,,,0,,0,attack,s02
36,119,1,0,0,0,0,0,0,0,0,0,0,0,,,,,0,0,,,0,,0,attack,s02
36,120,0,0,0,0,0,0,0,0,0,0,0,0,426.0,20.0,4.0,,0,1,98.0,1.6333061115648073,1,99.0,0,attack,s02
36,121,0,1,0,0,0,0,0,0,0,0,1,0,,,,,0,0,,,0,,0,attack,s02
36,122,0,0,0,0,0,0,0,0,0,0,0,0,,,,,0,0,,,0,,0,attack,s02
36,123,0,0,0,0,0,0,0,0,0,0,0,0,,,,,0,0,,,0,,0,attack,s02
36,124,0,0,0,0,0,0,0,0,0,0,0,0,,,,,0,0,,,0,,0,attack,s02
36,125,0,0,0,0,0,0,0,0,0,0,0,0,,,,,0,0,,,0,,0,attack,s02
36,126,0,0,0,0,0,0,0,0,0,0,0,0,466.0,20.0,4.0,,0,1,99.0,1.6499725004583257,1,113.0,0,attack,s02
36,127,0,0,0,0,0,0,0,0,0,0,0,0,,,,,0,0,,,0,,0,attack,s02
36,128,0,0,0,0,0,0,0,0,0,0,0,0,,,,,0,0,,,0,,0,attack,s02
36,129,0,0,0,0,0,0,0,0,0,0,0,0,,,,,0,0,,,0,,0,attack,s02
36,130,1,0,0,0,0,0,0,0,0,0,0,0,,,,,0,0,,,0,,0,attack,s02
36,131,0,0,0,0,0,0,0,0,0,0,0,0,,,,,0,0,,,0,,0,attack,s02
36,132,0,0,0,0,0,0,0,0,0,0,0,0,465.0,20.0,4.0,,0,1,98.0,1.6333061115648073,1,93.0,0,attack,s02
36,133,0,0,0,0,0,0,0,0,0,0,0,0,,,,,0,0,,,0,,0,attack,s02
36,134,0,0,0,0,0,0,0,0,0,0,0,0,,,,,0,0,,,0,,0,attack,s02
36,135,1,0,0,0,0,0,0,0,0,0,0,0,,,,,0,0,,,0,,0,attack,s02
36,136,0,0,0,0,0,0,0,0,0,0,0,0,,,,,0,0,,,0,,0,attack,s02
36,137,0,0,0,0,0,0,0,0,0,0,0,0,,,,,0,0,,,0,,0,attack,s02
36,138,0,0,0,0,0,0,0,0,0,0,0,0,464.0,20.0,4.0,,0,1,99.0,1.6499725004583257,1,125.0,0,attack,s02
36,139,0,0,0,0,0,0,0,0,0,0,0,0,,,,,0,0,,,0,,0,attack,s02
36,140,0,0,0,0,0,0,0,0,0,0,0,0,,,,,0,0,,,0,,0,attack,s02
36,141,0,0,0,0,0,0,0,0,0,0,0,0,,,,,0,0,,,0,,0,attack,s02
36,142,1,0,0,0,0,0,0,0,0,0,0,0,,,,,0,0,,,0,,0,attack,s02
36,143,0,0,0,0,0,0,0,0,0,0,0,0,,,,,0,0,,,0,,0,attack,s02
36,144,0,0,0,0,0,0,0,0,0,0,0,0,463.0,20.0,4.0,,0,1,99.0,1.6499725004583257,1,107.0,0,attack,s02
36,145,0,0,0,0,0,0,0,0,0,0,0,0,,,,,0,0,,,0,,0,attack,s02
36,146,0,0,0,0,0,0,0,0,0,0,0,0,,,,,0,0,,,0,,0,attack,s02
36,147,1,0,0,0,0,0,0,0,0,0,0,0,,,,,0,0,,,0,,0,attack,s02
36,148,0,0,0,0,0,0,0,0,0,0,0,0,,,,,0,0,,,0,,0,attack,s02
36,149,0,0,0,0,0,0,0,0,0,0,0,0,,,,,0,0,,,0,,0,attack,s02
36,150,0,0,0,0,0,0,0,0,0,0,0,0,462.0,20.0,4.0,,0,1,98.0,1.6333061115648073,1,115.0,0,attack,s02
36,151,0,0,0,0,0,0,0,0,0,0,0,0,,,,,0,0,,,0,,0,attack,s02
36,152,0,0,0,0,0,0,0,0,0,0,0,0,,,,,0,0,,,0,,0,attack,s02
36,153,0,0,0,0,0,0,0,0,0,0,0,0,,,,,0,0,,,0,,0,attack,s02
36,154,0,0,0,0,0,0,0,0,0,0,0,0,,,,,0,0,,,0,,0,attack,s02
36,155,1,0,0,0,0,0,0,0,0,0,0,0,,,,,0,0,,,0,,0,attack,s02
36,156,0,0,0,0,0,0,0,0,0,0,0,0,461.0,20.0,4.0,,0,1,99.0,1.6499725004583257,1,125.0,0,attack,s02
36,157,0,0,0,0,0,0,0,0,0,0,0,0,,,,,0,0,,,0,,0,attack,s02
36,158,0,0,0,0,0,0,0,0,0,0,0,0,,,,,0,0,,,0,,0,attack,s02
36,159,0,0,0,0,0,0,0,0,0,0,0,0,,,,,0,0,,,0,,0,attack,s02
36,160,0,0,0,0,0,0,0,0,0,0,0,0,,,,,0,0,,,0,,0,attack,s02
36,161,0,0,0,0,0,0,0,0,0,0,0,0,,,,,0,0,,,0,,0,attack,s02
36,162,0,0,0,0,0,0,0,0,0,0,0,0,460.0,20.0,4.0,,0,1,98.0,1.6333061115648073,1,122.0,0,attack,s02
36,163,0,0,0,0,0,0,0,0,0,0,0,0,,,,,0,0,,,0,,0,attack,s02
36,164,0,1,0,0,0,0,0,0,0,0,1,0,,,,,0,0,,,0,,0,attack,s02
36,165,1,0,0,0,0,0,0,0,0,0,0,0,,,,,0,0,,,0,,0,attack,s02
36,166,0,0,0,0,0,0,0,0,0,0,0,0,,,,,0,0,,,0,,0,attack,s02
36,167,0,0,0,0,0,0,0,0,0,0,0,0,,,,,0,0,,,0,,0,attack,s02
36,168,0,1,0,0,0,0,0,0,0,0,1,0,459.0,20.0,4.0,,0,1,99.0,1.6499725004583257,1,121.0,0,attack,s02
36,169,0,0,0,0,0,0,0,0,0,0,0,0,,,,,0,0,,,0,,0,attack,s02
36,170,1,0,0,0,0,0,0,0,0,0,0,0,,,,,0,0,,,0,,0,attack,s02
36,171,0,0,0,0,0,0,0,0,0,0,0,0,,,,,0,0,,,0,,0,attack,s02
36,172,0,0,0,0,0,0,0,0,0,0,0,0,,,,,0,0,,,0,,0,attack,s02
36,173,0,0,0,0,0,0,0,0,0,0,0,0,,,,,0,0,,,0,,0,attack,s02
36,174,0,1,0,0,0,0,0,0,0,0,1,0,413.0,20.0,4.0,,0,1,99.0,1.6499725004583257,1,104.0,0,attack,s02
36,175,0,1,0,0,0,0,0,0,0,0,1,0,,,,,0,0,,,0,,0,attack,s02
36,176,0,0,0,0,0,0,0,0,0,0,0,0,,,,,0,0,,,0,,0,attack,s02
36,177,0,1,0,0,0,0,0,0,0,0,1,0,,,,,0,0,,,0,,0,attack,s02
36,178,1,0,1,1,0,0,0,0,0,0,0,0,,,,,0,0,,,0,,0,attack,s02
36,179,1,0,0,0,0,0,0,0,0,0,0,0,,,,,0,0,,,0,,0,attack,s02
36,180,0,0,0,0,0,0,0,0,0,0,0,0,399.0,20.0,4.0,,0,1,98.0,1.6333061115648073,1,100.0,0,attack,s02
36,181,0,0,0,0,0,0,0,0,0,0,0,0,,,,,0,0,,,0,,0,attack,s02
37,0,0,0,0,0,0,0,0,0,0,0,0,0,,,,,0,0,,,0,,0,attack,s02
37,1,0,0,0,0,0,0,0,0,0,0,0,0,,,,,0,0,,,0,,0,attack,s02
37,2,4,2,0,0,0,0,0,1,0,0,1,0,551.0,0.0,1.0,,0,0,,,0,,0,attack,s02
37,3,1,6,1,1,0,0,0,0,0,0,1,6,,,,,0,0,,,0,,0,attack,s02
37,4,2,9,0,0,0,0,0,0,0,0,1,7,,,,,0,0,,,0,,0,attack,s02
37,5,0,4,0,0,0,0,0,0,0,0,1,0,,,,,0,0,,,0,,0,attack,s02
37,6,1,2,0,0,0,0,0,0,0,0,1,0,512.0,14.0,5.0,,0,0,,,0,,0,attack,s02
37,7,0,2,0,0,0,0,0,0,0,0,1,0,,,,,0,0,,,0,,0,attack,s02
37,8,1,0,0,0,0,0,0,0,0,0,0,0,,,,,0,1,0.0,,1,116.0,0,attack,s02
37,9,1,1,0,0,0,0,0,0,0,0,1,0,,,,,0,0,,,0,,0,attack,s02
37,10,0,2,0,0,0,0,0,0,0,0,1,0,,,,,0,0,,,0,,0,attack,s02
37,11,0,1,0,0,0,0,0,0,0,0,1,0,,,,,0,0,,,0,,0,attack,s02
37,12,0,0,0,0,0,0,0,0,0,0,0,0,453.0,16.0,5.0,,0,0,,,0,,0,attack,s02
37,13,0,0,0,0,0,0,0,0,0,0,0,0,,,,,0,0,,,0,,0,attack,s02
37,14,1,3,0,0,0,0,0,0,0,0,1,0,,,,,0,1,99.0,1.6499725004583257,1,117.0,0,attack,s02
37,15,0,2,0,0,0,0,0,0,0,0,1,0,,,,,0,0,,,0,,0,attack,s02
37,16,0,2,0,0,0,0,0,0,0,0,1,0,,,,,0,0,,,0,,0,attack,s02
37,17,0,0,0,0,0,0,0,0,0,0,0,0,,,,,0,0,,,0,,0,attack,s02
37,18,1,1,0,0,0,0,0,0,0,0,1,0,417.0,17.0,5.0,,0,0,,,0,,0,attack,s02
37,19,0,1,0,0,0,0,0,0,0,0,1,0,,,,,0,0,,,0,,0,attack,s02
37,20,0,1,0,0,0,0,0,0,0,0,1,0,,,,,0,1,100.0,1.6666388893518442,1,99.0,0,attack,s02
37,21,0,1,0,0,0,0,0,0,0,0,1,0,,,,,0,0,,,0,,0,attack,s02
37,22,0,0,0,0,0,0,0,0,0,0,0,0,,,,,0,0,,,0,,0,attack,s02
37,23,0,0,0,0,0,0,0,0,0,0,0,0,,,,,0,0,,,0,,0,attack,s02
37,24,0,1,0,0,0,0,0,0,0,0,1,0,391.0,17.0,5.0,,0,0,,,0,,0,attack,s02
37,25,1,1,0,0,0,0,0,0,0,0,1,0,,,,,0,0,,,0,,0,attack,s02
37,26,0,0,0,0,0,0,0,0,0,0,0,0,,,,,0,1,100.0,1.6666388893518442,1,112.0,0,attack,s02
37,27,1,2,0,0,0,0,0,0,0,0,1,0,,,,,0,0,,,0,,0,attack,s02
37,28,0,0,0,0,0,0,0,0,0,0,0,0,,,,,0,0,,,0,,0,attack,s02
37,29,0,0,0,0,0,0,0,0,0,0,0,0,,,,,0,0,,,0,,0,attack,s02
37,30,0,2,0,0,0,0,0,0,0,0,1,0,388.0,18.0,5.0,,0,0,,,0,,0,attack,s02
37,31,0,0,0,0,0,0,0,0,0,0,0,0,,,,,0,0,,,0,,0,attack,s02
37,32,1,0,0,0,0,0,0,0,0,0,0,0,,,,,0,1,100.0,1.6666388893518442,1,100.0,0,attack,s02
37,33,0,0,0,0,0,0,0,0,0,0,0,0,,,,,0,0,,,0,,0,attack,s02
37,34,0,0,0,0,0,0,0,0,0,0,0,0,,,,,0,0,,,0,,0,attack,s02
37,35,0,0,0,0,0,0,0,0,0,0,0,0,,,,,0,0,,,0,,0,attack,s02
37,36,0,0,0,0,0,0,0,0,0,0,0,0,384.0,18.0,5.0,,0,0,,,0,,0,attack,s02
37,37,0,0,0,0,0,0,0,0,0,0,0,0,,,,,0,0,,,0,,0,attack,s02
37,38,0,0,0,0,0,0,0,0,0,0,0,0,,,,,0,1,100.0,1.6666388893518442,1,126.0,0,attack,s02
37,39,0,1,0,0,0,0,0,0,0,0,1,0,,,,,0,0,,,0,,0,attack,s02
37,40,0,0,0,0,0,0,0,0,0,0,0,0,,,,,0,0,,,0,,0,attack,s02
37,41,1,0,0,0,0,0,0,0,0,0,0,0,,,,,0,0,,,0,,0,attack,s02
37,42,0,0,0,0,0,0,0,0,0,0,0,0,384.0,18.0,5.0,,0,0,,,0,,0,attack,s02
37,43,1,0,0,0,0,0,0,0,0,0,0,0,,,,,0,0,,,0,,0,attack,s02
37,44,0,0,0,0,0,0,0,0,0,0,0,0,,,,,0,1,100.0,1.6666388893518442,1,98.0,0,attack,s02
37,45,0,0,0,0,0,0,0,0,0,0,0,0,,,,,0,0,,,0,,0,attack,s02
37,46,0,0,0,0,0,0,0,0,0,0,0,0,,,,,0,0,,,0,,0,attack,s02
37,47,0,1,0,0,0,0,0,0,0,0,1,0,,,,,0,0,,,0,,0,attack,s02
37,48,0,0,0,0,0,0,0,0,0,0,0,0,384.0,18.0,5.0,,0,0,,,0,,0,attack,s02
37,49,0,0,0,0,0,0,0,0,0,0,0,0,,,,,0,0,,,0,,0,attack,s02
37,50,1,0,0,0,0,0,0,0,0,0,0,0,,,,,0,1,99.0,1.6499725004583257,1,98.0,0,attack,s02
37,51,0,1,0,0,0,0,0,0,0,0,1,0,,,,,0,0,,,0,,0,attack,s02
37,52,0,2,0,0,0,0,0,0,0,0,1,0,,,,,0,0,,,0,,0,attack,s02
37,53,0,0,0,0,0,0,0,0,0,0,0,0,,,,,0,0,,,0,,0,attack,s02
37,54,0,0,0,0,0,0,0,0,0,0,0,0,384.0,18.0,5.0,,0,0,,,0,,0,attack,s02
37,55,0,0,0,0,0,0,0,0,0,0,0,0,,,,,0,0,,,0,,0,attack,s02
37,56,0,0,0,0,0,0,0,0,0,0,0,0,,,,,0,1,100.0,1.6666388893518442,1,101.0,0,attack,s02
37,57,0,0,0,0,0,0,0,0,0,0,0,0,,,,,0,0,,,0,,0,attack,s02
37,58,0,0,0,0,0,0,0,0,0,0,0,0,,,,,0,0,,,0,,0,attack,s02
37,59,1,0,0,0,0,0,0,0,0,0,0,0,,,,,0,0,,,0,,0,attack,s02
37,60,0,0,0,0,0,0,0,0,0,0,0,0,384.0,19.0,5.0,,0,0,,,0,,0,attack,s02
37,61,0,1,0,0,0,0,0,0,0,0,1,0,,,,,0,0,,,0,,0,attack,s02
37,62,0,0,0,0,0,0,0,0,0,0,0,0,,,,,0,1,98.0,1.6333061115648073,1,100.0,0,attack,s02
37,63,0,0,0,0,0,0,0,0,0,0,0,0,,,,,0,0,,,0,,0,attack,s02
37,64,0,0,0,0,0,0,0,0,0,0,0,0,,,,,0,0,,,0,,0,attack,s02
37,65,1,0,0,0,0,0,0,0,0,0,0,0,,,,,0,0,,,0,,0,attack,s02
37,66,0,0,0,0,0,0,0,0,0,0,0,0,384.0,19.0,5.0,,0,0,,,0,,0,attack,s02
37,67,0,0,0,0,0,0,0,0,0,0,0,0,,,,,0,0,,,0,,0,attack,s02
37,68,0,0,0,0,0,0,0,0,0,0,0,0,,,,,0,1,100.0,1.6666388893518442,1,120.0,0,attack,s02
37,69,0,0,0,0,0,0,0,0,0,0,0,0,,,,,0,0,,,0,,0,attack,s02
37,70,0,1,0,0,0,0,0,0,0,0,1,0,,,,,0,0,,,0,,0,attack,s02
37,71,1,0,0,0,0,0,0,0,0,0,0,0,,,,,0,0,,,0,,0,attack,s02
37,72,0,0,0,0,0,0,0,0,0,0,0,0,384.0,19.0,5.0,,0,0,,,0,,0,attack,s02
37,73,0,0,0,0,0,0,0,0,0,0,0,0,,,,,0,0,,,0,,0,attack,s02
37,74,0,0,0,0,0,0,0,0,0,0,0,0,,,,,0,1,99.0,1.6499725004583257,1,122.0,0,attack,s02
37,75,0,0,0,0,0,0,0,0,0,0,0,0,,,,,0,0,,,0,,0,attack,s02
37,76,0,0,0,0,0,0,0,0,0,0,0,0,,,,,0,0,,,0,,0,attack,s02
37,77,0,0,0,0,0,0,0,0,0,0,0,0,,,,,0,0,,,0,,0,attack,s02
37,78,1,0,0,0,0,0,0,0,0,0,0,0,384.0,19.0,5.0,,0,0,,,0,,0,attack,s02
37,79,0,0,0,0,0,0,0,0,0,0,0,0,,,,,0,0,,,0,,0,attack,s02
37,80,0,0,0,0,0,0,0,0,0,0,0,0,,,,,0,1,100.0,1.6666388893518442,1,95.0,0,attack,s02
37,81,0,0,0,0,0,0,0,0,0,0,0,0,,,,,0,0,,,0,,0,attack,s02
37,82,0,0,0,0,0,0,0,0,0,0,0,0,,,,,0,0,,,0,,0,attack,s02
37,83,0,1,0,0,0,0,0,0,0,0,1,0,,,,,0,0,,,0,,0,attack,s02
37,84,0,0,0,0,0,0,0,0,0,0,0,0,384.0,19.0,5.0,,0,0,,,0,,0,attack,s02
37,85,1,0,0,0,0,0,0,0,0,0,0,0,,,,,0,0,,,0,,0,attack,s02
37,86,0,1,0,0,0,0,0,0,0,0,1,0,,,,,0,1,99.0,1.6499725004583257,1,124.0,0,attack,s02
37,87,0,1,0,0,0,0,0,0,0,0,1,0,,,,,0,0,,,0,,0,attack,s02
37,88,0,2,0,0,0,0,0,0,0,0,1,0,,,,,0,0,,,0,,0,attack,s02
37,89,0,0,0,0,0,0,0,0,0,0,0,0,,,,,0,0,,,0,,0,attack,s02
37,90,1,0,0,0,0,0,0,0,0,0,0,0,384.0,19.0,5.0,,0,0,,,0,,0,attack,s02
37,91,1,1,0,0,0,0,0,0,0,0,1,0,,,,,0,0,,,0,,0,attack,s02
37,92,0,0,0,0,0,0,0,0,0,0,0,0,,,,,0,1,100.0,1.6666388893518442,1,109.0,0,attack,s02
37,93,0,0,0,0,0,0,0,0,0,0,0,0,,,,,0,0,,,0,,0,attack,s02
37,94,0,0,0,0,0,0,0,0,0,0,0,0,,,,,0,0,,,0,,0,attack,s02
37,95,0,0,0,0,0,0,0,0,0,0,0,0,,,,,0,0,,,0,,0,attack,s02
37,96,0,0,0,0,0,0,0,0,0,0,0,0,384.0,19.0,5.0,,0,0,,,0,,0,attack,s02
37,97,0,1,0,0,0,0,0,0,0,0,1,0,,,,,0,0,,,0,,0,attack,s02
37,98,1,0,0,0,0,0,0,0,0,0,0,0,,,,,0,1,99.0,1.6499725004583257,1,97.0,0,attack,s02
37,99,0,0,0,0,0,0,0,0,0,0,0,0,,,,,0,0,,,0,,0,attack,s02
37,100,0,0,0,0,0,0,0,0,0,0,0,0,,,,,0,0,,,0,,0,attack,s02
37,101,0,0,0,0,0,0,0,0,0,0,0,0,,,,,0,0,,,0,,0,attack,s02
37,102,0,0,0,0,0,0,0,0,0,0,0,0,384.0,19.0,5.0,,0,0,,,0,,0,attack,s02
37,103,0,0,0,0,0,0,0,0,0,0,0,0,,,,,0,0,,,0,,0,attack,s02
37,104,1,0,0,0,0,0,0,0,0,0,0,0,,,,,0,1,99.0,1.6499725004583257,1,109.0,0,attack,s02
37,105,0,0,0,0,0,0,0,0,0,0,0,0,,,,,0,0,,,0,,0,attack,s02
37,106,0,0,0,0,0,0,0,0,0,0,0,0,,,,,0,0,,,0,,0,attack,s02
37,107,0,0,0,0,0,0,0,0,0,0,0,0,,,,,0,0,,,0,,0,attack,s02
37,108,0,0,0,0,0,0,0,0,0,0,0,0,384.0,19.0,5.0,,0,0,,,0,,0,attack,s02
37,109,0,2,0,0,0,0,0,0,0,0,1,0,,,,,0,0,,,0,,0,attack,s02
37,110,0,0,0,0,0,0,0,0,0,0,0,0,,,,,0,1,99.0,1.6499725004583257,1,90.0,0,attack,s02
37,111,0,0,0,0,0,0,0,0,0,0,0,0,,,,,0,0,,,0,,0,attack,s02
37,112,0,0,0,0,0,0,0,0,0,0,0,0,,,,,0,0,,,0,,0,attack,s02
37,113,1,0,0,0,0,0,0,0,0,0,0,0,,,,,0,0,,,0,,0,attack,s02
37,114,0,0,0,0,0,0,0,0,0,0,0,0,384.0,20.0,5.0,,0,0,,,0,,0,attack,s02
37,115,0,0,0,0,0,0,0,0,0,0,0,0,,,,,0,0,,,0,,0,attack,s02
37,116,0,0,0,0,0,0,0,0,0,0,0,0,,,,,0,1,99.0,1.6499725004583257,1,127.0,0,attack,s02
37,117,0,0,0,0,0,0,0,0,0,0,0,0,,,,,0,0,,,0,,0,attack,s02
37,118,0,0,0,0,0,0,0,0,0,0,0,0,,,,,0,0,,,0,,0,attack,s02
37,119,0,0,0,0,0,0,0,0,0,0,0,0,,,,,0,0,,,0,,0,attack,s02
37,120,0,0,0,0,0,0,0,0,0,0,0,0,384.0,20.0,5.0,,0,0,,,0,,0,attack,s02
37,121,0,0,0,0,0,0,0,0,0,0,0,0,,,,,0,0,,,0,,0,attack,s02
37,122,0,0,0,0,0,0,0,0,0,0,0,0,,,,,0,1,99.0,1.6499725004583257,1,97.0,0,attack,s02
37,123,1,0,0,0,0,0,0,0,0,0,0,0,,,,,0,0,,,0,,0,attack,s02
37,124,0,0,0,0,0,0,0,0,0,0,0,0,,,,,0,0,,,0,,0,attack,s02
37,125,0,0,0,0,0,0,0,0,0,0,0,0,,,,,0,0,,,0,,0,attack,s02
37,126,0,0,0,0,0,0,0,0,0,0,0,0,384.0,20.0,5.0,,0,0,,,0,,0,attack,s02
37,127,0,0,0,0,0,0,0,0,0,0,0,0,,,,,0,0,,,0,,0,attack,s02
37,128,0,0,0,0,0,0,0,0,0,0,0,0,,,,,0,1,99.0,1.6499725004583257,1,120.0,0,attack,s02
37,129,0,0,0,0,0,0,0,0,0,0,0,0,,,,,0,0,,,0,,0,attack,s02
37,130,1,0,0,0,0,0,0,0,0,0,0,0,,,,,0,0,,,0,,0,attack,s02
37,131,0,0,0,0,0,0,0,0,0,0,0,0,,,,,0,0,,,0,,0,attack,s02
37,132,0,0,0,0,0,0,0,0,0,0,0,0,384.0,20.0,5.0,,0,0,,,0,,0,attack,s02
37,133,0,0,0,0,0,0,0,0,0,0,0,0,,,,,0,0,,,0,,0,attack,s02
37,134,0,0,0,0,0,0,0,0,0,0,0,0,,,,,0,1,100.0,1.6666388893518442,1,110.0,0,attack,s02
37,135,0,0,0,0,0,0,0,0,0,0,0,0,,,,,0,0,,,0,,0,attack,s02
37,136,0,1,0,0,0,0,0,0,0,0,1,0,,,,,0,0,,,0,,0,attack,s02
37,137,0,0,0,0,0,0,0,0,0,0,0,0,,,,,0,0,,,0,,0,attack,s02
37,138,0,0,0,0,0,0,0,0,0,0,0,0,384.0,20.0,5.0,,0,0,,,0,,0,attack,s02
37,139,0,0,0,0,0,0,0,0,0,0,0,0,,,,,0,0,,,0,,0,attack,s02
37,140,1,0,0,0,0,0,0,0,0,0,0,0,,,,,0,1,99.0,1.6499725004583257,1,122.0,0,attack,s02
37,141,0,1,0,0,0,0,0,0,0,0,1,0,,,,,0,0,,,0,,0,attack,s02
37,142,0,0,0,0,0,0,0,0,0,0,0,0,,,,,0,0,,,0,,0,attack,s02
37,143,0,0,0,0,0,0,0,0,0,0,0,0,,,,,0,0,,,0,,0,attack,s02
37,144,0,0,0,0,0,0,0,0,0,0,0,0,384.0,20.0,5.0,,0,0,,,0,,0,attack,s02
37,145,0,0,0,0,0,0,0,0,0,0,0,0,,,,,0,0,,,0,,0,attack,s02
37,146,0,0,0,0,0,0,0,0,0,0,0,0,,,,,0,1,99.0,1.6499725004583257,1,95.0,0,attack,s02
37,147,0,0,0,0,0,0,0,0,0,0,0,0,,,,,0,0,,,0,,0,attack,s02
37,148,0,0,0,0,0,0,0,0,0,0,0,0,,,,,0,0,,,0,,0,attack,s02
37,149,0,0,0,0,0,0,0,0,0,0,0,0,,,,,0,0,,,0,,0,attack,s02
37,150,0,0,0,0,0,0,0,0,0,0,0,0,384.0,20.0,5.0,,0,0,,,0,,0,attack,s02
37,151,0,0,0,0,0,0,0,0,0,0,0,0,,,,,0,0,,,0,,0,attack,s02
37,152,0,0,0,0,0,0,0,0,0,0,0,0,,,,,0,1,98.0,1.6333061115648073,1,116.0,0,attack,s02
37,153,0,0,0,0,0,0,0,0,0,0,0,0,,,,,0,0,,,0,,0,attack,s02
37,154,0,0,0,0,0,0,0,0,0,0,0,0,,,,,0,0,,,0,,0,attack,s02
37,155,0,0,0,0,0,0,0,0,0,0,0,0,,,,,0,0,,,0,,0,attack,s02
37,156,0,0,0,0,0,0,0,0,0,0,0,0,384.0,20.0,5.0,,0,0,,,0,,0,attack,s02
37,157,0,0,0,0,0,0,0,0,0,0,0,0,,,,,0,0,,,0,,0,attack,s02
37,158,1,0,0,0,0,0,0,0,0,0,0,0,,,,,0,1,99.0,1.6499725004583257,1,114.0,0,attack,s02
37,159,0,0,0,0,0,0,0,0,0,0,0,0,,,,,0,0,,,0,,0,attack,s02
37,160,0,0,0,0,0,0,0,0,0,0,0,0,,,,,0,0,,,0,,0,attack,s02
37,161,0,0,0,0,0,0,0,0,0,0,0,0,,,,,0,0,,,0,,0,attack,s02
37,162,1,0,0,0,0,0,0,0,0,0,0,0,384.0,20.0,5.0,,0,0,,,0,,0,attack,s02
37,163,0,0,0,0,0,0,0,0,0,0,0,0,,,,,0,0,,,0,,0,attack,s02
37,164,0,0,0,0,0,0,0,0,0,0,0,0,,,,,0,1,100.0,1.6666388893518442,1,96.0,0,attack,s02
37,165,0,0,0,0,0,0,0,0,0,0,0,0,,,,,0,0,,,0,,0,attack,s02
37,166,0,0,0,0,0,0,0,0,0,0,0,0,,,,,0,0,,,0,,0,attack,s02
37,167,0,0,0,0,0,0,0,0,0,0,0,0,,,,,0,0,,,0,,0,attack,s02
37,168,0,0,0,0,0,0,0,0,0,0,0,0,384.0,20.0,5.0,,0,0,,,0,,0,attack,s02
37,169,0,1,0,0,0,0,0,0,0,0,1,0,,,,,0,0,,,0,,0,attack,s02
37,170,0,0,0,0,0,0,0,0,0,0,0,0,,,,,0,1,99.0,1.6499725004583257,1,112.0,0,attack,s02
37,171,0,0,0,0,0,0,0,0,0,0,0,0,,,,,0,0,,,0,,0,attack,s02
37,172,0,0,0,0,0,0,0,0,0,0,0,0,,,,,0,0,,,0,,0,attack,s02
37,173,1,0,0,0,0,0,0,0,0,0,0,0,,,,,0,0,,,0,,0,attack,s02
37,174,0,0,1,1,0,0,0,0,0,0,0,0,384.0,20.0,5.0,,0,0,,,0,,0,attack,s02
37,175,0,0,0,0,0,0,0,0,0,0,0,0,,,,,0,0,,,0,,0,attack,s02
37,176,0,0,0,0,0,0,0,0,0,0,0,0,,,,,0,1,100.0,1.6666388893518442,1,97.0,0,attack,s02
37,177,0,0,0,0,0,0,0,0,0,0,0,0,,,,,0,0,,,0,,0,attack,s02
37,178,0,1,0,0,0,0,0,0,0,0,1,0,,,,,0,0,,,0,,0,attack,s02
37,179,0,0,0,0,0,0,0,0,0,0,0,0,,,,,0,0,,,0,,0,attack,s02
37,180,0,0,0,0,0,0,0,0,0,0,0,0,384.0,20.0,5.0,,0,0,,,0,,0,attack,s02
37,181,0,0,0,0,0,0,0,0,0,0,0,0,,,,,0,0,,,0,,0,attack,s02
38,0,0,0,0,0,0,0,0,0,0,0,0,0,,,,,0,0,,,0,,0,attack,s02
38,1,0,0,0,0,0,0,0,0,0,0,0,0,,,,,0,0,,,0,,0,attack,s02
38,2,0,0,0,0,0,0,0,0,0,0,0,0,,,,,0,0,,,0,,0,attack,s02
38,3,0,0,0,0,1,0,0,0,0,1,0,0,,,,,0,0,,,0,,0,attack,s02
38,4,1,2,0,0,0,0,0,0,0,0,1,0,,,,,0,0,,,0,,0,attack,s02
38,5,3,4,0,0,1,0,0,1,0,0,1,0,348.0,0.0,4.0,,0,0,,,0,,0,attack,s02
38,6,1,4,1,1,0,0,0,0,0,0,1,0,348.0,0.0,4.0,,0,0,,,0,,0,attack,s02
38,7,1,5,0,0,0,0,0,0,0,0,1,0,,,,,0,0,,,0,,0,attack,s02
38,8,1,1,0,0,0,0,0,0,0,0,1,0,,,,,0,0,,,0,,0,attack,s02
38,9,0,1,0,0,0,0,0,0,0,0,1,0,,,,,0,0,,,0,,0,attack,s02
38,10,2,4,0,0,0,0,0,0,0,0,1,0,,,,,0,0,,,0,,0,attack,s02
38,11,0,0,0,0,0,0,0,0,0,0,0,0,,,,,0,1,0.0,,1,97.0,0,attack,s02
38,12,0,0,0,0,0,0,0,0,0,0,0,0,345.0,15.0,5.0,,0,0,,,0,,0,attack,s02
38,13,0,1,0,0,0,0,0,0,0,0,1,0,,,,,0,0,,,0,,0,attack,s02
38,14,0,1,0,0,0,0,0,0,0,0,1,0,,,,,0,0,,,0,,0,attack,s02
38,15,1,2,0,0,0,0,0,0,0,0,1,0,,,,,0,0,,,0,,0,attack,s02
38,16,1,0,0,0,0,0,0,0,0,0,0,0,,,,,0,0,,,0,,0,attack,s02
38,17,0,0,0,0,0,0,0,0,0,0,0,0,,,,,0,1,99.0,1.6499725004583257,1,112.0,0,attack,s02
38,18,0,1,0,0,0,0,0,0,0,0,1,0,313.0,16.0,5.0,,0,0,,,0,,0,attack,s02
38,19,0,0,0,0,0,0,0,0,0,0,0,0,,,,,0,0,,,0,,0,attack,s02
38,20,0,1,0,0,0,0,0,0,0,0,1,0,,,,,0,0,,,0,,0,attack,s02
38,21,0,1,0,0,0,0,0,0,0,0,1,0,,,,,0,0,,,0,,0,attack,s02
38,22,1,0,0,0,0,0,0,0,0,0,0,0,,,,,0,0,,,0,,0,attack,s02
38,23,0,0,0,0,0,0,0,0,0,0,0,0,,,,,0,1,98.0,1.6333061115648073,1,129.0,0,attack,s02
38,24,0,1,0,0,0,0,0,0,0,0,1,0,307.0,17.0,5.0,,0,0,,,0,,0,attack,s02
38,25,0,0,0,0,0,0,0,0,0,0,0,0,,,,,0,0,,,0,,0,attack,s02
38,26,0,1,0,0,0,0,0,0,0,0,1,0,,,,,0,0,,,0,,0,attack,s02
38,27,0,1,0,0,0,0,0,0,0,0,1,0,,,,,0,0,,,0,,0,attack,s02
38,28,1,2,0,0,0,0,0,0,0,0,1,0,,,,,0,0,,,0,,0,attack,s02
38,29,0,0,0,0,0,0,0,0,0,0,0,0,,,,,0,1,99.0,1.6499725004583257,1,129.0,0,attack,s02
38,30,0,2,0,0,0,0,0,0,0,0,1,0,301.0,17.0,5.0,,0,0,,,0,,0,attack,s02
38,31,1,0,0,0,0,0,0,0,0,0,0,0,,,,,0,0,,,0,,0,attack,s02
38,32,0,0,0,0,0,0,0,0,0,0,0,0,,,,,0,0,,,0,,0,attack,s02
38,33,0,1,0,0,0,0,0,0,0,0,1,0,,,,,0,0,,,0,,0,attack,s02
38,34,0,0,0,0,0,0,0,0,0,0,0,0,,,,,0,0,,,0,,0,attack,s02
38,35,0,1,0,0,0,0,0,0,0,0,1,0,,,,,0,1,97.0,1.616639722671289,1,123.0,0,attack,s02
38,36,0,0,0,0,0,0,0,0,0,0,0,0,296.0,18.0,5.0,,0,0,,,0,,0,attack,s02
38,37,0,0,0,0,0,0,0,0,0,0,0,0,,,,,0,0,,,0,,0,attack,s02
38,38,0,0,0,0,0,0,0,0,0,0,0,0,,,,,0,0,,,0,,0,attack,s02
38,39,0,0,0,0,0,0,0,0,0,0,0,0,,,,,0,0,,,0,,0,attack,s02
38,40,0,1,0,0,0,0,0,0,0,0,1,0,,,,,0,0,,,0,,0,attack,s02
38,41,0,0,0,0,0,0,0,0,0,0,0,0,,,,,0,1,99.0,1.6499725004583257,1,107.0,0,attack,s02
38,42,1,0,0,0,0,0,0,0,0,0,0,0,292.0,18.0,5.0,,0,0,,,0,,0,attack,s02
38,43,0,0,0,0,0,0,0,0,0,0,0,0,,,,,0,0,,,0,,0,attack,s02
38,44,0,1,0,0,0,0,0,0,0,0,1,0,,,,,0,0,,,0,,0,attack,s02
38,45,0,1,0,0,0,0,0,0,0,0,1,0,,,,,0,0,,,0,,0,attack,s02
38,46,0,0,0,0,0,0,0,0,0,0,0,0,,,,,0,0,,,0,,0,attack,s02
38,47,0,0,0,0,0,0,0,0,0,0,0,0,,,,,0,1,99.0,1.6499725004583257,1,100.0,0,attack,s02
38,48,0,2,0,0,0,0,0,0,0,0,1,0,288.0,18.0,5.0,,0,0,,,0,,0,attack,s02
38,49,0,1,0,0,0,0,0,0,0,0,1,0,,,,,0,0,,,0,,0,attack,s02
38,50,0,0,0,0,0,0,0,0,0,0,0,0,,,,,0,0,,,0,,0,attack,s02
38,51,1,0,0,0,0,0,0,0,0,0,0,0,,,,,0,0,,,0,,0,attack,s02
38,52,0,0,0,0,0,0,0,0,0,0,0,0,,,,,0,0,,,0,,0,attack,s02
38,53,0,0,0,0,0,0,0,0,0,0,0,0,,,,,0,1,99.0,1.6499725004583257,1,126.0,0,attack,s02
38,54,1,0,0,0,0,0,0,0,0,0,0,0,284.0,18.0,5.0,,0,0,,,0,,0,attack,s02
38,55,0,0,0,0,0,0,0,0,0,0,0,0,,,,,0,0,,,0,,0,attack,s02
38,56,0,0,0,0,0,0,0,0,0,0,0,0,,,,,0,0,,,0,,0,attack,s02
38,57,1,0,0,0,0,0,0,0,0,0,0,0,,,,,0,0,,,0,,0,attack,s02
38,58,0,0,0,0,0,0,0,0,0,0,0,0,,,,,0,0,,,0,,0,attack,s02
38,59,0,1,0,0,0,0,0,0,0,0,1,0,,,,,0,1,98.0,1.6333061115648073,1,98.0,0,attack,s02
38,60,0,0,0,0,0,0,0,0,0,0,0,0,281.0,19.0,5.0,,0,0,,,0,,0,attack,s02
38,61,0,0,0,0,0,0,0,0,0,0,0,0,,,,,0,0,,,0,,0,attack,s02
38,62,1,0,0,0,0,0,0,0,0,0,0,0,,,,,0,0,,,0,,0,attack,s02
38,63,0,0,0,0,0,0,0,0,0,0,0,0,,,,,0,0,,,0,,0,attack,s02
38,64,0,0,0,0,0,0,0,0,0,0,0,0,,,,,0,0,,,0,,0,attack,s02
38,65,0,0,0,0,0,0,0,0,0,0,0,0,,,,,0,1,98.0,1.6333061115648073,1,112.0,0,attack,s02
38,66,0,0,0,0,0,0,0,0,0,0,0,0,278.0,19.0,5.0,,0,0,,,0,,0,attack,s02
38,67,0,0,0,0,0,0,0,0,0,0,0,0,,,,,0,0,,,0,,0,attack,s02
38,68,0,0,0,0,0,0,0,0,0,0,0,0,,,,,0,0,,,0,,0,attack,s02
38,69,0,0,0,0,0,0,0,0,0,0,0,0,,,,,0,0,,,0,,0,attack,s02
38,70,1,0,0,0,0,0,0,0,0,0,0,0,,,,,0,0,,,0,,0,attack,s02
38,71,0,0,0,0,0,0,0,0,0,0,0,0,,,,,0,1,99.0,1.6499725004583257,1,125.0,0,attack,s02
38,72,0,0,0,0,0,0,0,0,0,0,0,0,275.0,19.0,5.0,,0,0,,,0,,0,attack,s02
38,73,0,0,0,0,0,0,0,0,0,0,0,0,,,,,0,0,,,0,,0,attack,s02
38,74,0,0,0,0,0,0,0,0,0,0,0,0,,,,,0,0,,,0,,0,attack,s02
38,75,1,0,0,0,0,0,0,0,0,0,0,0,,,,,0,0,,,0,,0,attack,s02
38,76,0,0,0,0,0,0,0,0,0,0,0,0,,,,,0,0,,,0,,0,attack,s02
38,77,0,0,0,0,0,0,0,0,0,0,0,0,,,,,0,1,98.0,1.6333061115648073,1,122.0,0,attack,s02
38,78,0,0,0,0,0,0,0,0,0,0,0,0,273.0,19.0,5.0,,0,0,,,0,,0,attack,s02
38,79,0,0,0,0,0,0,0,0,0,0,0,0,,,,,0,0,,,0,,0,attack,s02
38,80,0,0,0,0,0,0,0,0,0,0,0,0,,,,,0,0,,,0,,0,attack,s02
38,81,0,0,0,0,0,0,0,0,0,0,0,0,,,,,0,0,,,0,,0,attack,s02
38,82,1,0,0,0,0,0,0,0,0,0,0,0,,,,,0,0,,,0,,0,attack,s02
38,83,0,0,0,0,0,0,0,0,0,0,0,0,,,,,0,1,98.0,1.6333061115648073,1,95.0,0,attack,s02
38,84,0,1,0,0,0,0,0,0,0,0,1,0,271.0,19.0,5.0,,0,0,,,0,,0,attack,s02
38,85,0,0,0,0,0,0,0,0,0,0,0,0,,,,,0,0,,,0,,0,attack,s02
38,86,1,0,0,0,0,0,0,0,0,0,0,0,,,,,0,0,,,0,,0,attack,s02
38,87,0,0,0,0,0,0,0,0,0,0,0,0,,,,,0,0,,,0,,0,attack,s02
38,88,0,0,0,0,0,0,0,0,0,0,0,0,,,,,0,0,,,0,,0,attack,s02
38,89,0,0,0,0,0,0,0,0,0,0,0,0,,,,,0,1,98.0,1.6333061115648073,1,106.0,0,attack,s02
38,90,0,2,0,0,0,0,0,0,0,0,1,0,269.0,19.0,5.0,,0,0,,,0,,0,attack,s02
38,91,0,0,0,0,0,0,0,0,0,0,0,0,,,,,0,0,,,0,,0,attack,s02
38,92,1,0,0,0,0,0,0,0,0,0,0,0,,,,,0,0,,,0,,0,attack,s02
38,93,0,1,0,0,0,0,0,0,0,0,1,0,,,,,0,0,,,0,,0,attack,s02
38,94,0,0,0,0,0,0,0,0,0,0,0,0,,,,,0,0,,,0,,0,attack,s02
38,95,0,1,0,0,0,0,0,0,0,0,1,0,,,,,0,1,98.0,1.6333061115648073,1,113.0,0,attack,s02
38,96,0,0,0,0,0,0,0,0,0,0,0,0,267.0,19.0,5.0,,0,0,,,0,,0,attack,s02
38,97,1,0,0,0,0,0,0,0,0,0,0,0,,,,,0,0,,,0,,0,attack,s02
38,98,0,0,0,0,0,0,0,0,0,0,0,0,,,,,0,0,,,0,,0,attack,s02
38,99,0,1,0,0,0,0,0,0,0,0,1,0,,,,,0,0,,,0,,0,attack,s02
38,100,0,0,0,0,0,0,0,0,0,0,0,0,,,,,0,0,,,0,,0,attack,s02
38,101,0,1,0,0,0,0,0,0,0,0,1,0,,,,,0,1,98.0,1.6333061115648073,1,109.0,0,attack,s02
38,102,0,3,0,0,0,0,0,0,0,0,1,0,265.0,19.0,5.0,,0,0,,,0,,0,attack,s02
38,103,1,0,0,0,0,0,0,0,0,0,0,0,,,,,0,0,,,0,,0,attack,s02
38,104,0,0,0,0,0,0,0,0,0,0,0,0,,,,,0,0,,,0,,0,attack,s02
38,105,0,0,0,0,0,0,0,0,0,0,0,0,,,,,0,0,,,0,,0,attack,s02
38,106,0,1,0,0,0,0,0,0,0,0,1,0,,,,,0,0,,,0,,0,attack,s02
38,107,0,0,0,0,0,0,0,0,0,0,0,0,,,,,0,1,99.0,1.6499725004583257,1,104.0,0,attack,s02
38,108,1,0,0,0,0,0,0,0,0,0,0,0,264.0,19.0,5.0,,0,0,,,0,,0,attack,s02
38,109,0,0,0,0,0,0,0,0,0,0,0,0,,,,,0,0,,,0,,0,attack,s02
38,110,0,0,0,0,0,0,0,0,0,0,0,0,,,,,0,0,,,0,,0,attack,s02
38,111,0,0,0,0,0,0,0,0,0,0,0,0,,,,,0,0,,,0,,0,attack,s02
38,112,0,0,0,0,0,0,0,0,0,0,0,0,,,,,0,0,,,0,,0,attack,s02
38,113,0,0,0,0,0,0,0,0,0,0,0,0,,,,,0,1,99.0,1.6499725004583257,1,125.0,0,attack,s02
38,114,0,0,0,0,0,0,0,0,0,0,0,0,263.0,20.0,5.0,,0,0,,,0,,0,attack,s02
38,115,0,0,0,0,0,0,0,0,0,0,0,0,,,,,0,0,,,0,,0,attack,s02
38,116,0,0,0,0,0,0,0,0,0,0,0,0,,,,,0,0,,,0,,0,attack,s02
38,117,0,0,0,0,0,0,0,0,0,0,0,0,,,,,0,0,,,0,,0,attack,s02
38,118,1,0,0,0,0,0,0,0,0,0,0,0,,,,,0,0,,,0,,0,attack,s02
38,119,0,0,0,0,0,0,0,0,0,0,0,0,,,,,0,1,98.0,1.6333061115648073,1,106.0,0,attack,s02
38,120,0,0,0,0,0,0,0,0,0,0,0,0,262.0,20.0,5.0,,0,0,,,0,,0,attack,s02
38,121,0,0,0,0,0,0,0,0,0,0,0,0,,,,,0,0,,,0,,0,attack,s02
38,122,0,0,0,0,0,0,0,0,0,0,0,0,,,,,0,0,,,0,,0,attack,s02
38,123,0,0,0,0,0,0,0,0,0,0,0,0,,,,,0,0,,,0,,0,attack,s02
38,124,1,0,0,0,0,0,0,0,0,0,0,0,,,,,0,0,,,0,,0,attack,s02
38,125,0,0,0,0,0,0,0,0,0,0,0,0,,,,,0,1,99.0,1.6499725004583257,1,96.0,0,attack,s02
38,126,0,0,0,0,0,0,0,0,0,0,0,0,261.0,20.0,5.0,,0,0,,,0,,0,attack,s02
38,127,0,0,0,0,0,0,0,0,0,0,0,0,,,,,0,0,,,0,,0,attack,s02
38,128,0,0,0,0,0,0,0,0,0,0,0,0,,,,,0,0,,,0,,0,attack,s02
38,129,0,0,0,0,0,0,0,0,0,0,0,0,,,,,0,0,,,0,,0,attack,s02
38,130,0,0,0,0,0,0,0,0,0,0,0,0,,,,,0,0,,,0,,0,attack,s02
38,131,0,0,0,0,0,0,0,0,0,0,0,0,,,,,0,1,98.0,1.6333061115648073,1,92.0,0,attack,s02
38,132,0,0,0,0,0,0,0,0,0,0,0,0,260.0,20.0,5.0,,0,0,,,0,,0,attack,s02
38,133,1,0,0,0,0,0,0,0,0,0,0,0,,,,,0,0,,,0,,0,attack,s02
38,134,0,0,0,0,0,0,0,0,0,0,0,0,,,,,0,0,,,0,,0,attack,s02
38,135,0,0,0,0,0,0,0,0,0,0,0,0,,,,,0,0,,,0,,0,attack,s02
38,136,0,0,0,0,0,0,0,0,0,0,0,0,,,,,0,0,,,0,,0,attack,s02
38,137,0,0,0,0,0,0,0,0,0,0,0,0,,,,,0,1,99.0,1.6499725004583257,1,117.0,0,attack,s02
38,138,0,0,0,0,0,0,0,0,0,0,0,0,259.0,20.0,5.0,,0,0,,,0,,0,attack,s02
38,139,1,0,0,0,0,0,0,0,0,0,0,0,,,,,0,0,,,0,,0,attack,s02
38,140,0,0,0,0,0,0,0,0,0,0,0,0,,,,,0,0,,,0,,0,attack,s02
38,141,0,0,0,0,0,0,0,0,0,0,0,0,,,,,0,0,,,0,,0,attack,s02
38,142,0,0,0,0,0,0,0,0,0,0,0,0,,,,,0,0,,,0,,0,attack,s02
38,143,0,0,0,0,0,0,0,0,0,0,0,0,,,,,0,1,99.0,1.6499725004583257,1,102.0,0,attack,s02
38,144,0,0,0,0,0,0,0,0,0,0,0,0,258.0,20.0,5.0,,0,0,,,0,,0,attack,s02
38,145,0,0,0,0,0,0,0,0,0,0,0,0,,,,,0,0,,,0,,0,attack,s02
38,146,0,0,0,0,0,0,0,0,0,0,0,0,,,,,0,0,,,0,,0,attack,s02
38,147,1,0,0,0,0,0,0,0,0,0,0,0,,,,,0,0,,,0,,0,attack,s02
38,148,0,0,0,0,0,0,0,0,0,0,0,0,,,,,0,0,,,0,,0,attack,s02
38,149,0,0,0,0,0,0,0,0,0,0,0,0,,,,,0,1,98.0,1.6333061115648073,1,120.0,0,attack,s02
38,150,0,0,0,0,0,0,0,0,0,0,0,0,257.0,20.0,5.0,,0,0,,,0,,0,attack,s02
38,151,0,0,0,0,0,0,0,0,0,0,0,0,,,,,0,0,,,0,,0,attack,s02
38,152,0,0,0,0,0,0,0,0,0,0,0,0,,,,,0,0,,,0,,0,attack,s02
38,153,0,0,0,0,0,0,0,0,0,0,0,0,,,,,0,0,,,0,,0,attack,s02
38,154,0,0,0,0,0,0,0,0,0,0,0,0,,,,,0,0,,,0,,0,attack,s02
38,155,0,0,0,0,0,0,0,0,0,0,0,0,,,,,0,1,98.0,1.6333061115648073,1,106.0,0,attack,s02
38,156,0,0,0,0,0,0,0,0,0,0,0,0,256.0,20.0,5.0,,0,0,,,0,,0,attack,s02
38,157,0,0,0,0,0,0,0,0,0,0,0,0,,,,,0,0,,,0,,0,attack,s02
38,158,1,0,0,0,0,0,0,0,0,0,0,0,,,,,0,0,,,0,,0,attack,s02
38,159,0,0,0,0,0,0,0,0,0,0,0,0,,,,,0,0,,,0,,0,attack,s02
38,160,0,1,0,0,0,0,0,0,0,0,1,0,,,,,0,0,,,0,,0,attack,s02
38,161,0,0,0,0,0,0,0,0,0,0,0,0,,,,,0,1,99.0,1.6499725004583257,1,116.0,0,attack,s02
38,162,0,0,0,0,0,0,0,0,0,0,0,0,256.0,20.0,5.0,,0,0,,,0,,0,attack,s02
38,163,0,0,0,0,0,0,0,0,0,0,0,0,,,,,0,0,,,0,,0,attack,s02
38,164,1,0,0,0,0,0,0,0,0,0,0,0,,,,,0,0,,,0,,0,attack,s02
38,165,0,0,0,0,0,0,0,0,0,0,0,0,,,,,0,0,,,0,,0,attack,s02
38,166,0,0,0,0,0,0,0,0,0,0,0,0,,,,,0,0,,,0,,0,attack,s02
38,167,0,0,0,0,0,0,0,0,0,0,0,0,,,,,0,1,98.0,1.6333061115648073,1,109.0,0,attack,s02
38,168,1,0,0,0,0,0,0,0,0,0,0,0,256.0,20.0,5.0,,0,0,,,0,,0,attack,s02
38,169,0,1,0,0,0,0,0,0,0,0,1,0,,,,,0,0,,,0,,0,attack,s02
38,170,0,1,0,0,0,0,0,0,0,0,1,0,,,,,0,0,,,0,,0,attack,s02
38,171,0,0,0,0,0,0,0,0,0,0,0,0,,,,,0,0,,,0,,0,attack,s02
38,172,0,0,0,0,0,0,0,0,0,0,0,0,,,,,0,0,,,0,,0,attack,s02
38,173,0,1,0,0,0,0,0,0,0,0,1,0,,,,,0,1,99.0,1.6499725004583257,1,111.0,0,attack,s02
38,174,1,0,0,0,0,0,0,0,0,0,0,0,256.0,20.0,5.0,,0,0,,,0,,0,attack,s02
38,175,0,0,0,0,0,0,0,0,0,0,0,0,,,,,0,0,,,0,,0,attack,s02
38,176,0,0,0,0,0,0,0,0,0,0,0,0,,,,,0,0,,,0,,0,attack,s02
38,177,0,1,0,0,0,0,0,0,0,0,1,0,,,,,0,0,,,0,,0,attack,s02
38,178,0,1,0,0,0,0,0,0,0,0,1,0,,,,,0,0,,,0,,0,attack,s02
38,179,0,0,0,0,0,0,0,0,0,0,0,0,,,,,0,1,99.0,1.6499725004583257,1,101.0,0,attack,s02
38,180,0,1,1,1,0,0,0,0,0,0,1,0,256.0,20.0,5.0,,0,0,,,0,,0,attack,s02
38,181,0,0,0,0,0,0,0,0,0,0,0,0,,,,,0,0,,,0,,0,attack,s02
39,0,0,0,0,0,0,0,0,0,0,0,0,0,,,,,0,0,,,0,,0,attack,s02
39,1,0,0,0,0,1,0,0,0,0,1,0,0,,,,,0,0,,,0,,0,attack,s02
39,2,0,0,0,0,0,0,0,0,0,0,0,0,,,,,0,0,,,0,,0,attack,s02
39,3,1,1,0,0,1,0,0,0,0,0,1,0,,,,,0,0,,,0,,0,attack,s02
39,4,2,2,0,0,0,0,0,1,0,0,1,0,811.0,0.0,1.0,,0,0,,,0,,0,attack,s02
39,5,1,2,1,1,0,0,0,0,0,0,1,1,,,,,0,0,,,0,,0,attack,s02
39,6,1,6,0,0,0,0,0,0,0,0,1,3,818.0,13.0,3.0,,0,0,,,0,,0,attack,s02
39,7,1,2,0,0,0,0,0,0,0,0,1,0,,,,,0,0,,,0,,0,attack,s02
39,8,0,0,0,0,0,0,0,0,0,0,0,0,,,,,0,0,,,0,,0,attack,s02
39,9,0,3,0,0,0,0,0,0,0,0,1,0,,,,,0,0,,,0,,0,attack,s02
39,10,1,0,0,0,0,0,0,0,0,0,0,0,,,,,0,0,,,0,,0,attack,s02
39,11,1,2,0,0,0,0,0,0,0,0,1,0,,,,,0,1,0.0,,1,126.0,0,attack,s02
39,12,0,0,0,0,0,0,0,0,0,0,0,0,694.0,16.0,3.0,,0,0,,,0,,0,attack,s02
39,13,0,0,0,0,0,0,0,0,0,0,0,0,,,,,0,0,,,0,,0,attack,s02
39,14,0,2,0,0,0,0,0,0,0,0,1,0,,,,,0,0,,,0,,0,attack,s02
39,15,0,1,0,0,0,0,0,0,0,0,1,0,,,,,0,0,,,0,,0,attack,s02
39,16,1,0,0,0,0,0,0,0,0,0,0,0,,,,,0,0,,,0,,0,attack,s02
39,17,1,0,0,0,0,0,0,0,0,0,0,0,,,,,0,1,99.0,1.6499725004583257,1,101.0,0,attack,s02
39,18,0,1,0,0,0,0,0,0,0,0,1,0,661.0,17.0,3.0,,0,0,,,0,,0,attack,s02
39,19,0,0,0,0,0,0,0,0,0,0,0,0,,,,,0,0,,,0,,0,attack,s02
39,20,0,0,0,0,0,0,0,0,0,0,0,0,,,,,0,0,,,0,,0,attack,s02
39,21,0,0,0,0,0,0,0,0,0,0,0,0,,,,,0,0,,,0,,0,attack,s02
39,22,0,0,0,0,0,0,0,0,0,0,0,0,,,,,0,0,,,0,,0,attack,s02
39,23,1,0,0,0,0,0,0,0,0,0,0,0,,,,,0,1,99.0,1.6499725004583257,1,104.0,0,attack,s02
39,24,0,0,0,0,0,0,0,0,0,0,0,0,651.0,17.0,3.0,,0,0,,,0,,0,attack,s02
39,25,0,2,0,0,0,0,0,0,0,0,1,0,,,,,0,0,,,0,,0,attack,s02
39,26,0,0,0,0,0,0,0,0,0,0,0,0,,,,,0,0,,,0,,0,attack,s02
39,27,1,0,0,0,0,0,0,0,0,0,0,0,,,,,0,0,,,0,,0,attack,s02
39,28,0,0,0,0,0,0,0,0,0,0,0,0,,,,,0,0,,,0,,0,attack,s02
39,29,1,0,0,0,0,0,0,0,0,0,0,0,,,,,0,1,99.0,1.6499725004583257,1,98.0,0,attack,s02
39,30,0,0,0,0,0,0,0,0,0,0,0,0,594.0,17.0,3.0,,0,0,,,0,,0,attack,s02
39,31,0,0,0,0,0,0,0,0,0,0,0,0,,,,,0,0,,,0,,0,attack,s02
39,32,0,0,0,0,0,0,0,0,0,0,0,0,,,,,0,0,,,0,,0,attack,s02
39,33,0,0,0,0,0,0,0,0,0,0,0,0,,,,,0,0,,,0,,0,attack,s02
39,34,0,1,0,0,0,0,0,0,0,0,1,0,,,,,0,0,,,0,,0,attack,s02
39,35,0,0,0,0,0,0,0,0,0,0,0,0,,,,,0,1,98.0,1.6333061115648073,1,121.0,0,attack,s02
39,36,0,0,0,0,0,0,0,0,0,0,0,0,586.0,18.0,3.0,,0,0,,,0,,0,attack,s02
39,37,1,0,0,0,0,0,0,0,0,0,0,0,,,,,0,0,,,0,,0,attack,s02
39,38,0,0,0,0,0,0,0,0,0,0,0,0,,,,,0,0,,,0,,0,attack,s02
39,39,0,0,0,0,0,0,0,0,0,0,0,0,,,,,0,0,,,0,,0,attack,s02
39,40,0,0,0,0,0,0,0,0,0,0,0,0,,,,,0,0,,,0,,0,attack,s02
39,41,0,1,0,0,0,0,0,0,0,0,1,0,,,,,0,1,99.0,1.6499725004583257,1,120.0,0,attack,s02
39,42,0,0,0,0,0,0,0,0,0,0,0,0,579.0,18.0,3.0,,0,0,,,0,,0,attack,s02
39,43,0,1,0,0,0,0,0,0,0,0,1,0,,,,,0,0,,,0,,0,attack,s02
39,44,1,0,0,0,0,0,0,0,0,0,0,0,,,,,0,0,,,0,,0,attack,s02
39,45,0,0,0,0,0,0,0,0,0,0,0,0,,,,,0,0,,,0,,0,attack,s02
39,46,0,0,0,0,0,0,0,0,0,0,0,0,,,,,0,0,,,0,,0,attack,s02
39,47,0,0,0,0,0,0,0,0,0,0,0,0,,,,,0,1,99.0,1.6499725004583257,1,116.0,0,attack,s02
39,48,0,0,0,0,0,0,0,0,0,0,0,0,566.0,18.0,3.0,,0,0,,,0,,0,attack,s02
39,49,0,0,0,0,0,0,0,0,0,0,0,0,,,,,0,0,,,0,,0,attack,s02
39,50,1,0,0,0,0,0,0,0,0,0,0,0,,,,,0,0,,,0,,0,attack,s02
39,51,0,1,0,0,0,0,0,0,0,0,1,0,,,,,0,0,,,0,,0,attack,s02
39,52,1,1,0,0,0,0,0,0,0,0,1,0,,,,,0,0,,,0,,0,attack,s02
39,53,0,0,0,0,0,0,0,0,0,0,0,0,,,,,0,1,99.0,1.649916954179973,1,121.0,0,attack,s02
39,54,0,0,0,0,0,0,0,0,0,0,0,0,560.0,18.0,3.0,,0,0,,,0,,0,attack,s02
39,55,0,0,0,0,0,0,0,0,0,0,0,0,,,,,0,0,,,0,,0,attack,s02
39,56,0,0,0,0,0,0,0,0,0,0,0,0,,,,,0,0,,,0,,0,attack,s02
39,57,0,0,0,0,0,0,0,0,0,0,0,0,,,,,0,0,,,0,,0,attack,s02
39,58,0,0,0,0,0,0,0,0,0,0,0,0,,,,,0,0,,,0,,0,attack,s02
39,59,0,1,0,0,0,0,0,0,0,0,1,0,,,,,0,1,99.0,1.6499730504401762,1,94.0,0,attack,s02
39,60,0,0,0,0,0,0,0,0,0,0,0,0,555.0,19.0,3.0,,0,0,,,0,,0,attack,s02
39,61,0,0,0,0,0,0,0,0,0,0,0,0,,,,,0,0,,,0,,0,attack,s02
39,62,0,0,0,0,0,0,0,0,0,0,0,0,,,,,0,0,,,0,,0,attack,s02
39,63,0,0,0,0,0,0,0,0,0,0,0,0,,,,,0,0,,,0,,0,attack,s02
39,64,0,0,0,0,0,0,0,0,0,0,0,0,,,,,0,0,,,0,,0,attack,s02
39,65,0,0,0,0,0,0,0,0,0,0,0,0,,,,,0,1,98.0,1.6333061115648073,1,99.0,0,attack,s02
39,66,0,0,0,0,0,0,0,0,0,0,0,0,550.0,19.0,3.0,,0,0,,,0,,0,attack,s02
39,67,0,0,0,0,0,0,0,0,0,0,0,0,,,,,0,0,,,0,,0,attack,s02
39,68,0,0,0,0,0,0,0,0,0,0,0,0,,,,,0,0,,,0,,0,attack,s02
39,69,0,0,0,0,0,0,0,0,0,0,0,0,,,,,0,0,,,0,,0,attack,s02
39,70,0,0,0,0,0,0,0,0,0,0,0,0,,,,,0,0,,,0,,0,attack,s02
39,71,0,0,0,0,0,0,0,0,0,0,0,0,,,,,0,1,98.0,1.6333061115648073,1,104.0,0,attack,s02
39,72,0,0,0,0,0,0,0,0,0,0,0,0,546.0,19.0,3.0,,0,0,,,0,,0,attack,s02
39,73,0,0,0,0,0,0,0,0,0,0,0,0,,,,,0,0,,,0,,0,attack,s02
39,74,0,0,0,0,0,0,0,0,0,0,0,0,,,,,0,0,,,0,,0,attack,s02
39,75,0,0,0,0,0,0,0,0,0,0,0,0,,,,,0,0,,,0,,0,attack,s02
39,76,0,0,0,0,0,0,0,0,0,0,0,0,,,,,0,0,,,0,,0,attack,s02
39,77,0,0,0,0,0,0,0,0,0,0,0,0,,,,,0,1,99.0,1.6499725004583257,1,94.0,0,attack,s02
39,78,0,0,0,0,0,0,0,0,0,0,0,0,542.0,19.0,3.0,,0,0,,,0,,0,attack,s02
39,79,0,0,0,0,0,0,0,0,0,0,0,0,,,,,0,0,,,0,,0,attack,s02
39,80,0,0,0,0,0,0,0,0,0,0,0,0,,,,,0,0,,,0,,0,attack,s02
39,81,0,0,0,0,0,0,0,0,0,0,0,0,,,,,0,0,,,0,,0,attack,s02
39,82,0,0,0,0,0,0,0,0,0,0,0,0,,,,,0,0,,,0,,0,attack,s02
39,83,0,0,0,0,0,0,0,0,0,0,0,0,,,,,0,1,98.0,1.6333061115648073,1,119.0,0,attack,s02
39,84,0,0,0,0,0,0,0,0,0,0,0,0,539.0,19.0,3.0,,0,0,,,0,,0,attack,s02
39,85,0,1,0,0,0,0,0,0,0,0,1,0,,,,,0,0,,,0,,0,attack,s02
39,86,0,1,0,0,0,0,0,0,0,0,1,0,,,,,0,0,,,0,,0,attack,s02
39,87,0,0,0,0,0,0,0,0,0,0,0,0,,,,,0,0,,,0,,0,attack,s02
39,88,0,0,0,0,0,0,0,0,0,0,0,0,,,,,0,0,,,0,,0,attack,s02
39,89,0,0,0,0,0,0,0,0,0,0,0,0,,,,,0,1,99.0,1.6499725004583257,1,124.0,0,attack,s02
39,90,0,0,0,0,0,0,0,0,0,0,0,0,536.0,19.0,3.0,,0,0,,,0,,0,attack,s02
39,91,1,0,0,0,0,0,0,0,0,0,0,0,,,,,0,0,,,0,,0,attack,s02
39,92,0,1,0,0,0,0,0,0,0,0,1,0,,,,,0,0,,,0,,0,attack,s02
39,93,0,0,0,0,0,0,0,0,0,0,0,0,,,,,0,0,,,0,,0,attack,s02
39,94,0,0,0,0,0,0,0,0,0,0,0,0,,,,,0,0,,,0,,0,attack,s02
39,95,0,0,0,0,0,0,0,0,0,0,0,0,,,,,0,1,99.0,1.6499725004583257,1,124.0,0,attack,s02
39,96,0,0,0,0,0,0,0,0,0,0,0,0,533.0,19.0,3.0,,0,0,,,0,,0,attack,s02
39,97,0,0,0,0,0,0,0,0,0,0,0,0,,,,,0,0,,,0,,0,attack,s02
39,98,1,0,0,0,0,0,0,0,0,0,0,0,,,,,0,0,,,0,,0,attack,s02
39,99,0,0,0,0,0,0,0,0,0,0,0,0,,,,,0,0,,,0,,0,attack,s02
39,100,0,0,0,0,0,0,0,0,0,0,0,0,,,,,0,0,,,0,,0,attack,s02
39,101,0,0,0,0,0,0,0,0,0,0,0,0,,,,,0,1,99.0,1.6499725004583257,1,111.0,0,attack,s02
39,102,0,0,0,0,0,0,0,0,0,0,0,0,530.0,19.0,3.0,,0,0,,,0,,0,attack,s02
39,103,0,0,0,0,0,0,0,0,0,0,0,0,,,,,0,0,,,0,,0,attack,s02
39,104,0,0,0,0,0,0,0,0,0,0,0,0,,,,,0,0,,,0,,0,attack,s02
39,105,0,0,0,0,0,0,0,0,0,0,0,0,,,,,0,0,,,0,,0,attack,s02
39,106,0,0,0,0,0,0,0,0,0,0,0,0,,,,,0,0,,,0,,0,attack,s02
39,107,0,0,0,0,0,0,0,0,0,0,0,0,,,,,0,1,98.0,1.6332511263599732,1,119.0,0,attack,s02
39,108,1,0,0,0,0,0,0,0,0,0,0,0,528.0,19.0,3.0,,0,0,,,0,,0,attack,s02
39,109,1,2,0,0,0,0,0,0,0,0,1,0,,,,,0,0,,,0,,0,attack,s02
39,110,0,0,0,0,0,0,0,0,0,0,0,0,,,,,0,0,,,0,,0,attack,s02
39,111,0,0,0,0,0,0,0,0,0,0,0,0,,,,,0,0,,,0,,0,attack,s02
39,112,0,0,0,0,0,0,0,0,0,0,0,0,,,,,0,0,,,0,,0,attack,s02
39,113,0,0,0,0,0,0,0,0,0,0,0,0,,,,,0,1,98.0,1.6333066559912854,1,106.0,0,attack,s02
39,114,0,0,0,0,0,0,0,0,0,0,0,0,526.0,20.0,3.0,,0,0,,,0,,0,attack,s02
39,115,0,0,0,0,0,0,0,0,0,0,0,0,,,,,0,0,,,0,,0,attack,s02
39,116,0,0,0,0,0,0,0,0,0,0,0,0,,,,,0,0,,,0,,0,attack,s02
39,117,0,0,0,0,0,0,0,0,0,0,0,0,,,,,0,0,,,0,,0,attack,s02
39,118,1,0,0,0,0,0,0,0,0,0,0,0,,,,,0,0,,,0,,0,attack,s02
39,119,0,1,0,0,0,0,0,0,0,0,1,0,,,,,0,1,99.0,1.6499725004583257,1,115.0,0,attack,s02
39,120,0,0,0,0,0,0,0,0,0,0,0,0,524.0,20.0,3.0,,0,0,,,0,,0,attack,s02
39,121,0,0,0,0,0,0,0,0,0,0,0,0,,,,,0,0,,,0,,0,attack,s02
39,122,0,0,0,0,0,0,0,0,0,0,0,0,,,,,0,0,,,0,,0,attack,s02
39,123,0,0,0,0,0,0,0,0,0,0,0,0,,,,,0,0,,,0,,0,attack,s02
39,124,0,0,0,0,0,0,0,0,0,0,0,0,,,,,0,0,,,0,,0,attack,s02
39,125,0,0,0,0,0,0,0,0,0,0,0,0,,,,,0,1,98.0,1.6333061115648073,1,116.0,0,attack,s02
39,126,0,0,0,0,0,0,0,0,0,0,0,0,522.0,20.0,3.0,,0,0,,,0,,0,attack,s02
39,127,0,0,0,0,0,0,0,0,0,0,0,0,,,,,0,0,,,0,,0,attack,s02
39,128,0,0,0,0,0,0,0,0,0,0,0,0,,,,,0,0,,,0,,0,attack,s02
39,129,0,0,0,0,0,0,0,0,0,0,0,0,,,,,0,0,,,0,,0,attack,s02
39,130,0,1,0,0,0,0,0,0,0,0,1,0,,,,,0,0,,,0,,0,attack,s02
39,131,0,0,0,0,0,0,0,0,0,0,0,0,,,,,0,1,99.0,1.6499725004583257,1,126.0,0,attack,s02
39,132,0,0,0,0,0,0,0,0,0,0,0,0,521.0,20.0,3.0,,0,0,,,0,,0,attack,s02
39,133,0,1,0,0,0,0,0,0,0,0,1,0,,,,,0,0,,,0,,0,attack,s02
39,134,0,0,0,0,0,0,0,0,0,0,0,0,,,,,0,0,,,0,,0,attack,s02
39,135,0,0,0,0,0,0,0,0,0,0,0,0,,,,,0,0,,,0,,0,attack,s02
39,136,0,0,0,0,0,0,0,0,0,0,0,0,,,,,0,0,,,0,,0,attack,s02
39,137,0,0,0,0,0,0,0,0,0,0,0,0,,,,,0,1,98.0,1.6333061115648073,1,102.0,0,attack,s02
39,138,0,0,0,0,0,0,0,0,0,0,0,0,520.0,20.0,3.0,,0,0,,,0,,0,attack,s02
39,139,0,0,0,0,0,0,0,0,0,0,0,0,,,,,0,0,,,0,,0,attack,s02
39,140,0,2,0,0,0,0,0,0,0,0,1,0,,,,,0,0,,,0,,0,attack,s02
39,141,0,0,0,0,0,0,0,0,0,0,0,0,,,,,0,0,,,0,,0,attack,s02
39,142,0,0,0,0,0,0,0,0,0,0,0,0,,,,,0,0,,,0,,0,attack,s02
39,143,0,0,0,0,0,0,0,0,0,0,0,0,,,,,0,1,99.0,1.6499725004583257,1,92.0,0,attack,s02
39,144,0,0,0,0,0,0,0,0,0,0,0,0,519.0,20.0,3.0,,0,0,,,0,,0,attack,s02
39,145,0,0,0,0,0,0,0,0,0,0,0,0,,,,,0,0,,,0,,0,attack,s02
39,146,0,0,0,0,0,0,0,0,0,0,0,0,,,,,0,0,,,0,,0,attack,s02
39,147,0,0,0,0,0,0,0,0,0,0,0,0,,,,,0,0,,,0,,0,attack,s02
39,148,0,0,0,0,0,0,0,0,0,0,0,0,,,,,0,0,,,0,,0,attack,s02
39,149,0,0,0,0,0,0,0,0,0,0,0,0,,,,,0,1,98.0,1.6333061115648073,1,114.0,0,attack,s02
39,150,0,0,0,0,0,0,0,0,0,0,0,0,518.0,20.0,3.0,,0,0,,,0,,0,attack,s02
39,151,0,0,0,0,0,0,0,0,0,0,0,0,,,,,0,0,,,0,,0,attack,s02
39,152,0,0,0,0,0,0,0,0,0,0,0,0,,,,,0,0,,,0,,0,attack,s02
39,153,0,0,0,0,0,0,0,0,0,0,0,0,,,,,0,0,,,0,,0,attack,s02
39,154,0,0,0,0,0,0,0,0,0,0,0,0,,,,,0,0,,,0,,0,attack,s02
39,155,0,0,0,0,0,0,0,0,0,0,0,0,,,,,0,1,98.0,1.6333061115648073,1,125.0,0,attack,s02
39,156,0,0,0,0,0,0,0,0,0,0,0,0,517.0,20.0,3.0,,0,0,,,0,,0,attack,s02
39,157,0,0,0,0,0,0,0,0,0,0,0,0,,,,,0,0,,,0,,0,attack,s02
39,158,0,0,0,0,0,0,0,0,0,0,0,0,,,,,0,0,,,0,,0,attack,s02
39,159,1,0,0,0,0,0,0,0,0,0,0,0,,,,,0,0,,,0,,0,attack,s02
39,160,0,0,0,0,0,0,0,0,0,0,0,0,,,,,0,0,,,0,,0,attack,s02
39,161,0,0,0,0,0,0,0,0,0,0,0,0,,,,,0,1,98.0,1.6333061115648073,1,92.0,0,attack,s02
39,162,0,1,0,0,0,0,0,0,0,0,1,0,516.0,20.0,3.0,,0,0,,,0,,0,attack,s02
39,163,0,0,0,0,0,0,0,0,0,0,0,0,,,,,0,0,,,0,,0,attack,s02
39,164,0,0,0,0,0,0,0,0,0,0,0,0,,,,,0,0,,,0,,0,attack,s02
39,165,0,0,0,0,0,0,0,0,0,0,0,0,,,,,0,0,,,0,,0,attack,s02
39,166,0,0,0,0,0,0,0,0,0,0,0,0,,,,,0,0,,,0,,0,attack,s02
39,167,0,0,0,0,0,0,0,0,0,0,0,0,,,,,0,1,99.0,1.6499725004583257,1,128.0,0,attack,s02
39,168,0,0,0,0,0,0,0,0,0,0,0,0,515.0,20.0,3.0,,0,0,,,0,,0,attack,s02
39,169,0,0,0,0,0,0,0,0,0,0,0,0,,,,,0,0,,,0,,0,attack,s02
39,170,0,0,0,0,0,0,0,0,0,0,0,0,,,,,0,0,,,0,,0,attack,s02
39,171,0,0,0,0,0,0,0,0,0,0,0,0,,,,,0,0,,,0,,0,attack,s02
39,172,0,0,0,0,0,0,0,0,0,0,0,0,,,,,0,0,,,0,,0,attack,s02
39,173,0,0,0,0,0,0,0,0,0,0,0,0,,,,,0,1,99.0,1.6499725004583257,1,110.0,0,attack,s02
39,174,0,0,0,0,0,0,0,0,0,0,0,0,514.0,20.0,3.0,,0,0,,,0,,0,attack,s02
39,175,0,0,0,0,0,0,0,0,0,0,0,0,,,,,0,0,,,0,,0,attack,s02
39,176,0,0,0,0,0,0,0,0,0,0,0,0,,,,,0,0,,,0,,0,attack,s02
39,177,0,0,0,0,0,0,0,0,0,0,0,0,,,,,0,0,,,0,,0,attack,s02
39,178,0,0,1,1,0,0,0,0,0,0,0,0,,,,,0,0,,,0,,0,attack,s02
39,179,0,0,0,0,0,0,0,0,0,0,0,0,,,,,0,1,99.0,1.6499725004583257,1,116.0,0,attack,s02
39,180,1,0,0,0,0,0,0,0,0,0,0,0,512.0,20.0,3.0,,0,0,,,0,,0,attack,s02
39,181,0,0,0,0,0,0,0,0,0,0,0,0,,,,,0,0,,,0,,0,attack,s02
40,0,0,0,0,0,0,0,0,0,0,0,0,0,,,,,0,0,,,0,,0,attack,s02
40,1,0,0,0,0,0,0,0,0,0,0,0,0,,,,,0,0,,,0,,0,attack,s02
40,2,0,0,0,0,0,0,0,0,0,0,0,0,,,,,0,0,,,0,,0,attack,s02
40,3,0,0,0,0,1,0,0,0,0,1,0,0,,,,,0,0,,,0,,0,attack,s02
40,4,0,0,0,0,0,0,0,0,0,0,0,0,,,,,0,0,,,0,,0,attack,s02
40,5,1,1,0,0,0,0,0,0,0,0,1,0,,,,,0,0,,,0,,0,attack,s02
40,6,4,1,1,1,0,0,0,1,0,0,1,0,1037.0,0.0,1.0,,1,0,,,0,,0,attack,s02
40,7,5,2,0,0,0,0,0,1,0,0,1,0,514.0,13.0,2.0,,0,0,,,0,,0,attack,s02
40,8,0,4,1,1,0,0,0,0,0,0,1,4,,,,,0,0,,,0,,0,attack,s02
40,9,2,7,0,0,0,0,0,0,0,0,1,4,,,,,0,0,,,0,,0,attack,s02
40,10,0,2,0,0,0,0,0,0,0,0,1,0,,,,,0,0,,,0,,0,attack,s02
40,11,1,3,0,0,0,0,0,0,0,0,1,0,,,,,0,0,,,0,,0,attack,s02
40,12,0,0,0,0,0,0,0,0,0,0,0,0,495.0,15.0,4.0,,0,1,0.0,,1,115.0,0,attack,s02
40,13,0,2,0,0,0,0,0,0,0,0,1,0,,,,,0,0,,,0,,0,attack,s02
40,14,1,1,0,0,0,0,0,0,0,0,1,0,,,,,0,0,,,0,,0,attack,s02
40,15,0,1,0,0,0,0,0,0,0,0,1,0,,,,,0,0,,,0,,0,attack,s02
40,16,1,2,0,0,0,0,0,0,0,0,1,0,,,,,0,0,,,0,,0,attack,s02
40,17,0,0,0,0,0,0,0,0,0,0,0,0,,,,,0,0,,,0,,0,attack,s02
40,18,1,1,0,0,0,0,0,0,0,0,1,0,441.0,16.0,4.0,,0,1,99.0,1.6499725004583257,1,117.0,0,attack,s02
40,19,0,1,0,0,0,0,0,0,0,0,1,0,,,,,0,0,,,0,,0,attack,s02
40,20,0,2,0,0,0,0,0,0,0,0,1,0,,,,,0,0,,,0,,0,attack,s02
40,21,0,1,0,0,0,0,0,0,0,0,1,0,,,,,0,0,,,0,,0,attack,s02
40,22,0,1,0,0,0,0,0,0,0,0,1,0,,,,,0,0,,,0,,0,attack,s02
40,23,0,1,0,0,0,0,0,0,0,0,1,0,,,,,0,0,,,0,,0,attack,s02
40,24,0,1,0,0,0,0,0,0,0,0,1,0,415.0,17.0,4.0,,0,1,99.0,1.6499725004583257,1,102.0,0,attack,s02
40,25,1,0,0,0,0,0,0,0,0,0,0,0,,,,,0,0,,,0,,0,attack,s02
40,26,0,0,0,0,0,0,0,0,0,0,0,0,,,,,0,0,,,0,,0,attack,s02
40,27,0,1,0,0,0,0,0,0,0,0,1,0,,,,,0,0,,,0,,0,attack,s02
40,28,0,0,0,0,0,0,0,0,0,0,0,0,,,,,0,0,,,0,,0,attack,s02
40,29,0,1,0,0,0,0,0,0,0,0,1,0,,,,,0,0,,,0,,0,attack,s02
40,30,0,1,0,0,0,0,0,0,0,0,1,0,403.0,17.0,4.0,,0,1,98.0,1.6333061115648073,1,121.0,0,attack,s02
40,31,0,1,0,0,0,0,0,0,0,0,1,0,,,,,0,0,,,0,,0,attack,s02
40,32,0,0,0,0,0,0,0,0,0,0,0,0,,,,,0,0,,,0,,0,attack,s02
40,33,0,0,0,0,0,0,0,0,0,0,0,0,,,,,0,0,,,0,,0,attack,s02
40,34,1,0,0,0,0,0,0,0,0,0,0,0,,,,,0,0,,,0,,0,attack,s02
40,35,0,1,0,0,0,0,0,0,0,0,1,0,,,,,0,0,,,0,,0,attack,s02
40,36,1,0,0,0,0,0,0,0,0,0,0,0,393.0,18.0,4.0,,0,1,99.0,1.6499725004583257,1,121.0,0,attack,s02
40,37,0,0,0,0,0,0,0,0,0,0,0,0,,,,,0,0,,,0,,0,attack,s02
40,38,0,0,0,0,0,0,0,0,0,0,0,0,,,,,0,0,,,0,,0,attack,s02
40,39,0,1,0,0,0,0,0,0,0,0,1,0,,,,,0,0,,,0,,0,attack,s02
40,40,0,0,0,0,0,0,0,0,0,0,0,0,,,,,0,0,,,0,,0,attack,s02
40,41,0,0,0,0,0,0,0,0,0,0,0,0,,,,,0,0,,,0,,0,attack,s02
40,42,1,0,0,0,0,0,0,0,0,0,0,0,390.0,18.0,4.0,,0,1,99.0,1.6499725004583257,1,124.0,0,attack,s02
40,43,0,0,0,0,0,0,0,0,0,0,0,0,,,,,0,0,,,0,,0,attack,s02
40,44,0,0,0,0,0,0,0,0,0,0,0,0,,,,,0,0,,,0,,0,attack,s02
40,45,0,0,0,0,0,0,0,0,0,0,0,0,,,,,0,0,,,0,,0,attack,s02
40,46,0,0,0,0,0,0,0,0,0,0,0,0,,,,,0,0,,,0,,0,attack,s02
40,47,0,0,0,0,0,0,0,0,0,0,0,0,,,,,0,0,,,0,,0,attack,s02
40,48,0,0,0,0,0,0,0,0,0,0,0,0,387.0,18.0,4.0,,0,1,99.0,1.6499725004583257,1,98.0,0,attack,s02
40,49,0,0,0,0,0,0,0,0,0,0,0,0,,,,,0,0,,,0,,0,attack,s02
40,50,0,0,0,0,0,0,0,0,0,0,0,0,,,,,0,0,,,0,,0,attack,s02
40,51,1,0,0,0,0,0,0,0,0,0,0,0,,,,,0,0,,,0,,0,attack,s02
40,52,1,1,0,0,0,0,0,0,0,0,1,0,,,,,0,0,,,0,,0,attack,s02
40,53,0,0,0,0,0,0,0,0,0,0,0,0,,,,,0,0,,,0,,0,attack,s02
40,54,0,0,0,0,0,0,0,0,0,0,0,0,384.0,18.0,4.0,,0,1,99.0,1.6499725004583257,1,125.0,0,attack,s02
40,55,0,0,0,0,0,0,0,0,0,0,0,0,,,,,0,0,,,0,,0,attack,s02
40,56,0,1,0,0,0,0,0,0,0,0,1,0,,,,,0,0,,,0,,0,attack,s02
40,57,0,0,0,0,0,0,0,0,0,0,0,0,,,,,0,0,,,0,,0,attack,s02
40,58,0,1,0,0,0,0,0,0,0,0,1,0,,,,,0,0,,,0,,0,attack,s02
40,59,1,0,0,0,0,0,0,0,0,0,0,0,,,,,0,0,,,0,,0,attack,s02
40,60,0,0,0,0,0,0,0,0,0,0,0,0,384.0,18.0,4.0,,0,1,99.0,1.6499725004583257,1,113.0,0,attack,s02
40,61,0,1,0,0,0,0,0,0,0,0,1,0,,,,,0,0,,,0,,0,attack,s02
40,62,0,0,0,0,0,0,0,0,0,0,0,0,,,,,0,0,,,0,,0,attack,s02
40,63,0,0,0,0,0,0,0,0,0,0,0,0,,,,,0,0,,,0,,0,attack,s02
40,64,0,0,0,0,0,0,0,0,0,0,0,0,,,,,0,0,,,0,,0,attack,s02
40,65,0,0,0,0,0,0,0,0,0,0,0,0,,,,,0,0,,,0,,0,attack,s02
40,66,0,0,0,0,0,0,0,0,0,0,0,0,384.0,19.0,4.0,,0,1,99.0,1.6499725004583257,1,120.0,0,attack,s02
40,67,0,0,0,0,0,0,0,0,0,0,0,0,,,,,0,0,,,0,,0,attack,s02
40,68,0,0,0,0,0,0,0,0,0,0,0,0,,,,,0,0,,,0,,0,attack,s02
40,69,0,0,0,0,0,0,0,0,0,0,0,0,,,,,0,0,,,0,,0,attack,s02
40,70,0,0,0,0,0,0,0,0,0,0,0,0,,,,,0,0,,,0,,0,attack,s02
40,71,1,0,0,0,0,0,0,0,0,0,0,0,,,,,0,0,,,0,,0,attack,s02
40,72,0,0,0,0,0,0,0,0,0,0,0,0,384.0,19.0,4.0,,0,1,99.0,1.6499725004583257,1,121.0,0,attack,s02
40,73,0,0,0,0,0,0,0,0,0,0,0,0,,,,,0,0,,,0,,0,attack,s02
40,74,0,0,0,0,0,0,0,0,0,0,0,0,,,,,0,0,,,0,,0,attack,s02
40,75,0,0,0,0,0,0,0,0,0,0,0,0,,,,,0,0,,,0,,0,attack,s02
40,76,0,0,0,0,0,0,0,0,0,0,0,0,,,,,0,0,,,0,,0,attack,s02
40,77,0,0,0,0,0,0,0,0,0,0,0,0,,,,,0,0,,,0,,0,attack,s02
40,78,0,1,0,0,0,0,0,0,0,0,1,0,384.0,19.0,4.0,,0,1,99.0,1.6499725004583257,1,119.0,0,attack,s02
40,79,0,0,0,0,0,0,0,0,0,0,0,0,,,,,0,0,,,0,,0,attack,s02
40,80,0,0,0,0,0,0,0,0,0,0,0,0,,,,,0,0,,,0,,0,attack,s02
40,81,0,0,0,0,0,0,0,0,0,0,0,0,,,,,0,0,,,0,,0,attack,s02
40,82,1,0,0,0,0,0,0,0,0,0,0,0,,,,,0,0,,,0,,0,attack,s02
40,83,0,0,0,0,0,0,0,0,0,0,0,0,,,,,0,0,,,0,,0,attack,s02
40,84,0,0,0,0,0,0,0,0,0,0,0,0,395.0,19.0,4.0,,0,1,99.0,1.6499725004583257,1,129.0,0,attack,s02
40,85,0,0,0,0,0,0,0,0,0,0,0,0,,,,,0,0,,,0,,0,attack,s02
40,86,1,1,0,0,0,0,0,0,0,0,1,0,,,,,0,0,,,0,,0,attack,s02
40,87,0,1,0,0,0,0,0,0,0,0,1,0,,,,,0,0,,,0,,0,attack,s02
40,88,0,1,0,0,0,0,0,0,0,0,1,0,,,,,0,0,,,0,,0,attack,s02
40,89,0,0,0,0,0,0,0,0,0,0,0,0,,,,,0,0,,,0,,0,attack,s02
40,90,0,0,0,0,0,0,0,0,0,0,0,0,384.0,19.0,4.0,,0,1,99.0,1.6499725004583257,1,101.0,0,attack,s02
40,91,0,2,0,0,0,0,0,0,0,0,1,0,,,,,0,0,,,0,,0,attack,s02
40,92,0,1,0,0,0,0,0,0,0,0,1,0,,,,,0,0,,,0,,0,attack,s02
40,93,0,1,0,0,0,0,0,0,0,0,1,0,,,,,0,0,,,0,,0,attack,s02
40,94,0,0,0,0,0,0,0,0,0,0,0,0,,,,,0,0,,,0,,0,attack,s02
40,95,1,0,0,0,0,0,0,0,0,0,0,0,,,,,0,0,,,0,,0,attack,s02
40,96,0,0,0,0,0,0,0,0,0,0,0,0,384.0,19.0,4.0,,0,1,99.0,1.6499725004583257,1,98.0,0,attack,s02
40,97,0,1,0,0,0,0,0,0,0,0,1,0,,,,,0,0,,,0,,0,attack,s02
40,98,0,1,0,0,0,0,0,0,0,0,1,0,,,,,0,0,,,0,,0,attack,s02
40,99,0,0,0,0,0,0,0,0,0,0,0,0,,,,,0,0,,,0,,0,attack,s02
40,100,0,0,0,0,0,0,0,0,0,0,0,0,,,,,0,0,,,0,,0,attack,s02
40,101,0,0,0,0,0,0,0,0,0,0,0,0,,,,,0,0,,,0,,0,attack,s02
40,102,0,0,0,0,0,0,0,0,0,0,0,0,384.0,19.0,4.0,,0,1,99.0,1.6499725004583257,1,92.0,0,attack,s02
40,103,0,0,0,0,0,0,0,0,0,0,0,0,,,,,0,0,,,0,,0,attack,s02
40,104,0,0,0,0,0,0,0,0,0,0,0,0,,,,,0,0,,,0,,0,attack,s02
40,105,1,0,0,0,0,0,0,0,0,0,0,0,,,,,0,0,,,0,,0,attack,s02
40,106,0,0,0,0,0,0,0,0,0,0,0,0,,,,,0,0,,,0,,0,attack,s02
40,107,0,0,0,0,0,0,0,0,0,0,0,0,,,,,0,0,,,0,,0,attack,s02
40,108,0,0,0,0,0,0,0,0,0,0,0,0,384.0,19.0,4.0,,0,1,99.0,1.6499444518701203,1,130.0,0,attack,s02
40,109,1,2,0,0,0,0,0,0,0,0,1,0,,,,,0,0,,,0,,0,attack,s02
40,110,0,0,0,0,0,0,0,0,0,0,0,0,,,,,0,0,,,0,,0,attack,s02
40,111,0,0,0,0,0,0,0,0,0,0,0,0,,,,,0,0,,,0,,0,attack,s02
40,112,0,0,0,0,0,0,0,0,0,0,0,0,,,,,0,0,,,0,,0,attack,s02
40,113,0,0,0,0,0,0,0,0,0,0,0,0,,,,,0,0,,,0,,0,attack,s02
40,114,0,0,0,0,0,0,0,0,0,0,0,0,384.0,20.0,4.0,,0,1,99.0,1.6499730504401762,1,107.0,0,attack,s02
40,115,1,0,0,0,0,0,0,0,0,0,0,0,,,,,0,0,,,0,,0,attack,s02
40,116,0,0,0,0,0,0,0,0,0,0,0,0,,,,,0,0,,,0,,0,attack,s02
40,117,0,0,0,0,0,0,0,0,0,0,0,0,,,,,0,0,,,0,,0,attack,s02
40,118,0,0,0,0,0,0,0,0,0,0,0,0,,,,,0,0,,,0,,0,attack,s02
40,119,0,0,0,0,0,0,0,0,0,0,0,0,,,,,0,0,,,0,,0,attack,s02
40,120,0,0,0,0,0,0,0,0,0,0,0,0,384.0,20.0,4.0,,0,1,99.0,1.6499725004583257,1,95.0,0,attack,s02
40,121,0,0,0,0,0,0,0,0,0,0,0,0,,,,,0,0,,,0,,0,attack,s02
40,122,1,1,0,0,0,0,0,0,0,0,1,0,,,,,0,0,,,0,,0,attack,s02
40,123,0,0,0,0,0,0,0,0,0,0,0,0,,,,,0,0,,,0,,0,attack,s02
40,124,0,0,0,0,0,0,0,0,0,0,0,0,,,,,0,0,,,0,,0,attack,s02
40,125,0,0,0,0,0,0,0,0,0,0,0,0,,,,,0,0,,,0,,0,attack,s02
40,126,0,0,0,0,0,0,0,0,0,0,0,0,384.0,20.0,4.0,,0,1,99.0,1.6499725004583257,1,117.0,0,attack,s02
40,127,0,0,0,0,0,0,0,0,0,0,0,0,,,,,0,0,,,0,,0,attack,s02
40,128,0,0,0,0,0,0,0,0,0,0,0,0,,,,,0,0,,,0,,0,attack,s02
40,129,0,0,0,0,0,0,0,0,0,0,0,0,,,,,0,0,,,0,,0,attack,s02
40,130,0,0,0,0,0,0,0,0,0,0,0,0,,,,,0,0,,,0,,0,attack,s02
40,131,1,1,0,0,0,0,0,0,0,0,1,0,,,,,0,0,,,0,,0,attack,s02
40,132,0,0,0,0,0,0,0,0,0,0,0,0,384.0,20.0,4.0,,0,1,99.0,1.6499725004583257,1,108.0,0,attack,s02
40,133,0,0,0,0,0,0,0,0,0,0,0,0,,,,,0,0,,,0,,0,attack,s02
40,134,0,0,0,0,0,0,0,0,0,0,0,0,,,,,0,0,,,0,,0,attack,s02
40,135,0,0,0,0,0,0,0,0,0,0,0,0,,,,,0,0,,,0,,0,attack,s02
40,136,1,1,0,0,0,0,0,0,0,0,1,0,,,,,0,0,,,0,,0,attack,s02
40,137,0,0,0,0,0,0,0,0,0,0,0,0,,,,,0,0,,,0,,0,attack,s02
40,138,0,0,0,0,0,0,0,0,0,0,0,0,384.0,20.0,4.0,,0,1,99.0,1.6499725004583257,1,115.0,0,attack,s02
40,139,0,0,0,0,0,0,0,0,0,0,0,0,,,,,0,0,,,0,,0,attack,s02
40,140,0,0,0,0,0,0,0,0,0,0,0,0,,,,,0,0,,,0,,0,attack,s02
40,141,0,0,0,0,0,0,0,0,0,0,0,0,,,,,0,0,,,0,,0,attack,s02
40,142,0,0,0,0,0,0,0,0,0,0,0,0,,,,,0,0,,,0,,0,attack,s02
40,143,0,0,0,0,0,0,0,0,0,0,0,0,,,,,0,0,,,0,,0,attack,s02
40,144,1,0,0,0,0,0,0,0,0,0,0,0,384.0,20.0,4.0,,0,1,99.0,1.6499725004583257,1,116.0,0,attack,s02
40,145,0,0,0,0,0,0,0,0,0,0,0,0,,,,,0,0,,,0,,0,attack,s02
40,146,0,0,0,0,0,0,0,0,0,0,0,0,,,,,0,0,,,0,,0,attack,s02
40,147,0,0,0,0,0,0,0,0,0,0,0,0,,,,,0,0,,,0,,0,attack,s02
40,148,0,0,0,0,0,0,0,0,0,0,0,0,,,,,0,0,,,0,,0,attack,s02
40,149,0,0,0,0,0,0,0,0,0,0,0,0,,,,,0,0,,,0,,0,attack,s02
40,150,0,0,0,0,0,0,0,0,0,0,0,0,384.0,20.0,4.0,,0,1,98.0,1.6333061115648073,1,98.0,0,attack,s02
40,151,0,0,0,0,0,0,0,0,0,0,0,0,,,,,0,0,,,0,,0,attack,s02
40,152,1,0,0,0,0,0,0,0,0,0,0,0,,,,,0,0,,,0,,0,attack,s02
40,153,0,0,0,0,0,0,0,0,0,0,0,0,,,,,0,0,,,0,,0,attack,s02
40,154,0,0,0,0,0,0,0,0,0,0,0,0,,,,,0,0,,,0,,0,attack,s02
40,155,0,0,0,0,0,0,0,0,0,0,0,0,,,,,0,0,,,0,,0,attack,s02
40,156,0,0,0,0,0,0,0,0,0,0,0,0,384.0,20.0,4.0,,0,1,99.0,1.6499725004583257,1,95.0,0,attack,s02
40,157,0,0,0,0,0,0,0,0,0,0,0,0,,,,,0,0,,,0,,0,attack,s02
40,158,0,0,0,0,0,0,0,0,0,0,0,0,,,,,0,0,,,0,,0,attack,s02
40,159,0,1,0,0,0,0,0,0,0,0,1,0,,,,,0,0,,,0,,0,attack,s02
40,160,0,0,0,0,0,0,0,0,0,0,0,0,,,,,0,0,,,0,,0,attack,s02
40,161,0,0,0,0,0,0,0,0,0,0,0,0,,,,,0,0,,,0,,0,attack,s02
40,162,1,0,0,0,0,0,0,0,0,0,0,0,384.0,20.0,4.0,,0,1,99.0,1.6499725004583257,1,116.0,0,attack,s02
40,163,0,0,0,0,0,0,0,0,0,0,0,0,,,,,0,0,,,0,,0,attack,s02
40,164,0,0,0,0,0,0,0,0,0,0,0,0,,,,,0,0,,,0,,0,attack,s02
40,165,0,0,0,0,0,0,0,0,0,0,0,0,,,,,0,0,,,0,,0,attack,s02
40,166,0,0,0,0,0,0,0,0,0,0,0,0,,,,,0,0,,,0,,0,attack,s02
40,167,0,0,0,0,0,0,0,0,0,0,0,0,,,,,0,0,,,0,,0,attack,s02
40,168,0,0,0,0,0,0,0,0,0,0,0,0,384.0,20.0,4.0,,0,1,99.0,1.6499725004583257,1,93.0,0,attack,s02
40,169,1,0,0,0,0,0,0,0,0,0,0,0,,,,,0,0,,,0,,0,attack,s02
40,170,0,0,0,0,0,0,0,0,0,0,0,0,,,,,0,0,,,0,,0,attack,s02
40,171,0,0,0,0,0,0,0,0,0,0,0,0,,,,,0,0,,,0,,0,attack,s02
40,172,0,0,0,0,0,0,0,0,0,0,0,0,,,,,0,0,,,0,,0,attack,s02
40,173,0,0,0,0,0,0,0,0,0,0,0,0,,,,,0,0,,,0,,0,attack,s02
40,174,1,0,0,0,0,0,0,0,0,0,0,0,384.0,20.0,4.0,,0,1,98.0,1.6333061115648073,1,121.0,0,attack,s02
40,175,0,0,0,0,0,0,0,0,0,0,0,0,,,,,0,0,,,0,,0,attack,s02
40,176,0,1,0,0,0,0,0,0,0,0,1,0,,,,,0,0,,,0,,0,attack,s02
40,177,0,0,1,1,0,0,0,0,0,0,0,0,,,,,0,0,,,0,,0,attack,s02
40,178,0,1,0,0,0,0,0,0,0,0,1,0,,,,,0,0,,,0,,0,attack,s02
40,179,1,0,0,0,0,0,0,0,0,0,0,0,,,,,0,0,,,0,,0,attack,s02
40,180,0,0,0,0,0,0,0,0,0,0,0,0,384.0,20.0,4.0,,0,1,99.0,1.6499725004583257,1,105.0,0,attack,s02
40,181,0,0,0,0,0,0,0,0,0,0,0,0,,,,,0,0,,,0,,0,attack,s02
41,0,0,0,0,0,0,0,0,0,0,0,0,0,,,,,0,0,,,0,,0,attack,s02
41,1,0,0,0,0,0,0,0,0,0,0,0,0,,,,,0,0,,,0,,0,attack,s02
41,2,0,0,0,0,1,0,0,0,0,1,0,0,,,,,0,0,,,0,,0,attack,s02
41,3,0,0,0,0,0,0,0,0,0,0,0,0,,,,,0,0,,,0,,0,attack,s02
41,4,0,0,0,0,0,0,0,0,0,0,0,0,,,,,0,0,,,0,,0,attack,s02
41,5,0,0,0,0,1,0,0,0,0,1,0,0,,,,,0,0,,,0,,0,attack,s02
41,6,0,0,0,0,0,0,0,0,0,0,0,0,,,,,0,0,,,0,,0,attack,s02
41,7,0,0,0,0,1,0,0,0,0,1,0,0,,,,,0,0,,,0,,0,attack,s02
41,8,1,1,0,0,1,0,0,0,0,0,1,0,,,,,0,0,,,0,,0,attack,s02
41,9,5,6,0,0,0,0,0,1,0,0,1,0,697.0,0.0,3.0,,0,0,,,0,,0,attack,s02
41,10,1,1,1,1,0,0,0,0,0,0,1,0,,,,,0,0,,,0,,0,attack,s02
41,11,1,3,0,0,0,0,0,0,0,0,1,0,,,,,0,0,,,0,,0,attack,s02
41,12,0,1,0,0,0,0,0,0,0,0,1,0,692.0,14.0,4.0,,0,0,,,0,,0,attack,s02
41,13,1,0,0,0,0,0,0,0,0,0,0,0,,,,,0,0,,,0,,0,attack,s02
41,14,0,3,0,0,0,0,0,0,0,0,1,0,,,,,0,0,,,0,,0,attack,s02
41,15,1,1,0,0,0,0,0,0,0,0,1,0,,,,,0,1,0.0,,1,128.0,0,attack,s02
41,16,0,2,0,0,0,0,0,0,0,0,1,0,,,,,0,0,,,0,,0,attack,s02
41,17,0,0,0,0,0,0,0,0,0,0,0,0,,,,,0,0,,,0,,0,attack,s02
41,18,0,1,0,0,0,0,0,0,0,0,1,0,645.0,16.0,4.0,,0,0,,,0,,0,attack,s02
41,19,0,1,0,0,0,0,0,0,0,0,1,0,,,,,0,0,,,0,,0,attack,s02
41,20,1,1,0,0,0,0,0,0,0,0,1,0,,,,,0,0,,,0,,0,attack,s02
41,21,0,2,0,0,0,0,0,0,0,0,1,0,,,,,0,1,100.0,1.6666388893518442,1,101.0,0,attack,s02
41,22,1,0,0,0,0,0,0,0,0,0,0,0,,,,,0,0,,,0,,0,attack,s02
41,23,0,0,0,0,0,0,0,0,0,0,0,0,,,,,0,0,,,0,,0,attack,s02
41,24,0,0,0,0,0,0,0,0,0,0,0,0,641.0,17.0,4.0,,0,0,,,0,,0,attack,s02
41,25,1,2,0,0,0,0,0,0,0,0,1,0,,,,,0,0,,,0,,0,attack,s02
41,26,0,0,0,0,0,0,0,0,0,0,0,0,,,,,0,0,,,0,,0,attack,s02
41,27,0,2,0,0,0,0,0,0,0,0,1,0,,,,,0,1,99.0,1.6499725004583257,1,106.0,0,attack,s02
41,28,0,0,0,0,0,0,0,0,0,0,0,0,,,,,0,0,,,0,,0,attack,s02
41,29,0,1,0,0,0,0,0,0,0,0,1,0,,,,,0,0,,,0,,0,attack,s02
41,30,0,0,0,0,0,0,0,0,0,0,0,0,561.0,17.0,4.0,,0,0,,,0,,0,attack,s02
41,31,0,1,0,0,0,0,0,0,0,0,1,0,,,,,0,0,,,0,,0,attack,s02
41,32,0,0,0,0,0,0,0,0,0,0,0,0,,,,,0,0,,,0,,0,attack,s02
41,33,0,1,0,0,0,0,0,0,0,0,1,0,,,,,0,1,98.0,1.6333061115648073,1,123.0,0,attack,s02
41,34,0,1,0,0,0,0,0,0,0,0,1,0,,,,,0,0,,,0,,0,attack,s02
41,35,1,0,0,0,0,0,0,0,0,0,0,0,,,,,0,0,,,0,,0,attack,s02
41,36,1,0,0,0,0,0,0,0,0,0,0,0,558.0,17.0,4.0,,0,0,,,0,,0,attack,s02
41,37,0,0,0,0,0,0,0,0,0,0,0,0,,,,,0,0,,,0,,0,attack,s02
41,38,0,0,0,0,0,0,0,0,0,0,0,0,,,,,0,0,,,0,,0,attack,s02
41,39,0,2,0,0,0,0,0,0,0,0,1,0,,,,,0,1,99.0,1.6499725004583257,1,115.0,0,attack,s02
41,40,0,0,0,0,0,0,0,0,0,0,0,0,,,,,0,0,,,0,,0,attack,s02
41,41,0,0,0,0,0,0,0,0,0,0,0,0,,,,,0,0,,,0,,0,attack,s02
41,42,0,0,0,0,0,0,0,0,0,0,0,0,555.0,18.0,4.0,,0,0,,,0,,0,attack,s02
41,43,1,0,0,0,0,0,0,0,0,0,0,0,,,,,0,0,,,0,,0,attack,s02
41,44,0,0,0,0,0,0,0,0,0,0,0,0,,,,,0,0,,,0,,0,attack,s02
41,45,0,0,0,0,0,0,0,0,0,0,0,0,,,,,0,1,99.0,1.6499725004583257,1,123.0,0,attack,s02
41,46,0,0,0,0,0,0,0,0,0,0,0,0,,,,,0,0,,,0,,0,attack,s02
41,47,0,0,0,0,0,0,0,0,0,0,0,0,,,,,0,0,,,0,,0,attack,s02
41,48,0,0,0,0,0,0,0,0,0,0,0,0,552.0,18.0,4.0,,0,0,,,0,,0,attack,s02
41,49,0,0,0,0,0,0,0,0,0,0,0,0,,,,,0,0,,,0,,0,attack,s02
41,50,0,0,0,0,0,0,0,0,0,0,0,0,,,,,0,0,,,0,,0,attack,s02
41,51,0,1,0,0,0,0,0,0,0,0,1,0,,,,,0,1,99.0,1.6499725004583257,1,117.0,0,attack,s02
41,52,0,1,0,0,0,0,0,0,0,0,1,0,,,,,0,0,,,0,,0,attack,s02
41,53,1,0,0,0,0,0,0,0,0,0,0,0,,,,,0,0,,,0,,0,attack,s02
41,54,0,1,0,0,0,0,0,0,0,0,1,0,529.0,18.0,4.0,,0,0,,,0,,0,attack,s02
41,55,0,0,0,0,0,0,0,0,0,0,0,0,,,,,0,0,,,0,,0,attack,s02
41,56,1,0,0,0,0,0,0,0,0,0,0,0,,,,,0,0,,,0,,0,attack,s02
41,57,0,1,0,0,0,0,0,0,0,0,1,0,,,,,0,1,99.0,1.6499725004583257,1,92.0,0,attack,s02
41,58,1,1,0,0,0,0,0,0,0,0,1,0,,,,,0,0,,,0,,0,attack,s02
41,59,0,1,0,0,0,0,0,0,0,0,1,0,,,,,0,0,,,0,,0,attack,s02
41,60,0,0,0,0,0,0,0,0,0,0,0,0,527.0,18.0,4.0,,0,0,,,0,,0,attack,s02
41,61,0,0,0,0,0,0,0,0,0,0,0,0,,,,,0,0,,,0,,0,attack,s02
41,62,0,0,0,0,0,0,0,0,0,0,0,0,,,,,0,0,,,0,,0,attack,s02
41,63,0,0,0,0,0,0,0,0,0,0,0,0,,,,,0,1,98.0,1.6333061115648073,1,123.0,0,attack,s02
41,64,0,0,0,0,0,0,0,0,0,0,0,0,,,,,0,0,,,0,,0,attack,s02
41,65,1,0,0,0,0,0,0,0,0,0,0,0,,,,,0,0,,,0,,0,attack,s02
41,66,0,0,0,0,0,0,0,0,0,0,0,0,525.0,19.0,4.0,,0,0,,,0,,0,attack,s02
41,67,0,0,0,0,0,0,0,0,0,0,0,0,,,,,0,0,,,0,,0,attack,s02
41,68,0,0,0,0,0,0,0,0,0,0,0,0,,,,,0,0,,,0,,0,attack,s02
41,69,0,0,0,0,0,0,0,0,0,0,0,0,,,,,0,1,99.0,1.6499725004583257,1,92.0,0,attack,s02
41,70,0,0,0,0,0,0,0,0,0,0,0,0,,,,,0,0,,,0,,0,attack,s02
41,71,0,0,0,0,0,0,0,0,0,0,0,0,,,,,0,0,,,0,,0,attack,s02
41,72,0,0,0,0,0,0,0,0,0,0,0,0,523.0,19.0,4.0,,0,0,,,0,,0,attack,s02
41,73,1,0,0,0,0,0,0,0,0,0,0,0,,,,,0,0,,,0,,0,attack,s02
41,74,0,0,0,0,0,0,0,0,0,0,0,0,,,,,0,0,,,0,,0,attack,s02
41,75,0,0,0,0,0,0,0,0,0,0,0,0,,,,,0,1,99.0,1.6499725004583257,1,115.0,0,attack,s02
41,76,0,0,0,0,0,0,0,0,0,0,0,0,,,,,0,0,,,0,,0,attack,s02
41,77,0,0,0,0,0,0,0,0,0,0,0,0,,,,,0,0,,,0,,0,attack,s02
41,78,0,0,0,0,0,0,0,0,0,0,0,0,521.0,19.0,4.0,,0,0,,,0,,0,attack,s02
41,79,0,0,0,0,0,0,0,0,0,0,0,0,,,,,0,0,,,0,,0,attack,s02
41,80,0,0,0,0,0,0,0,0,0,0,0,0,,,,,0,0,,,0,,0,attack,s02
41,81,1,0,0,0,0,0,0,0,0,0,0,0,,,,,0,1,98.0,1.6333061115648073,1,98.0,0,attack,s02
41,82,0,0,0,0,0,0,0,0,0,0,0,0,,,,,0,0,,,0,,0,attack,s02
41,83,0,0,0,0,0,0,0,0,0,0,0,0,,,,,0,0,,,0,,0,attack,s02
41,84,0,0,0,0,0,0,0,0,0,0,0,0,520.0,19.0,4.0,,0,0,,,0,,0,attack,s02
41,85,0,0,0,0,0,0,0,0,0,0,0,0,,,,,0,0,,,0,,0,attack,s02
41,86,0,0,0,0,0,0,0,0,0,0,0,0,,,,,0,0,,,0,,0,attack,s02
41,87,1,0,0,0,0,0,0,0,0,0,0,0,,,,,0,1,99.0,1.6499725004583257,1,118.0,0,attack,s02
41,88,0,0,0,0,0,0,0,0,0,0,0,0,,,,,0,0,,,0,,0,attack,s02
41,89,0,0,0,0,0,0,0,0,0,0,0,0,,,,,0,0,,,0,,0,attack,s02
41,90,0,0,0,0,0,0,0,0,0,0,0,0,519.0,19.0,4.0,,0,0,,,0,,0,attack,s02
41,91,0,0,0,0,0,0,0,0,0,0,0,0,,,,,0,0,,,0,,0,attack,s02
41,92,1,1,0,0,0,0,0,0,0,0,1,0,,,,,0,0,,,0,,0,attack,s02
41,93,0,2,0,0,0,0,0,0,0,0,1,0,,,,,0,1,97.0,1.616639722671289,1,122.0,0,attack,s02
41,94,0,0,0,0,0,0,0,0,0,0,0,0,,,,,0,0,,,0,,0,attack,s02
41,95,0,0,0,0,0,0,0,0,0,0,0,0,,,,,0,0,,,0,,0,attack,s02
41,96,0,1,0,0,0,0,0,0,0,0,1,0,518.0,19.0,4.0,,0,0,,,0,,0,attack,s02
41,97,0,0,0,0,0,0,0,0,0,0,0,0,,,,,0,0,,,0,,0,attack,s02
41,98,1,0,0,0,0,0,0,0,0,0,0,0,,,,,0,0,,,0,,0,attack,s02
41,99,0,0,0,0,0,0,0,0,0,0,0,0,,,,,0,1,99.0,1.6499725004583257,1,117.0,0,attack,s02
41,100,0,1,0,0,0,0,0,0,0,0,1,0,,,,,0,0,,,0,,0,attack,s02
41,101,0,1,0,0,0,0,0,0,0,0,1,0,,,,,0,0,,,0,,0,attack,s02
41,102,0,0,0,0,0,0,0,0,0,0,0,0,517.0,19.0,4.0,,0,0,,,0,,0,attack,s02
41,103,0,0,0,0,0,0,0,0,0,0,0,0,,,,,0,0,,,0,,0,attack,s02
41,104,1,0,0,0,0,0,0,0,0,0,0,0,,,,,0,0,,,0,,0,attack,s02
41,105,0,1,0,0,0,0,0,0,0,0,1,0,,,,,0,1,99.0,1.649916954179973,1,127.0,0,attack,s02
41,106,0,0,0,0,0,0,0,0,0,0,0,0,,,,,0,0,,,0,,0,attack,s02
41,107,0,0,0,0,0,0,0,0,0,0,0,0,,,,,0,0,,,0,,0,attack,s02
41,108,0,0,0,0,0,0,0,0,0,0,0,0,516.0,19.0,4.0,,0,0,,,0,,0,attack,s02
41,109,0,1,0,0,0,0,0,0,0,0,1,0,,,,,0,0,,,0,,0,attack,s02
41,110,0,0,0,0,0,0,0,0,0,0,0,0,,,,,0,0,,,0,,0,attack,s02
41,111,0,1,0,0,0,0,0,0,0,0,1,0,,,,,0,1,98.0,1.6333066559912854,1,108.0,0,attack,s02
41,112,0,0,0,0,0,0,0,0,0,0,0,0,,,,,0,0,,,0,,0,attack,s02
41,113,0,0,0,0,0,0,0,0,0,0,0,0,,,,,0,0,,,0,,0,attack,s02
41,114,0,1,0,0,0,0,0,0,0,0,1,0,515.0,19.0,4.0,,0,0,,,0,,0,attack,s02
41,115,1,1,0,0,0,0,0,0,0,0,1,0,,,,,0,0,,,0,,0,attack,s02
41,116,0,0,0,0,0,0,0,0,0,0,0,0,,,,,0,0,,,0,,0,attack,s02
41,117,0,0,0,0,0,0,0,0,0,0,0,0,,,,,0,1,99.0,1.6499725004583257,1,113.0,0,attack,s02
41,118,0,0,0,0,0,0,0,0,0,0,0,0,,,,,0,0,,,0,,0,attack,s02
41,119,0,0,0,0,0,0,0,0,0,0,0,0,,,,,0,0,,,0,,0,attack,s02
41,120,0,0,0,0,0,0,0,0,0,0,0,0,514.0,20.0,4.0,,0,0,,,0,,0,attack,s02
41,121,1,0,0,0,0,0,0,0,0,0,0,0,,,,,0,0,,,0,,0,attack,s02
41,122,0,1,0,0,0,0,0,0,0,0,1,0,,,,,0,0,,,0,,0,attack,s02
41,123,0,0,0,0,0,0,0,0,0,0,0,0,,,,,0,1,98.0,1.6333061115648073,1,94.0,0,attack,s02
41,124,0,0,0,0,0,0,0,0,0,0,0,0,,,,,0,0,,,0,,0,attack,s02
41,125,0,0,0,0,0,0,0,0,0,0,0,0,,,,,0,0,,,0,,0,attack,s02
41,126,0,0,0,0,0,0,0,0,0,0,0,0,513.0,20.0,4.0,,0,0,,,0,,0,attack,s02
41,127,0,0,0,0,0,0,0,0,0,0,0,0,,,,,0,0,,,0,,0,attack,s02
41,128,0,0,0,0,0,0,0,0,0,0,0,0,,,,,0,0,,,0,,0,attack,s02
41,129,0,0,0,0,0,0,0,0,0,0,0,0,,,,,0,1,99.0,1.6499725004583257,1,120.0,0,attack,s02
41,130,1,0,0,0,0,0,0,0,0,0,0,0,,,,,0,0,,,0,,0,attack,s02
41,131,0,0,0,0,0,0,0,0,0,0,0,0,,,,,0,0,,,0,,0,attack,s02
41,132,0,0,0,0,0,0,0,0,0,0,0,0,512.0,20.0,4.0,,0,0,,,0,,0,attack,s02
41,133,0,0,0,0,0,0,0,0,0,0,0,0,,,,,0,0,,,0,,0,attack,s02
41,134,0,0,0,0,0,0,0,0,0,0,0,0,,,,,0,0,,,0,,0,attack,s02
41,135,0,0,0,0,0,0,0,0,0,0,0,0,,,,,0,1,98.0,1.6333061115648073,1,130.0,0,attack,s02
41,136,1,0,0,0,0,0,0,0,0,0,0,0,,,,,0,0,,,0,,0,attack,s02
41,137,0,0,0,0,0,0,0,0,0,0,0,0,,,,,0,0,,,0,,0,attack,s02
41,138,0,0,0,0,0,0,0,0,0,0,0,0,512.0,20.0,4.0,,0,0,,,0,,0,attack,s02
41,139,0,0,0,0,0,0,0,0,0,0,0,0,,,,,0,0,,,0,,0,attack,s02
41,140,0,0,0,0,0,0,0,0,0,0,0,0,,,,,0,0,,,0,,0,attack,s02
41,141,0,0,0,0,0,0,0,0,0,0,0,0,,,,,0,0,,,0,,0,attack,s02
41,142,0,0,0,0,0,0,0,0,0,0,0,0,,,,,0,0,,,0,,0,attack,s02
41,143,1,0,0,0,0,0,0,0,0,0,0,0,,,,,0,0,,,0,,0,attack,s02
41,144,0,0,0,0,0,0,0,0,0,0,0,0,512.0,20.0,4.0,,0,0,,,0,,0,attack,s02
41,145,0,0,0,0,0,0,0,0,0,0,0,0,,,,,0,0,,,0,,0,attack,s02
41,146,0,0,0,0,0,0,0,0,0,0,0,0,,,,,0,0,,,0,,0,attack,s02
41,147,0,0,0,0,0,0,0,0,0,0,0,0,,,,,0,0,,,0,,0,attack,s02
41,148,0,0,0,0,0,0,0,0,0,0,0,0,,,,,0,0,,,0,,0,attack,s02
41,149,1,0,0,0,0,0,0,0,0,0,0,0,,,,,0,0,,,0,,0,attack,s02
41,150,0,0,0,0,0,0,0,0,0,0,0,0,512.0,20.0,4.0,,0,0,,,0,,0,attack,s02
41,151,0,0,0,0,0,0,0,0,0,0,0,0,,,,,0,0,,,0,,0,attack,s02
41,152,0,0,0,0,0,0,0,0,0,0,0,0,,,,,0,0,,,0,,0,attack,s02
41,153,0,0,0,0,0,0,0,0,0,0,0,0,,,,,0,0,,,0,,0,attack,s02
41,154,0,0,0,0,0,0,0,0,0,0,0,0,,,,,0,0,,,0,,0,attack,s02
41,155,1,0,0,0,0,0,0,0,0,0,0,0,,,,,0,0,,,0,,0,attack,s02
41,156,0,0,0,0,0,0,0,0,0,0,0,0,512.0,20.0,4.0,,0,0,,,0,,0,attack,s02
41,157,0,0,0,0,0,0,0,0,0,0,0,0,,,,,0,0,,,0,,0,attack,s02
41,158,0,0,0,0,0,0,0,0,0,0,0,0,,,,,0,0,,,0,,0,attack,s02
41,159,0,0,0,0,0,0,0,0,0,0,0,0,,,,,0,0,,,0,,0,attack,s02
41,160,0,0,0,0,0,0,0,0,0,0,0,0,,,,,0,0,,,0,,0,attack,s02
41,161,1,0,0,0,0,0,0,0,0,0,0,0,,,,,0,0,,,0,,0,attack,s02
41,162,0,0,0,0,0,0,0,0,0,0,0,0,512.0,20.0,4.0,,0,0,,,0,,0,attack,s02
41,163,0,0,0,0,0,0,0,0,0,0,0,0,,,,,0,0,,,0,,0,attack,s02
41,164,0,0,0,0,0,0,0,0,0,0,0,0,,,,,0,0,,,0,,0,attack,s02
41,165,0,1,0,0,0,0,0,0,0,0,1,0,,,,,0,0,,,0,,0,attack,s02
41,166,0,0,0,0,0,0,0,0,0,0,0,0,,,,,0,0,,,0,,0,attack,s02
41,167,0,0,0,0,0,0,0,0,0,0,0,0,,,,,0,0,,,0,,0,attack,s02
41,168,0,0,0,0,0,0,0,0,0,0,0,0,512.0,20.0,4.0,,0,0,,,0,,0,attack,s02
41,169,0,1,0,0,0,0,0,0,0,0,1,0,,,,,0,0,,,0,,0,attack,s02
41,170,1,0,0,0,0,0,0,0,0,0,0,0,,,,,0,0,,,0,,0,attack,s02
41,171,0,1,0,0,0,0,0,0,0,0,1,0,,,,,0,0,,,0,,0,attack,s02
41,172,0,0,0,0,0,0,0,0,0,0,0,0,,,,,0,0,,,0,,0,attack,s02
41,173,0,0,0,0,0,0,0,0,0,0,0,0,,,,,0,0,,,0,,0,attack,s02
41,174,1,0,0,0,0,0,0,0,0,0,0,0,512.0,20.0,4.0,,0,0,,,0,,0,attack,s02
41,175,0,0,0,0,0,0,0,0,0,0,0,0,,,,,0,0,,,0,,0,attack,s02
41,176,0,1,0,0,0,0,0,0,0,0,1,0,,,,,0,0,,,0,,0,attack,s02
41,177,0,0,0,0,0,0,0,0,0,0,0,0,,,,,0,0,,,0,,0,attack,s02
41,178,0,0,0,0,0,0,0,0,0,0,0,0,,,,,0,0,,,0,,0,attack,s02
41,179,0,0,0,0,0,0,0,0,0,0,0,0,,,,,0,0,,,0,,0,attack,s02
41,180,0,0,1,1,0,0,0,0,0,0,0,0,512.0,20.0,4.0,,0,0,,,0,,0,attack,s02
41,181,0,0,0,0,0,0,0,0,0,0,0,0,,,,,0,0,,,0,,0,attack,s02
42,0,0,0,0,0,0,0,0,0,0,0,0,0,,,,,0,0,,,0,,0,attack,s02
42,1,0,0,0,0,0,0,0,0,0,0,0,0,,,,,0,0,,,0,,0,attack,s02
42,2,0,0,0,0,1,0,0,0,0,1,0,0,,,,,0,0,,,0,,0,attack,s02
42,3,4,1,0,0,0,0,0,1,0,0,1,0,720.0,0.0,1.0,,0,0,,,0,,0,attack,s02
42,4,1,2,1,1,0,0,0,0,0,0,1,0,,,,,0,0,,,0,,0,attack,s02
42,5,1,2,0,0,0,0,0,0,0,0,1,0,,,,,0,0,,,0,,0,attack,s02
42,6,1,1,0,0,0,0,0,0,0,0,1,0,711.0,14.0,3.0,,0,0,,,0,,0,attack,s02
42,7,0,1,0,0,0,0,0,0,0,0,1,0,,,,,0,0,,,0,,0,attack,s02
42,8,0,1,0,0,0,0,0,0,0,0,1,0,,,,,0,0,,,0,,0,attack,s02
42,9,1,1,0,0,0,0,0,0,0,0,1,0,,,,,0,1,0.0,,0,,0,attack,s02
42,10,0,1,0,0,0,0,0,0,0,0,1,0,,,,,0,0,,,1,90.0,0,attack,s02
42,11,0,1,0,0,0,0,0,0,0,0,1,0,,,,,0,0,,,0,,0,attack,s02
42,12,1,0,0,0,0,0,0,0,0,0,0,0,659.0,16.0,4.0,,0,0,,,0,,0,attack,s02
42,13,0,0,0,0,0,0,0,0,0,0,0,0,,,,,0,0,,,0,,0,attack,s02
42,14,1,4,0,0,0,0,0,0,0,0,1,0,,,,,0,0,,,0,,0,attack,s02
42,15,0,3,0,0,0,0,0,0,0,0,1,0,,,,,0,1,100.0,1.6666388893518442,1,108.0,0,attack,s02
42,16,0,2,0,0,0,0,0,0,0,0,1,0,,,,,0,0,,,0,,0,attack,s02
42,17,0,0,0,0,0,0,0,0,0,0,0,0,,,,,0,0,,,0,,0,attack,s02
42,18,0,1,0,0,0,0,0,0,0,0,1,0,623.0,17.0,4.0,,0,0,,,0,,0,attack,s02
42,19,0,2,0,0,0,0,0,0,0,0,1,0,,,,,0,0,,,0,,0,attack,s02
42,20,1,2,0,0,0,0,0,0,0,0,1,0,,,,,0,0,,,0,,0,attack,s02
42,21,0,1,0,0,0,0,0,0,0,0,1,0,,,,,0,1,100.0,1.6666388893518442,1,119.0,0,attack,s02
42,22,0,0,0,0,0,0,0,0,0,0,0,0,,,,,0,0,,,0,,0,attack,s02
42,23,0,0,0,0,0,0,0,0,0,0,0,0,,,,,0,0,,,0,,0,attack,s02
42,24,0,3,0,0,0,0,0,0,0,0,1,0,617.0,17.0,4.0,,0,0,,,0,,0,attack,s02
42,25,0,2,0,0,0,0,0,0,0,0,1,0,,,,,0,0,,,0,,0,attack,s02
42,26,0,0,0,0,0,0,0,0,0,0,0,0,,,,,0,0,,,0,,0,attack,s02
42,27,0,1,0,0,0,0,0,0,0,0,1,0,,,,,0,1,99.0,1.6499725004583257,1,103.0,0,attack,s02
42,28,0,0,0,0,0,0,0,0,0,0,0,0,,,,,0,0,,,0,,0,attack,s02
42,29,1,0,0,0,0,0,0,0,0,0,0,0,,,,,0,0,,,0,,0,attack,s02
42,30,1,1,0,0,0,0,0,0,0,0,1,0,564.0,17.0,4.0,,0,0,,,0,,0,attack,s02
42,31,0,0,0,0,0,0,0,0,0,0,0,0,,,,,0,0,,,0,,0,attack,s02
42,32,0,1,0,0,0,0,0,0,0,0,1,0,,,,,0,0,,,0,,0,attack,s02
42,33,0,0,0,0,0,0,0,0,0,0,0,0,,,,,0,1,99.0,1.6499725004583257,1,97.0,0,attack,s02
42,34,0,1,0,0,0,0,0,0,0,0,1,0,,,,,0,0,,,0,,0,attack,s02
42,35,0,1,0,0,0,0,0,0,0,0,1,0,,,,,0,0,,,0,,0,attack,s02
42,36,0,0,0,0,0,0,0,0,0,0,0,0,552.0,18.0,4.0,,0,0,,,0,,0,attack,s02
42,37,1,0,0,0,0,0,0,0,0,0,0,0,,,,,0,0,,,0,,0,attack,s02
42,38,0,0,0,0,0,0,0,0,0,0,0,0,,,,,0,0,,,0,,0,attack,s02
42,39,0,1,0,0,0,0,0,0,0,0,1,0,,,,,0,1,99.0,1.6499725004583257,1,98.0,0,attack,s02
42,40,0,1,0,0,0,0,0,0,0,0,1,0,,,,,0,0,,,0,,0,attack,s02
42,41,0,0,0,0,0,0,0,0,0,0,0,0,,,,,0,0,,,0,,0,attack,s02
42,42,0,0,0,0,0,0,0,0,0,0,0,0,548.0,18.0,4.0,,0,0,,,0,,0,attack,s02
42,43,0,1,0,0,0,0,0,0,0,0,1,0,,,,,0,0,,,0,,0,attack,s02
42,44,0,0,0,0,0,0,0,0,0,0,0,0,,,,,0,0,,,0,,0,attack,s02
42,45,1,0,0,0,0,0,0,0,0,0,0,0,,,,,0,1,99.0,1.6499725004583257,1,97.0,0,attack,s02
42,46,0,0,0,0,0,0,0,0,0,0,0,0,,,,,0,0,,,0,,0,attack,s02
42,47,0,1,0,0,0,0,0,0,0,0,1,0,,,,,0,0,,,0,,0,attack,s02
42,48,0,0,0,0,0,0,0,0,0,0,0,0,544.0,18.0,4.0,,0,0,,,0,,0,attack,s02
42,49,0,0,0,0,0,0,0,0,0,0,0,0,,,,,0,0,,,0,,0,attack,s02
42,50,0,0,0,0,0,0,0,0,0,0,0,0,,,,,0,0,,,0,,0,attack,s02
42,51,0,1,0,0,0,0,0,0,0,0,1,0,,,,,0,1,98.0,1.6333061115648073,1,117.0,0,attack,s02
42,52,1,0,0,0,0,0,0,0,0,0,0,0,,,,,0,0,,,0,,0,attack,s02
42,53,0,0,0,0,0,0,0,0,0,0,0,0,,,,,0,0,,,0,,0,attack,s02
42,54,0,0,0,0,0,0,0,0,0,0,0,0,540.0,18.0,4.0,,0,0,,,0,,0,attack,s02
42,55,1,0,0,0,0,0,0,0,0,0,0,0,,,,,0,0,,,0,,0,attack,s02
42,56,0,0,0,0,0,0,0,0,0,0,0,0,,,,,0,0,,,0,,0,attack,s02
42,57,0,0,0,0,0,0,0,0,0,0,0,0,,,,,0,1,99.0,1.6499725004583257,1,95.0,0,attack,s02
42,58,0,0,0,0,0,0,0,0,0,0,0,0,,,,,0,0,,,0,,0,attack,s02
42,59,0,0,0,0,0,0,0,0,0,0,0,0,,,,,0,0,,,0,,0,attack,s02
42,60,0,0,0,0,0,0,0,0,0,0,0,0,537.0,19.0,4.0,,0,0,,,0,,0,attack,s02
42,61,1,1,0,0,0,0,0,0,0,0,1,0,,,,,0,0,,,0,,0,attack,s02
42,62,0,0,0,0,0,0,0,0,0,0,0,0,,,,,0,0,,,0,,0,attack,s02
42,63,0,0,0,0,0,0,0,0,0,0,0,0,,,,,0,1,98.0,1.6333061115648073,1,96.0,0,attack,s02
42,64,0,0,0,0,0,0,0,0,0,0,0,0,,,,,0,0,,,0,,0,attack,s02
42,65,0,1,0,0,0,0,0,0,0,0,1,0,,,,,0,0,,,0,,0,attack,s02
42,66,1,0,0,0,0,0,0,0,0,0,0,0,534.0,19.0,4.0,,0,0,,,0,,0,attack,s02
42,67,0,0,0,0,0,0,0,0,0,0,0,0,,,,,0,0,,,0,,0,attack,s02
42,68,0,0,0,0,0,0,0,0,0,0,0,0,,,,,0,0,,,0,,0,attack,s02
42,69,0,0,0,0,0,0,0,0,0,0,0,0,,,,,0,1,99.0,1.6499725004583257,1,114.0,0,attack,s02
42,70,1,0,0,0,0,0,0,0,0,0,0,0,,,,,0,0,,,0,,0,attack,s02
42,71,0,0,0,0,0,0,0,0,0,0,0,0,,,,,0,0,,,0,,0,attack,s02
42,72,0,0,1,1,0,0,0,1,0,0,0,0,456.0,19.0,4.0,0.0,0,0,,,0,,0,attack,s02
42,73,0,0,0,0,0,0,0,0,0,0,0,0,,,,,0,0,,,0,,0,attack,s02
42,74,0,0,0,0,0,0,0,0,0,0,0,0,,,,,0,0,,,0,,0,attack,s02
42,75,0,0,0,0,0,0,0,0,0,0,0,0,,,,,0,1,99.0,1.6499725004583257,1,113.0,0,attack,s02
42,76,0,1,0,0,0,0,0,0,0,0,1,0,,,,,0,0,,,0,,0,attack,s02
42,77,0,0,0,0,0,0,0,0,0,0,0,0,,,,,0,0,,,0,,0,attack,s02
42,78,0,1,0,0,0,0,0,0,0,0,1,0,429.0,19.0,4.0,,0,0,,,0,,0,attack,s02
42,79,1,0,0,0,0,0,0,0,0,0,0,0,,,,,0,0,,,0,,0,attack,s02
42,80,0,0,0,0,0,0,0,0,0,0,0,0,,,,,0,0,,,0,,0,attack,s02
42,81,0,0,0,0,0,0,0,0,0,0,0,0,,,,,0,1,99.0,1.6499725004583257,1,108.0,0,attack,s02
42,82,0,0,0,0,0,0,0,0,0,0,0,0,,,,,0,0,,,0,,0,attack,s02
42,83,1,0,0,0,0,0,0,0,0,0,0,0,,,,,0,0,,,0,,0,attack,s02
42,84,0,0,0,0,0,0,0,0,0,0,0,0,416.0,19.0,4.0,,0,0,,,0,,0,attack,s02
42,85,1,0,0,0,0,0,0,0,0,0,0,0,,,,,0,0,,,0,,0,attack,s02
42,86,0,1,0,0,0,0,0,0,0,0,1,0,,,,,0,0,,,0,,0,attack,s02
42,87,0,1,0,0,0,0,0,0,0,0,1,0,,,,,0,1,99.0,1.6499725004583257,1,113.0,0,attack,s02
42,88,0,1,0,0,0,0,0,0,0,0,1,0,,,,,0,0,,,0,,0,attack,s02
42,89,0,0,0,0,0,0,0,0,0,0,0,0,,,,,0,0,,,0,,0,attack,s02
42,90,0,2,0,0,0,0,0,0,0,0,1,0,412.0,19.0,4.0,,0,0,,,0,,0,attack,s02
42,91,0,1,0,0,0,0,0,0,0,0,1,0,,,,,0,0,,,0,,0,attack,s02
42,92,0,1,0,0,0,0,0,0,0,0,1,0,,,,,0,0,,,0,,0,attack,s02
42,93,0,0,0,0,0,0,0,0,0,0,0,0,,,,,0,1,98.0,1.6333061115648073,1,122.0,0,attack,s02
42,94,0,1,0,0,0,0,0,0,0,0,1,0,,,,,0,0,,,0,,0,attack,s02
42,95,1,0,0,0,0,0,0,0,0,0,0,0,,,,,0,0,,,0,,0,attack,s02
42,96,0,0,0,0,0,0,0,0,0,0,0,0,409.0,19.0,4.0,,0,0,,,0,,0,attack,s02
42,97,0,1,0,0,0,0,0,0,0,0,1,0,,,,,0,0,,,0,,0,attack,s02
42,98,0,0,0,0,0,0,0,0,0,0,0,0,,,,,0,0,,,0,,0,attack,s02
42,99,1,0,0,0,0,0,0,0,0,0,0,0,,,,,0,1,99.0,1.6499725004583257,1,92.0,0,attack,s02
42,100,0,0,0,0,0,0,0,0,0,0,0,0,,,,,0,0,,,0,,0,attack,s02
42,101,0,0,0,0,0,0,0,0,0,0,0,0,,,,,0,0,,,0,,0,attack,s02
42,102,0,0,0,0,0,0,0,0,0,0,0,0,406.0,19.0,4.0,,0,0,,,0,,0,attack,s02
42,103,0,0,0,0,0,0,0,0,0,0,0,0,,,,,0,0,,,0,,0,attack,s02
42,104,0,2,0,0,0,0,0,0,0,0,1,0,,,,,0,0,,,0,,0,attack,s02
42,105,0,0,0,0,0,0,0,0,0,0,0,0,,,,,0,1,99.0,1.6499725004583257,1,127.0,0,attack,s02
42,106,0,0,0,0,0,0,0,0,0,0,0,0,,,,,0,0,,,0,,0,attack,s02
42,107,0,0,0,0,0,0,0,0,0,0,0,0,,,,,0,0,,,0,,0,attack,s02
42,108,0,0,0,0,0,0,0,0,0,0,0,0,403.0,19.0,4.0,,0,0,,,0,,0,attack,s02
42,109,0,2,0,0,0,0,0,0,0,0,1,0,,,,,0,0,,,0,,0,attack,s02
42,110,1,1,0,0,0,0,0,0,0,0,1,0,,,,,0,0,,,0,,0,attack,s02
42,111,0,0,0,0,0,0,0,0,0,0,0,0,,,,,0,1,99.0,1.6499725004583257,1,112.0,0,attack,s02
42,112,0,0,0,0,0,0,0,0,0,0,0,0,,,,,0,0,,,0,,0,attack,s02
42,113,0,0,0,0,0,0,0,0,0,0,0,0,,,,,0,0,,,0,,0,attack,s02
42,114,0,0,0,0,0,0,0,0,0,0,0,0,401.0,20.0,4.0,,0,0,,,0,,0,attack,s02
42,115,1,0,0,0,0,0,0,0,0,0,0,0,,,,,0,0,,,0,,0,attack,s02
42,116,0,0,0,0,0,0,0,0,0,0,0,0,,,,,0,0,,,0,,0,attack,s02
42,117,0,0,0,0,0,0,0,0,0,0,0,0,,,,,0,1,99.0,1.6499725004583257,1,119.0,0,attack,s02
42,118,0,0,0,0,0,0,0,0,0,0,0,0,,,,,0,0,,,0,,0,attack,s02
42,119,0,0,0,0,0,0,0,0,0,0,0,0,,,,,0,0,,,0,,0,attack,s02
42,120,0,0,0,0,0,0,0,0,0,0,0,0,399.0,20.0,4.0,,0,0,,,0,,0,attack,s02
42,121,0,0,0,0,0,0,0,0,0,0,0,0,,,,,0,0,,,0,,0,attack,s02
42,122,0,0,0,0,0,0,0,0,0,0,0,0,,,,,0,0,,,0,,0,attack,s02
42,123,0,0,0,0,0,0,0,0,0,0,0,0,,,,,0,1,98.0,1.6333061115648073,1,128.0,0,attack,s02
42,124,0,0,0,0,0,0,0,0,0,0,0,0,,,,,0,0,,,0,,0,attack,s02
42,125,1,0,0,0,0,0,0,0,0,0,0,0,,,,,0,0,,,0,,0,attack,s02
42,126,0,0,0,0,0,0,0,0,0,0,0,0,397.0,20.0,4.0,,0,0,,,0,,0,attack,s02
42,127,0,0,0,0,0,0,0,0,0,0,0,0,,,,,0,0,,,0,,0,attack,s02
42,128,0,0,0,0,0,0,0,0,0,0,0,0,,,,,0,0,,,0,,0,attack,s02
42,129,0,0,0,0,0,0,0,0,0,0,0,0,,,,,0,1,99.0,1.6499725004583257,1,129.0,0,attack,s02
42,130,0,0,0,0,0,0,0,0,0,0,0,0,,,,,0,0,,,0,,0,attack,s02
42,131,0,0,0,0,0,0,0,0,0,0,0,0,,,,,0,0,,,0,,0,attack,s02
42,132,0,0,0,0,0,0,0,0,0,0,0,0,395.0,20.0,4.0,,0,0,,,0,,0,attack,s02
42,133,1,0,0,0,0,0,0,0,0,0,0,0,,,,,0,0,,,0,,0,attack,s02
42,134,0,0,0,0,0,0,0,0,0,0,0,0,,,,,0,0,,,0,,0,attack,s02
42,135,0,0,0,0,0,0,0,0,0,0,0,0,,,,,0,1,99.0,1.6499725004583257,1,127.0,0,attack,s02
42,136,0,1,0,0,0,0,0,0,0,0,1,0,,,,,0,0,,,0,,0,attack,s02
42,137,0,0,0,0,0,0,0,0,0,0,0,0,,,,,0,0,,,0,,0,attack,s02
42,138,0,0,0,0,0,0,0,0,0,0,0,0,393.0,20.0,4.0,,0,0,,,0,,0,attack,s02
42,139,0,0,0,0,0,0,0,0,0,0,0,0,,,,,0,0,,,0,,0,attack,s02
42,140,0,0,0,0,0,0,0,0,0,0,0,0,,,,,0,0,,,0,,0,attack,s02
42,141,0,0,0,0,0,0,0,0,0,0,0,0,,,,,0,1,98.0,1.6333061115648073,1,117.0,0,attack,s02
42,142,0,0,0,0,0,0,0,0,0,0,0,0,,,,,0,0,,,0,,0,attack,s02
42,143,1,0,0,0,0,0,0,0,0,0,0,0,,,,,0,0,,,0,,0,attack,s02
42,144,0,0,0,0,0,0,0,0,0,0,0,0,392.0,20.0,4.0,,0,0,,,0,,0,attack,s02
42,145,0,0,0,0,0,0,0,0,0,0,0,0,,,,,0,0,,,0,,0,attack,s02
42,146,0,0,0,0,0,0,0,0,0,0,0,0,,,,,0,0,,,0,,0,attack,s02
42,147,0,0,0,0,0,0,0,0,0,0,0,0,,,,,0,1,98.0,1.6333061115648073,1,125.0,0,attack,s02
42,148,0,0,0,0,0,0,0,0,0,0,0,0,,,,,0,0,,,0,,0,attack,s02
42,149,0,0,0,0,0,0,0,0,0,0,0,0,,,,,0,0,,,0,,0,attack,s02
42,150,0,0,0,0,0,0,0,0,0,0,0,0,391.0,20.0,4.0,,0,0,,,0,,0,attack,s02
42,151,0,0,0,0,0,0,0,0,0,0,0,0,,,,,0,0,,,0,,0,attack,s02
42,152,1,0,0,0,0,0,0,0,0,0,0,0,,,,,0,0,,,0,,0,attack,s02
42,153,0,0,0,0,0,0,0,0,0,0,0,0,,,,,0,1,98.0,1.6333061115648073,1,125.0,0,attack,s02
42,154,0,0,0,0,0,0,0,0,0,0,0,0,,,,,0,0,,,0,,0,attack,s02
42,155,0,0,0,0,0,0,0,0,0,0,0,0,,,,,0,0,,,0,,0,attack,s02
42,156,0,1,0,0,0,0,0,0,0,0,1,0,390.0,20.0,4.0,,0,0,,,0,,0,attack,s02
42,157,0,0,0,0,0,0,0,0,0,0,0,0,,,,,0,0,,,0,,0,attack,s02
42,158,1,1,0,0,0,0,0,0,0,0,1,0,,,,,0,0,,,0,,0,attack,s02
42,159,0,0,0,0,0,0,0,0,0,0,0,0,,,,,0,1,99.0,1.6499725004583257,1,96.0,0,attack,s02
42,160,0,0,0,0,0,0,0,0,0,0,0,0,,,,,0,0,,,0,,0,attack,s02
42,161,0,0,0,0,0,0,0,0,0,0,0,0,,,,,0,0,,,0,,0,attack,s02
42,162,0,1,0,0,0,0,0,0,0,0,1,0,389.0,20.0,4.0,,0,0,,,0,,0,attack,s02
42,163,0,0,0,0,0,0,0,0,0,0,0,0,,,,,0,0,,,0,,0,attack,s02
42,164,0,0,0,0,0,0,0,0,0,0,0,0,,,,,0,0,,,0,,0,attack,s02
42,165,0,0,0,0,0,0,0,0,0,0,0,0,,,,,0,1,99.0,1.6499725004583257,1,90.0,0,attack,s02
42,166,1,1,0,0,0,0,0,0,0,0,1,0,,,,,0,0,,,0,,0,attack,s02
42,167,0,0,0,0,0,0,0,0,0,0,0,0,,,,,0,0,,,0,,0,attack,s02
42,168,0,0,0,0,0,0,0,0,0,0,0,0,388.0,20.0,4.0,,0,0,,,0,,0,attack,s02
42,169,1,0,0,0,0,0,0,0,0,0,0,0,,,,,0,0,,,0,,0,attack,s02
42,170,0,0,0,0,0,0,0,0,0,0,0,0,,,,,0,0,,,0,,0,attack,s02
42,171,1,0,0,0,0,0,0,0,0,0,0,0,,,,,0,1,98.0,1.6333061115648073,1,106.0,0,attack,s02
42,172,0,0,0,0,0,0,0,0,0,0,0,0,,,,,0,0,,,0,,0,attack,s02
42,173,0,0,0,0,0,0,0,0,0,0,0,0,,,,,0,0,,,0,,0,attack,s02
42,174,0,1,0,0,0,0,0,0,0,0,1,0,387.0,20.0,4.0,,0,0,,,0,,0,attack,s02
42,175,0,0,0,0,0,0,0,0,0,0,0,0,,,,,0,0,,,0,,0,attack,s02
42,176,1,0,0,0,0,0,0,0,0,0,0,0,,,,,0,0,,,0,,0,attack,s02
42,177,0,0,0,0,0,0,0,0,0,0,0,0,,,,,0,1,99.0,1.6499725004583257,1,96.0,0,attack,s02
42,178,0,1,0,0,0,0,0,0,0,0,1,0,,,,,0,0,,,0,,0,attack,s02
42,179,0,0,0,0,0,0,0,0,0,0,0,0,,,,,0,0,,,0,,0,attack,s02
42,180,0,1,0,0,0,0,0,0,0,0,1,0,386.0,20.0,4.0,,0,0,,,0,,0,attack,s02
42,181,0,0,0,0,0,0,0,0,0,0,0,0,,,,,0,0,,,0,,0,attack,s02
43,0,0,0,0,0,0,0,0,0,0,0,0,0,,,,,0,0,,,0,,0,attack,s02
43,1,0,0,0,0,0,0,0,0,0,0,0,0,,,,,0,0,,,0,,0,attack,s02
43,2,0,0,0,0,1,0,0,0,0,1,0,0,,,,,0,0,,,0,,0,attack,s02
43,3,0,0,0,0,0,0,0,0,0,0,0,0,,,,,0,0,,,0,,0,attack,s02
43,4,2,3,0,0,0,0,0,1,0,0,1,0,816.0,0.0,1.0,,0,0,,,0,,0,attack,s02
43,5,1,3,1,1,0,0,0,0,0,0,1,0,,,,,0,0,,,0,,0,attack,s02
43,6,1,2,0,0,0,0,0,0,0,0,1,0,784.0,13.0,4.0,,0,0,,,0,,0,attack,s02
43,7,1,1,0,0,0,0,0,0,0,0,1,0,,,,,0,0,,,0,,0,attack,s02
43,8,0,0,0,0,0,0,0,0,0,0,0,0,,,,,0,1,0.0,,1,118.0,0,attack,s02
43,9,0,1,0,0,0,0,0,0,0,0,1,0,,,,,0,0,,,0,,0,attack,s02
43,10,0,2,0,0,0,0,0,0,0,0,1,0,,,,,0,0,,,0,,0,attack,s02
43,11,1,0,0,0,0,0,0,0,0,0,0,0,,,,,0,0,,,0,,0,attack,s02
43,12,1,0,0,0,0,0,0,0,0,0,0,0,711.0,16.0,4.0,,0,0,,,0,,0,attack,s02
43,13,0,0,0,0,0,0,0,0,0,0,0,0,,,,,0,0,,,0,,0,attack,s02
43,14,0,2,0,0,0,0,0,0,0,0,1,0,,,,,0,1,99.0,1.6499725004583257,1,90.0,0,attack,s02
43,15,1,1,0,0,0,0,0,0,0,0,1,0,,,,,0,0,,,0,,0,attack,s02
43,16,1,1,0,0,0,0,0,0,0,0,1,0,,,,,0,0,,,0,,0,attack,s02
43,17,0,1,0,0,0,0,0,0,0,0,1,0,,,,,0,0,,,0,,0,attack,s02
43,18,0,1,0,0,0,0,0,0,0,0,1,0,676.0,17.0,4.0,,0,0,,,0,,0,attack,s02
43,19,0,0,0,0,0,0,0,0,0,0,0,0,,,,,0,0,,,0,,0,attack,s02
43,20,0,0,0,0,0,0,0,0,0,0,0,0,,,,,0,1,99.0,1.6499725004583257,1,104.0,0,attack,s02
43,21,0,0,0,0,0,0,0,0,0,0,0,0,,,,,0,0,,,0,,0,attack,s02
43,22,0,0,0,0,0,0,0,0,0,0,0,0,,,,,0,0,,,0,,0,attack,s02
43,23,0,0,0,0,0,0,0,0,0,0,0,0,,,,,0,0,,,0,,0,attack,s02
43,24,0,0,0,0,0,0,0,0,0,0,0,0,643.0,17.0,4.0,,0,0,,,0,,0,attack,s02
43,25,1,1,0,0,0,0,0,0,0,0,1,0,,,,,0,0,,,0,,0,attack,s02
43,26,1,0,0,0,0,0,0,0,0,0,0,0,,,,,0,1,99.0,1.6499725004583257,1,101.0,0,attack,s02
43,27,0,2,0,0,0,0,0,0,0,0,1,0,,,,,0,0,,,0,,0,attack,s02
43,28,0,0,0,0,0,0,0,0,0,0,0,0,,,,,0,0,,,0,,0,attack,s02
43,29,0,1,0,0,0,0,0,0,0,0,1,0,,,,,0,0,,,0,,0,attack,s02
43,30,0,1,0,0,0,0,0,0,0,0,1,0,605.0,17.0,4.0,,0,0,,,0,,0,attack,s02
43,31,0,0,0,0,0,0,0,0,0,0,0,0,,,,,0,0,,,0,,0,attack,s02
43,32,0,0,0,0,0,0,0,0,0,0,0,0,,,,,0,1,98.0,1.6333061115648073,1,103.0,0,attack,s02
43,33,0,0,0,0,0,0,0,0,0,0,0,0,,,,,0,0,,,0,,0,attack,s02
43,34,1,0,0,0,0,0,0,0,0,0,0,0,,,,,0,0,,,0,,0,attack,s02
43,35,0,1,0,0,0,0,0,0,0,0,1,0,,,,,0,0,,,0,,0,attack,s02
43,36,0,0,0,0,0,0,0,0,0,0,0,0,596.0,18.0,4.0,,0,0,,,0,,0,attack,s02
43,37,0,1,0,0,0,0,0,0,0,0,1,0,,,,,0,0,,,0,,0,attack,s02
43,38,0,0,0,0,0,0,0,0,0,0,0,0,,,,,0,1,99.0,1.6499725004583257,1,108.0,0,attack,s02
43,39,0,0,0,0,0,0,0,0,0,0,0,0,,,,,0,0,,,0,,0,attack,s02
43,40,0,0,0,0,0,0,0,0,0,0,0,0,,,,,0,0,,,0,,0,attack,s02
43,41,1,0,0,0,0,0,0,0,0,0,0,0,,,,,0,0,,,0,,0,attack,s02
43,42,0,0,0,0,0,0,0,0,0,0,0,0,588.0,18.0,4.0,,0,0,,,0,,0,attack,s02
43,43,0,1,0,0,0,0,0,0,0,0,1,0,,,,,0,0,,,0,,0,attack,s02
43,44,0,1,0,0,0,0,0,0,0,0,1,0,,,,,0,1,99.0,1.6499725004583257,1,100.0,0,attack,s02
43,45,0,0,0,0,0,0,0,0,0,0,0,0,,,,,0,0,,,0,,0,attack,s02
43,46,0,0,0,0,0,0,0,0,0,0,0,0,,,,,0,0,,,0,,0,attack,s02
43,47,0,2,0,0,0,0,0,0,0,0,1,0,,,,,0,0,,,0,,0,attack,s02
43,48,0,0,0,0,0,0,0,0,0,0,0,0,575.0,18.0,4.0,,0,0,,,0,,0,attack,s02
43,49,1,0,0,0,0,0,0,0,0,0,0,0,,,,,0,0,,,0,,0,attack,s02
43,50,0,1,0,0,0,0,0,0,0,0,1,0,,,,,0,1,99.0,1.6499725004583257,1,128.0,0,attack,s02
43,51,1,0,0,0,0,0,0,0,0,0,0,0,,,,,0,0,,,0,,0,attack,s02
43,52,0,1,0,0,0,0,0,0,0,0,1,0,,,,,0,0,,,0,,0,attack,s02
43,53,0,0,0,0,0,0,0,0,0,0,0,0,,,,,0,0,,,0,,0,attack,s02
43,54,0,0,0,0,0,0,0,0,0,0,0,0,568.0,18.0,4.0,,0,0,,,0,,0,attack,s02
43,55,0,0,0,0,0,0,0,0,0,0,0,0,,,,,0,0,,,0,,0,attack,s02
43,56,0,1,0,0,0,0,0,0,0,0,1,0,,,,,0,1,99.0,1.6499725004583257,1,101.0,0,attack,s02
43,57,0,0,0,0,0,0,0,0,0,0,0,0,,,,,0,0,,,0,,0,attack,s02
43,58,1,0,0,0,0,0,0,0,0,0,0,0,,,,,0,0,,,0,,0,attack,s02
43,59,0,0,0,0,0,0,0,0,0,0,0,0,,,,,0,0,,,0,,0,attack,s02
43,60,0,0,0,0,0,0,0,0,0,0,0,0,562.0,19.0,4.0,,0,0,,,0,,0,attack,s02
43,61,0,1,0,0,0,0,0,0,0,0,1,0,,,,,0,0,,,0,,0,attack,s02
43,62,0,0,0,0,0,0,0,0,0,0,0,0,,,,,0,1,98.0,1.6333061115648073,1,95.0,0,attack,s02
43,63,0,0,0,0,0,0,0,0,0,0,0,0,,,,,0,0,,,0,,0,attack,s02
43,64,0,0,0,0,0,0,0,0,0,0,0,0,,,,,0,0,,,0,,0,attack,s02
43,65,1,0,0,0,0,0,0,0,0,0,0,0,,,,,0,0,,,0,,0,attack,s02
43,66,0,2,0,0,0,0,0,0,0,0,1,0,557.0,19.0,4.0,,0,0,,,0,,0,attack,s02
43,67,0,0,0,0,0,0,0,0,0,0,0,0,,,,,0,0,,,0,,0,attack,s02
43,68,0,0,0,0,0,0,0,0,0,0,0,0,,,,,0,1,99.0,1.6499725004583257,1,117.0,0,attack,s02
43,69,0,0,0,0,0,0,0,0,0,0,0,0,,,,,0,0,,,0,,0,attack,s02
43,70,0,1,0,0,0,0,0,0,0,0,1,0,,,,,0,0,,,0,,0,attack,s02
43,71,0,1,0,0,0,0,0,0,0,0,1,0,,,,,0,0,,,0,,0,attack,s02
43,72,0,0,0,0,0,0,0,0,0,0,0,0,552.0,19.0,4.0,,0,0,,,0,,0,attack,s02
43,73,0,0,0,0,0,0,0,0,0,0,0,0,,,,,0,0,,,0,,0,attack,s02
43,74,0,0,0,0,0,0,0,0,0,0,0,0,,,,,0,1,98.0,1.6333061115648073,1,109.0,0,attack,s02
43,75,0,0,0,0,0,0,0,0,0,0,0,0,,,,,0,0,,,0,,0,attack,s02
43,76,1,0,0,0,0,0,0,0,0,0,0,0,,,,,0,0,,,0,,0,attack,s02
43,77,0,0,0,0,0,0,0,0,0,0,0,0,,,,,0,0,,,0,,0,attack,s02
43,78,0,0,0,0,0,0,0,0,0,0,0,0,548.0,19.0,4.0,,0,0,,,0,,0,attack,s02
43,79,0,0,0,0,0,0,0,0,0,0,0,0,,,,,0,0,,,0,,0,attack,s02
43,80,0,0,0,0,0,0,0,0,0,0,0,0,,,,,0,1,99.0,1.6499725004583257,1,112.0,0,attack,s02
43,81,0,0,0,0,0,0,0,0,0,0,0,0,,,,,0,0,,,0,,0,attack,s02
43,82,0,0,0,0,0,0,0,0,0,0,0,0,,,,,0,0,,,0,,0,attack,s02
43,83,0,1,0,0,0,0,0,0,0,0,1,0,,,,,0,0,,,0,,0,attack,s02
43,84,0,0,0,0,0,0,0,0,0,0,0,0,544.0,19.0,4.0,,0,0,,,0,,0,attack,s02
43,85,0,0,0,0,0,0,0,0,0,0,0,0,,,,,0,0,,,0,,0,attack,s02
43,86,1,0,0,0,0,0,0,0,0,0,0,0,,,,,0,1,98.0,1.6333061115648073,1,98.0,0,attack,s02
43,87,0,0,0,0,0,0,0,0,0,0,0,0,,,,,0,0,,,0,,0,attack,s02
43,88,0,1,0,0,0,0,0,0,0,0,1,0,,,,,0,0,,,0,,0,attack,s02
43,89,0,0,0,0,0,0,0,0,0,0,0,0,,,,,0,0,,,0,,0,attack,s02
43,90,0,0,0,0,0,0,0,0,0,0,0,0,540.0,19.0,4.0,,0,0,,,0,,0,attack,s02
43,91,0,0,0,0,0,0,0,0,0,0,0,0,,,,,0,0,,,0,,0,attack,s02
43,92,0,1,0,0,0,0,0,0,0,0,1,0,,,,,0,1,98.0,1.6333061115648073,1,119.0,0,attack,s02
43,93,0,0,0,0,0,0,0,0,0,0,0,0,,,,,0,0,,,0,,0,attack,s02
43,94,0,0,0,0,0,0,0,0,0,0,0,0,,,,,0,0,,,0,,0,attack,s02
43,95,1,1,0,0,0,0,0,0,0,0,1,0,,,,,0,0,,,0,,0,attack,s02
43,96,0,0,0,0,0,0,0,0,0,0,0,0,537.0,19.0,4.0,,0,0,,,0,,0,attack,s02
43,97,0,0,0,0,0,0,0,0,0,0,0,0,,,,,0,0,,,0,,0,attack,s02
43,98,0,1,0,0,0,0,0,0,0,0,1,0,,,,,0,1,99.0,1.6499725004583257,1,130.0,0,attack,s02
43,99,0,0,0,0,0,0,0,0,0,0,0,0,,,,,0,0,,,0,,0,attack,s02
43,100,0,0,0,0,0,0,0,0,0,0,0,0,,,,,0,0,,,0,,0,attack,s02
43,101,0,0,0,0,0,0,0,0,0,0,0,0,,,,,0,0,,,0,,0,attack,s02
43,102,0,0,0,0,0,0,0,0,0,0,0,0,534.0,19.0,4.0,,0,0,,,0,,0,attack,s02
43,103,0,0,0,0,0,0,0,0,0,0,0,0,,,,,0,0,,,0,,0,attack,s02
43,104,1,1,0,0,0,0,0,0,0,0,1,0,,,,,0,1,98.0,1.6333061115648073,1,129.0,0,attack,s02
43,105,0,0,0,0,0,0,0,0,0,0,0,0,,,,,0,0,,,0,,0,attack,s02
43,106,0,0,0,0,0,0,0,0,0,0,0,0,,,,,0,0,,,0,,0,attack,s02
43,107,0,0,0,0,0,0,0,0,0,0,0,0,,,,,0,0,,,0,,0,attack,s02
43,108,0,2,0,0,0,0,0,0,0,0,1,0,531.0,19.0,4.0,,0,0,,,0,,0,attack,s02
43,109,1,1,0,0,0,0,0,0,0,0,1,0,,,,,0,0,,,0,,0,attack,s02
43,110,1,0,0,0,0,0,0,0,0,0,0,0,,,,,0,1,99.0,1.6499725004583257,1,93.0,0,attack,s02
43,111,0,0,0,0,0,0,0,0,0,0,0,0,,,,,0,0,,,0,,0,attack,s02
43,112,0,0,0,0,0,0,0,0,0,0,0,0,,,,,0,0,,,0,,0,attack,s02
43,113,0,0,0,0,0,0,0,0,0,0,0,0,,,,,0,0,,,0,,0,attack,s02
43,114,0,0,0,0,0,0,0,0,0,0,0,0,529.0,20.0,4.0,,0,0,,,0,,0,attack,s02
43,115,0,0,0,0,0,0,0,0,0,0,0,0,,,,,0,0,,,0,,0,attack,s02
43,116,0,0,0,0,0,0,0,0,0,0,0,0,,,,,0,1,99.0,1.6499725004583257,1,113.0,0,attack,s02
43,117,0,0,0,0,0,0,0,0,0,0,0,0,,,,,0,0,,,0,,0,attack,s02
43,118,0,1,0,0,0,0,0,0,0,0,1,0,,,,,0,0,,,0,,0,attack,s02
43,119,1,0,0,0,0,0,0,0,0,0,0,0,,,,,0,0,,,0,,0,attack,s02
43,120,0,0,0,0,0,0,0,0,0,0,0,0,527.0,20.0,4.0,,0,0,,,0,,0,attack,s02
43,121,0,0,0,0,0,0,0,0,0,0,0,0,,,,,0,0,,,0,,0,attack,s02
43,122,0,0,0,0,0,0,0,0,0,0,0,0,,,,,0,1,98.0,1.6333061115648073,1,110.0,0,attack,s02
43,123,0,1,0,0,0,0,0,0,0,0,1,0,,,,,0,0,,,0,,0,attack,s02
43,124,0,0,0,0,0,0,0,0,0,0,0,0,,,,,0,0,,,0,,0,attack,s02
43,125,1,1,0,0,0,0,0,0,0,0,1,0,,,,,0,0,,,0,,0,attack,s02
43,126,0,0,0,0,0,0,0,0,0,0,0,0,525.0,20.0,4.0,,0,0,,,0,,0,attack,s02
43,127,0,0,0,0,0,0,0,0,0,0,0,0,,,,,0,0,,,0,,0,attack,s02
43,128,0,0,0,0,0,0,0,0,0,0,0,0,,,,,0,1,99.0,1.6499725004583257,1,95.0,0,attack,s02
43,129,0,0,0,0,0,0,0,0,0,0,0,0,,,,,0,0,,,0,,0,attack,s02
43,130,0,0,0,0,0,0,0,0,0,0,0,0,,,,,0,0,,,0,,0,attack,s02
43,131,0,0,0,0,0,0,0,0,0,0,0,0,,,,,0,0,,,0,,0,attack,s02
43,132,0,0,0,0,0,0,0,0,0,0,0,0,523.0,20.0,4.0,,0,0,,,0,,0,attack,s02
43,133,1,0,0,0,0,0,0,0,0,0,0,0,,,,,0,0,,,0,,0,attack,s02
43,134,0,0,0,0,0,0,0,0,0,0,0,0,,,,,0,1,99.0,1.6499725004583257,1,108.0,0,attack,s02
43,135,0,0,0,0,0,0,0,0,0,0,0,0,,,,,0,0,,,0,,0,attack,s02
43,136,0,0,0,0,0,0,0,0,0,0,0,0,,,,,0,0,,,0,,0,attack,s02
43,137,0,0,0,0,0,0,0,0,0,0,0,0,,,,,0,0,,,0,,0,attack,s02
43,138,0,0,0,0,0,0,0,0,0,0,0,0,521.0,20.0,4.0,,0,0,,,0,,0,attack,s02
43,139,0,0,0,0,0,0,0,0,0,0,0,0,,,,,0,0,,,0,,0,attack,s02
43,140,1,0,0,0,0,0,0,0,0,0,0,0,,,,,0,1,98.0,1.6333061115648073,1,125.0,0,attack,s02
43,141,0,0,0,0,0,0,0,0,0,0,0,0,,,,,0,0,,,0,,0,attack,s02
43,142,0,0,0,0,0,0,0,0,0,0,0,0,,,,,0,0,,,0,,0,attack,s02
43,143,0,0,0,0,0,0,0,0,0,0,0,0,,,,,0,0,,,0,,0,attack,s02
43,144,0,0,0,0,0,0,0,0,0,0,0,0,520.0,20.0,4.0,,0,0,,,0,,0,attack,s02
43,145,0,0,0,0,0,0,0,0,0,0,0,0,,,,,0,0,,,0,,0,attack,s02
43,146,0,0,0,0,0,0,0,0,0,0,0,0,,,,,0,1,98.0,1.633305567138692,1,100.0,0,attack,s02
43,147,0,0,0,0,0,0,0,0,0,0,0,0,,,,,0,0,,,0,,0,attack,s02
43,148,0,0,0,0,0,0,0,0,0,0,0,0,,,,,0,0,,,0,,0,attack,s02
43,149,0,0,0,0,0,0,0,0,0,0,0,0,,,,,0,0,,,0,,0,attack,s02
43,150,0,0,0,0,0,0,0,0,0,0,0,0,519.0,20.0,4.0,,0,0,,,0,,0,attack,s02
43,151,0,0,0,0,0,0,0,0,0,0,0,0,,,,,0,0,,,0,,0,attack,s02
43,152,0,0,0,0,0,0,0,0,0,0,0,0,,,,,0,1,98.0,1.6333066559912854,1,108.0,0,attack,s02
43,153,0,0,0,0,0,0,0,0,0,0,0,0,,,,,0,0,,,0,,0,attack,s02
43,154,0,0,0,0,0,0,0,0,0,0,0,0,,,,,0,0,,,0,,0,attack,s02
43,155,0,0,0,0,0,0,0,0,0,0,0,0,,,,,0,0,,,0,,0,attack,s02
43,156,0,0,0,0,0,0,0,0,0,0,0,0,518.0,20.0,4.0,,0,0,,,0,,0,attack,s02
43,157,0,0,0,0,0,0,0,0,0,0,0,0,,,,,0,0,,,0,,0,attack,s02
43,158,0,0,0,0,0,0,0,0,0,0,0,0,,,,,0,1,99.0,1.6499725004583257,1,113.0,0,attack,s02
43,159,0,0,0,0,0,0,0,0,0,0,0,0,,,,,0,0,,,0,,0,attack,s02
43,160,0,0,0,0,0,0,0,0,0,0,0,0,,,,,0,0,,,0,,0,attack,s02
43,161,0,0,0,0,0,0,0,0,0,0,0,0,,,,,0,0,,,0,,0,attack,s02
43,162,0,1,0,0,0,0,0,0,0,0,1,0,517.0,20.0,4.0,,0,0,,,0,,0,attack,s02
43,163,0,0,0,0,0,0,0,0,0,0,0,0,,,,,0,0,,,0,,0,attack,s02
43,164,0,0,0,0,0,0,0,0,0,0,0,0,,,,,0,1,99.0,1.6499725004583257,1,108.0,0,attack,s02
43,165,0,0,0,0,0,0,0,0,0,0,0,0,,,,,0,0,,,0,,0,attack,s02
43,166,0,0,0,0,0,0,0,0,0,0,0,0,,,,,0,0,,,0,,0,attack,s02
43,167,0,0,0,0,0,0,0,0,0,0,0,0,,,,,0,0,,,0,,0,attack,s02
43,168,0,0,0,0,0,0,0,0,0,0,0,0,516.0,20.0,4.0,,0,0,,,0,,0,attack,s02
43,169,0,1,0,0,0,0,0,0,0,0,1,0,,,,,0,0,,,0,,0,attack,s02
43,170,0,0,0,0,0,0,0,0,0,0,0,0,,,,,0,1,98.0,1.6333061115648073,1,121.0,0,attack,s02
43,171,0,0,0,0,0,0,0,0,0,0,0,0,,,,,0,0,,,0,,0,attack,s02
43,172,0,0,0,0,0,0,0,0,0,0,0,0,,,,,0,0,,,0,,0,attack,s02
43,173,0,0,0,0,0,0,0,0,0,0,0,0,,,,,0,0,,,0,,0,attack,s02
43,174,1,1,0,0,0,0,0,0,0,0,1,0,515.0,20.0,4.0,,0,0,,,0,,0,attack,s02
43,175,0,0,1,1,0,0,0,0,0,0,0,0,,,,,0,0,,,0,,0,attack,s02
43,176,0,0,0,0,0,0,0,0,0,0,0,0,,,,,0,1,99.0,1.6499725004583257,1,95.0,0,attack,s02
43,177,0,0,0,0,0,0,0,0,0,0,0,0,,,,,0,0,,,0,,0,attack,s02
43,178,0,0,0,0,0,0,0,0,0,0,0,0,,,,,0,0,,,0,,0,attack,s02
43,179,0,0,0,0,0,0,0,0,0,0,0,0,,,,,0,0,,,0,,0,attack,s02
43,180,1,1,0,0,0,0,0,0,0,0,1,0,513.0,20.0,4.0,,0,0,,,0,,0,attack,s02
43,181,0,0,0,0,0,0,0,0,0,0,0,0,,,,,0,0,,,0,,0,attack,s02
44,0,0,0,0,0,0,0,0,0,0,0,0,0,,,,,0,0,,,0,,0,attack,s02
44,1,0,0,0,0,0,0,0,0,0,0,0,0,,,,,0,0,,,0,,0,attack,s02
44,2,0,0,0,0,0,0,0,0,0,0,0,0,,,,,0,0,,,0,,0,attack,s02
44,3,0,0,0,0,1,0,0,0,0,1,0,0,,,,,0,0,,,0,,0,attack,s02
44,4,0,1,0,0,0,0,0,0,0,0,1,0,,,,,0,0,,,0,,0,attack,s02
44,5,3,0,0,0,1,0,0,1,0,0,0,0,565.0,0.0,1.0,,0,0,,,0,,0,attack,s02
44,6,1,2,1,1,0,0,0,0,0,0,1,0,565.0,0.0,1.0,,0,0,,,0,,0,attack,s02
44,7,1,2,0,0,0,0,0,0,0,0,1,0,,,,,0,0,,,0,,0,attack,s02
44,8,1,1,0,0,0,0,0,0,0,0,1,0,,,,,0,1,0.0,,1,90.0,0,attack,s02
44,9,0,0,0,0,0,0,0,0,0,0,0,0,,,,,0,0,,,0,,0,attack,s02
44,10,1,2,0,0,0,0,0,0,0,0,1,0,,,,,0,0,,,0,,0,attack,s02
44,11,0,0,0,0,0,0,0,0,0,0,0,0,,,,,0,0,,,0,,0,attack,s02
44,12,0,0,0,0,0,0,0,0,0,0,0,0,595.0,15.0,2.0,,0,0,,,0,,0,attack,s02
44,13,0,0,0,0,0,0,0,0,0,0,0,0,,,,,0,0,,,0,,0,attack,s02
44,14,1,0,0,0,0,0,0,0,0,0,0,0,,,,,0,1,99.0,1.6499725004583257,1,121.0,0,attack,s02
44,15,0,1,0,0,0,0,0,0,0,0,1,0,,,,,0,0,,,0,,0,attack,s02
44,16,0,0,0,0,0,0,0,0,0,0,0,0,,,,,0,0,,,0,,0,attack,s02
44,17,0,1,0,0,0,0,0,0,0,0,1,0,,,,,0,0,,,0,,0,attack,s02
44,18,1,0,0,0,0,0,0,0,0,0,0,0,606.0,16.0,2.0,,0,0,,,0,,0,attack,s02
44,19,0,0,0,0,0,0,0,0,0,0,0,0,,,,,0,0,,,0,,0,attack,s02
44,20,0,0,0,0,0,0,0,0,0,0,0,0,,,,,0,1,99.0,1.6499725004583257,1,94.0,0,attack,s02
44,21,1,0,0,0,0,0,0,0,0,0,0,0,,,,,0,0,,,0,,0,attack,s02
44,22,0,0,0,0,0,0,0,0,0,0,0,0,,,,,0,0,,,0,,0,attack,s02
44,23,0,0,0,0,0,0,0,0,0,0,0,0,,,,,0,0,,,0,,0,attack,s02
44,24,0,0,0,0,0,0,0,0,0,0,0,0,593.0,17.0,2.0,,0,0,,,0,,0,attack,s02
44,25,0,0,0,0,0,0,0,0,0,0,0,0,,,,,0,0,,,0,,0,attack,s02
44,26,1,0,0,0,0,0,0,0,0,0,0,0,,,,,0,1,99.0,1.6499725004583257,1,127.0,0,attack,s02
44,27,0,0,0,0,0,0,0,0,0,0,0,0,,,,,0,0,,,0,,0,attack,s02
44,28,1,1,0,0,0,0,0,0,0,0,1,0,,,,,0,0,,,0,,0,attack,s02
44,29,0,0,0,0,0,0,0,0,0,0,0,0,,,,,0,0,,,0,,0,attack,s02
44,30,0,1,0,0,0,0,0,0,0,0,1,0,581.0,17.0,2.0,,0,0,,,0,,0,attack,s02
44,31,0,0,0,0,0,0,0,0,0,0,0,0,,,,,0,0,,,0,,0,attack,s02
44,32,0,0,0,0,0,0,0,0,0,0,0,0,,,,,0,1,98.0,1.6333061115648073,1,108.0,0,attack,s02
44,33,1,0,0,0,0,0,0,0,0,0,0,0,,,,,0,0,,,0,,0,attack,s02
44,34,0,0,0,0,0,0,0,0,0,0,0,0,,,,,0,0,,,0,,0,attack,s02
44,35,0,0,0,0,0,0,0,0,0,0,0,0,,,,,0,0,,,0,,0,attack,s02
44,36,0,0,0,0,0,0,0,0,0,0,0,0,581.0,18.0,2.0,,0,0,,,0,,0,attack,s02
44,37,0,0,0,0,0,0,0,0,0,0,0,0,,,,,0,0,,,0,,0,attack,s02
44,38,0,0,0,0,0,0,0,0,0,0,0,0,,,,,0,1,99.0,1.6499725004583257,1,116.0,0,attack,s02
44,39,0,0,0,0,0,0,0,0,0,0,0,0,,,,,0,0,,,0,,0,attack,s02
44,40,0,0,0,0,0,0,0,0,0,0,0,0,,,,,0,0,,,0,,0,attack,s02
44,41,0,0,0,0,0,0,0,0,0,0,0,0,,,,,0,0,,,0,,0,attack,s02
44,42,0,0,0,0,0,0,0,0,0,0,0,0,572.0,18.0,2.0,,0,0,,,0,,0,attack,s02
44,43,0,0,0,0,0,0,0,0,0,0,0,0,,,,,0,0,,,0,,0,attack,s02
44,44,0,0,0,0,0,0,0,0,0,0,0,0,,,,,0,1,99.0,1.6499725004583257,1,124.0,0,attack,s02
44,45,0,1,0,0,0,0,0,0,0,0,1,0,,,,,0,0,,,0,,0,attack,s02
44,46,1,0,0,0,0,0,0,0,0,0,0,0,,,,,0,0,,,0,,0,attack,s02
44,47,0,0,0,0,0,0,0,0,0,0,0,0,,,,,0,0,,,0,,0,attack,s02
44,48,0,0,0,0,0,0,0,0,0,0,0,0,487.0,18.0,2.0,,0,0,,,0,,0,attack,s02
44,49,0,0,0,0,0,0,0,0,0,0,0,0,,,,,0,0,,,0,,0,attack,s02
44,50,0,0,0,0,0,0,0,0,0,0,0,0,,,,,0,1,99.0,1.6499725004583257,1,101.0,0,attack,s02
44,51,0,0,0,0,0,0,0,0,0,0,0,0,,,,,0,0,,,0,,0,attack,s02
44,52,0,0,0,0,0,0,0,0,0,0,0,0,,,,,0,0,,,0,,0,attack,s02
44,53,0,0,0,0,0,0,0,0,0,0,0,0,,,,,0,0,,,0,,0,attack,s02
44,54,0,1,0,0,0,0,0,0,0,0,1,0,479.0,18.0,2.0,,0,0,,,0,,0,attack,s02
44,55,0,0,0,0,0,0,0,0,0,0,0,0,,,,,0,0,,,0,,0,attack,s02
44,56,0,0,0,0,0,0,0,0,0,0,0,0,,,,,0,1,98.0,1.6333061115648073,1,108.0,0,attack,s02
44,57,0,0,0,0,0,0,0,0,0,0,0,0,,,,,0,0,,,0,,0,attack,s02
44,58,0,0,0,0,0,0,0,0,0,0,0,0,,,,,0,0,,,0,,0,attack,s02
44,59,0,0,0,0,0,0,0,0,0,0,0,0,,,,,0,0,,,0,,0,attack,s02
44,60,0,0,0,0,0,0,0,0,0,0,0,0,472.0,19.0,2.0,,0,0,,,0,,0,attack,s02
44,61,0,0,0,0,0,0,0,0,0,0,0,0,,,,,0,0,,,0,,0,attack,s02
44,62,0,0,0,0,0,0,0,0,0,0,0,0,,,,,0,1,97.0,1.616639722671289,1,97.0,0,attack,s02
44,63,0,0,0,0,0,0,0,0,0,0,0,0,,,,,0,0,,,0,,0,attack,s02
44,64,0,0,0,0,0,0,0,0,0,0,0,0,,,,,0,0,,,0,,0,attack,s02
44,65,0,1,0,0,0,0,0,0,0,0,1,0,,,,,0,0,,,0,,0,attack,s02
44,66,0,0,0,0,0,0,0,0,0,0,0,0,440.0,19.0,2.0,,0,0,,,0,,0,attack,s02
44,67,0,0,0,0,0,0,0,0,0,0,0,0,,,,,0,0,,,0,,0,attack,s02
44,68,0,0,0,0,0,0,0,0,0,0,0,0,,,,,0,1,99.0,1.6499725004583257,1,119.0,0,attack,s02
44,69,0,0,0,0,0,0,0,0,0,0,0,0,,,,,0,0,,,0,,0,attack,s02
44,70,0,0,0,0,0,0,0,0,0,0,0,0,,,,,0,0,,,0,,0,attack,s02
44,71,0,0,0,0,0,0,0,0,0,0,0,0,,,,,0,0,,,0,,0,attack,s02
44,72,0,0,0,0,0,0,0,0,0,0,0,0,434.0,19.0,2.0,,0,0,,,0,,0,attack,s02
44,73,0,0,0,0,0,0,0,0,0,0,0,0,,,,,0,0,,,0,,0,attack,s02
44,74,0,0,0,0,0,0,0,0,0,0,0,0,,,,,0,1,98.0,1.6333061115648073,1,105.0,0,attack,s02
44,75,0,0,0,0,0,0,0,0,0,0,0,0,,,,,0,0,,,0,,0,attack,s02
44,76,0,0,0,0,0,0,0,0,0,0,0,0,,,,,0,0,,,0,,0,attack,s02
44,77,0,0,0,0,0,0,0,0,0,0,0,0,,,,,0,0,,,0,,0,attack,s02
44,78,0,0,0,0,0,0,0,0,0,0,0,0,429.0,19.0,2.0,,0,0,,,0,,0,attack,s02
44,79,0,0,0,0,0,0,0,0,0,0,0,0,,,,,0,0,,,0,,0,attack,s02
44,80,0,0,0,0,0,0,0,0,0,0,0,0,,,,,0,1,99.0,1.6499725004583257,1,113.0,0,attack,s02
44,81,0,0,0,0,0,0,0,0,0,0,0,0,,,,,0,0,,,0,,0,attack,s02
44,82,0,0,0,0,0,0,0,0,0,0,0,0,,,,,0,0,,,0,,0,attack,s02
44,83,0,0,0,0,0,0,0,0,0,0,0,0,,,,,0,0,,,0,,0,attack,s02
44,84,1,0,0,0,0,0,0,0,0,0,0,0,425.0,19.0,2.0,,0,0,,,0,,0,attack,s02
44,85,0,0,0,0,0,0,0,0,0,0,0,0,,,,,0,0,,,0,,0,attack,s02
44,86,0,1,0,0,0,0,0,0,0,0,1,0,,,,,0,1,98.0,1.6333061115648073,1,124.0,0,attack,s02
44,87,0,0,0,0,0,0,0,0,0,0,0,0,,,,,0,0,,,0,,0,attack,s02
44,88,0,0,0,0,0,0,0,0,0,0,0,0,,,,,0,0,,,0,,0,attack,s02
44,89,0,0,0,0,0,0,0,0,0,0,0,0,,,,,0,0,,,0,,0,attack,s02
44,90,0,0,0,0,0,0,0,0,0,0,0,0,421.0,19.0,2.0,,0,0,,,0,,0,attack,s02
44,91,0,0,0,0,0,0,0,0,0,0,0,0,,,,,0,0,,,0,,0,attack,s02
44,92,0,0,0,0,0,0,0,0,0,0,0,0,,,,,0,1,98.0,1.6333061115648073,1,128.0,0,attack,s02
44,93,0,0,0,0,0,0,0,0,0,0,0,0,,,,,0,0,,,0,,0,attack,s02
44,94,0,0,0,0,0,0,0,0,0,0,0,0,,,,,0,0,,,0,,0,attack,s02
44,95,1,0,0,0,0,0,0,0,0,0,0,0,,,,,0,0,,,0,,0,attack,s02
44,96,0,0,0,0,0,0,0,0,0,0,0,0,417.0,19.0,2.0,,0,0,,,0,,0,attack,s02
44,97,0,0,0,0,0,0,0,0,0,0,0,0,,,,,0,0,,,0,,0,attack,s02
44,98,0,0,0,0,0,0,0,0,0,0,0,0,,,,,0,1,99.0,1.6499725004583257,1,111.0,0,attack,s02
44,99,0,0,0,0,0,0,0,0,0,0,0,0,,,,,0,0,,,0,,0,attack,s02
44,100,0,0,0,0,0,0,0,0,0,0,0,0,,,,,0,0,,,0,,0,attack,s02
44,101,0,0,0,0,0,0,0,0,0,0,0,0,,,,,0,0,,,0,,0,attack,s02
44,102,1,1,0,0,0,0,0,0,0,0,1,0,414.0,19.0,2.0,,0,0,,,0,,0,attack,s02
44,103,0,0,0,0,0,0,0,0,0,0,0,0,,,,,0,0,,,0,,0,attack,s02
44,104,0,0,0,0,0,0,0,0,0,0,0,0,,,,,0,1,99.0,1.6499725004583257,1,92.0,0,attack,s02
44,105,0,0,0,0,0,0,0,0,0,0,0,0,,,,,0,0,,,0,,0,attack,s02
44,106,0,0,0,0,0,0,0,0,0,0,0,0,,,,,0,0,,,0,,0,attack,s02
44,107,0,0,0,0,0,0,0,0,0,0,0,0,,,,,0,0,,,0,,0,attack,s02
44,108,0,0,0,0,0,0,0,0,0,0,0,0,431.0,19.0,2.0,,0,0,,,0,,0,attack,s02
44,109,0,0,0,0,0,0,0,0,0,0,0,0,,,,,0,0,,,0,,0,attack,s02
44,110,0,0,0,0,0,0,0,0,0,0,0,0,,,,,0,1,98.0,1.6333061115648073,1,99.0,0,attack,s02
44,111,0,0,0,0,0,0,0,0,0,0,0,0,,,,,0,0,,,0,,0,attack,s02
44,112,0,0,0,0,0,0,0,0,0,0,0,0,,,,,0,0,,,0,,0,attack,s02
44,113,0,0,0,0,0,0,0,0,0,0,0,0,,,,,0,0,,,0,,0,attack,s02
44,114,0,0,0,0,0,0,0,0,0,0,0,0,428.0,20.0,2.0,,0,0,,,0,,0,attack,s02
44,115,0,0,0,0,0,0,0,0,0,0,0,0,,,,,0,0,,,0,,0,attack,s02
44,116,0,0,0,0,0,0,0,0,0,0,0,0,,,,,0,1,98.0,1.6333061115648073,1,93.0,0,attack,s02
44,117,0,0,0,0,0,0,0,0,0,0,0,0,,,,,0,0,,,0,,0,attack,s02
44,118,0,0,0,0,0,0,0,0,0,0,0,0,,,,,0,0,,,0,,0,attack,s02
44,119,0,0,0,0,0,0,0,0,0,0,0,0,,,,,0,0,,,0,,0,attack,s02
44,120,0,0,0,0,0,0,0,0,0,0,0,0,426.0,20.0,2.0,,0,0,,,0,,0,attack,s02
44,121,0,0,0,0,0,0,0,0,0,0,0,0,,,,,0,0,,,0,,0,attack,s02
44,122,0,0,0,0,0,0,0,0,0,0,0,0,,,,,0,1,98.0,1.6333061115648073,1,91.0,0,attack,s02
44,123,0,0,0,0,0,0,0,0,0,0,0,0,,,,,0,0,,,0,,0,attack,s02
44,124,0,0,0,0,0,0,0,0,0,0,0,0,,,,,0,0,,,0,,0,attack,s02
44,125,0,0,0,0,0,0,0,0,0,0,0,0,,,,,0,0,,,0,,0,attack,s02
44,126,0,0,0,0,0,0,0,0,0,0,0,0,424.0,20.0,2.0,,0,0,,,0,,0,attack,s02
44,127,0,0,0,0,0,0,0,0,0,0,0,0,,,,,0,0,,,0,,0,attack,s02
44,128,0,0,0,0,0,0,0,0,0,0,0,0,,,,,0,1,99.0,1.6499725004583257,1,97.0,0,attack,s02
44,129,0,0,0,0,0,0,0,0,0,0,0,0,,,,,0,0,,,0,,0,attack,s02
44,130,0,0,0,0,0,0,0,0,0,0,0,0,,,,,0,0,,,0,,0,attack,s02
44,131,0,0,0,0,0,0,0,0,0,0,0,0,,,,,0,0,,,0,,0,attack,s02
44,132,0,0,0,0,0,0,0,0,0,0,0,0,422.0,20.0,2.0,,0,0,,,0,,0,attack,s02
44,133,0,0,0,0,0,0,0,0,0,0,0,0,,,,,0,0,,,0,,0,attack,s02
44,134,0,0,0,0,0,0,0,0,0,0,0,0,,,,,0,1,98.0,1.6333061115648073,1,117.0,0,attack,s02
44,135,0,0,0,0,0,0,0,0,0,0,0,0,,,,,0,0,,,0,,0,attack,s02
44,136,0,0,0,0,0,0,0,0,0,0,0,0,,,,,0,0,,,0,,0,attack,s02
44,137,0,0,0,0,0,0,0,0,0,0,0,0,,,,,0,0,,,0,,0,attack,s02
44,138,0,0,0,0,0,0,0,0,0,0,0,0,420.0,20.0,2.0,,0,0,,,0,,0,attack,s02
44,139,0,0,0,0,0,0,0,0,0,0,0,0,,,,,0,0,,,0,,0,attack,s02
44,140,0,0,0,0,0,0,0,0,0,0,0,0,,,,,0,1,99.0,1.6499725004583257,1,104.0,0,attack,s02
44,141,0,0,0,0,0,0,0,0,0,0,0,0,,,,,0,0,,,0,,0,attack,s02
44,142,0,0,0,0,0,0,0,0,0,0,0,0,,,,,0,0,,,0,,0,attack,s02
44,143,0,0,0,0,0,0,0,0,0,0,0,0,,,,,0,0,,,0,,0,attack,s02
44,144,0,0,0,0,0,0,0,0,0,0,0,0,418.0,20.0,2.0,,0,0,,,0,,0,attack,s02
44,145,0,0,0,0,0,0,0,0,0,0,0,0,,,,,0,0,,,0,,0,attack,s02
44,146,0,0,0,0,0,0,0,0,0,0,0,0,,,,,0,1,98.0,1.6333061115648073,1,92.0,0,attack,s02
44,147,0,1,0,0,0,0,0,0,0,0,1,0,,,,,0,0,,,0,,0,attack,s02
44,148,0,0,0,0,0,0,0,0,0,0,0,0,,,,,0,0,,,0,,0,attack,s02
44,149,0,0,0,0,0,0,0,0,0,0,0,0,,,,,0,0,,,0,,0,attack,s02
44,150,0,0,0,0,0,0,0,0,0,0,0,0,489.0,20.0,2.0,,0,0,,,0,,0,attack,s02
44,151,0,0,0,0,0,0,0,0,0,0,0,0,,,,,0,0,,,0,,0,attack,s02
44,152,0,0,0,0,0,0,0,0,0,0,0,0,,,,,0,1,98.0,1.6333061115648073,1,105.0,0,attack,s02
44,153,0,0,0,0,0,0,0,0,0,0,0,0,,,,,0,0,,,0,,0,attack,s02
44,154,0,0,0,0,0,0,0,0,0,0,0,0,,,,,0,0,,,0,,0,attack,s02
44,155,0,0,0,0,0,0,0,0,0,0,0,0,,,,,0,0,,,0,,0,attack,s02
44,156,0,0,0,0,0,0,0,0,0,0,0,0,488.0,20.0,2.0,,0,0,,,0,,0,attack,s02
44,157,0,0,0,0,0,0,0,0,0,0,0,0,,,,,0,0,,,0,,0,attack,s02
44,158,0,0,0,0,0,0,0,0,0,0,0,0,,,,,0,1,99.0,1.6499725004583257,1,92.0,0,attack,s02
44,159,0,0,0,0,0,0,0,0,0,0,0,0,,,,,0,0,,,0,,0,attack,s02
44,160,0,0,0,0,0,0,0,0,0,0,0,0,,,,,0,0,,,0,,0,attack,s02
44,161,0,0,0,0,0,0,0,0,0,0,0,0,,,,,0,0,,,0,,0,attack,s02
44,162,0,0,0,0,0,0,0,0,0,0,0,0,487.0,20.0,2.0,,0,0,,,0,,0,attack,s02
44,163,0,0,0,0,0,0,0,0,0,0,0,0,,,,,0,0,,,0,,0,attack,s02
44,164,0,1,0,0,0,0,0,0,0,0,1,0,,,,,0,1,98.0,1.6333061115648073,1,90.0,0,attack,s02
44,165,0,0,0,0,0,0,0,0,0,0,0,0,,,,,0,0,,,0,,0,attack,s02
44,166,0,0,0,0,0,0,0,0,0,0,0,0,,,,,0,0,,,0,,0,attack,s02
44,167,0,0,0,0,0,0,0,0,0,0,0,0,,,,,0,0,,,0,,0,attack,s02
44,168,0,0,0,0,0,0,0,0,0,0,0,0,486.0,20.0,2.0,,0,0,,,0,,0,attack,s02
44,169,0,0,0,0,0,0,0,0,0,0,0,0,,,,,0,0,,,0,,0,attack,s02
44,170,1,0,0,0,0,0,0,0,0,0,0,0,,,,,0,1,98.0,1.6333061115648073,1,124.0,0,attack,s02
44,171,0,0,0,0,0,0,0,0,0,0,0,0,,,,,0,0,,,0,,0,attack,s02
44,172,0,0,0,0,0,0,0,0,0,0,0,0,,,,,0,0,,,0,,0,attack,s02
44,173,1,0,0,0,0,0,0,0,0,0,0,0,,,,,0,0,,,0,,0,attack,s02
44,174,0,0,0,0,0,0,0,0,0,0,0,0,485.0,20.0,2.0,,0,0,,,0,,0,attack,s02
44,175,0,0,0,0,0,0,0,0,0,0,0,0,,,,,0,0,,,0,,0,attack,s02
44,176,0,0,0,0,0,0,0,0,0,0,0,0,,,,,0,1,98.0,1.6332511263599732,1,90.0,0,attack,s02
44,177,0,1,0,0,0,0,0,0,0,0,1,0,,,,,0,0,,,0,,0,attack,s02
44,178,0,0,1,1,0,0,0,0,0,0,0,0,,,,,0,0,,,0,,0,attack,s02
44,179,0,0,0,0,0,0,0,0,0,0,0,0,,,,,0,0,,,0,,0,attack,s02
44,180,1,0,0,0,0,0,0,0,0,0,0,0,401.0,20.0,2.0,,0,0,,,0,,0,attack,s02
44,181,0,0,0,0,0,0,0,0,0,0,0,0,,,,,0,0,,,0,,0,attack,s02
45,0,0,0,0,0,0,0,0,0,0,0,0,0,,,,,0,0,,,0,,0,attack,s02
45,1,0,0,0,0,0,0,0,0,0,0,0,0,,,,,0,0,,,0,,0,attack,s02
45,2,0,0,0,0,1,0,0,0,0,1,0,0,,,,,0,0,,,0,,0,attack,s02
45,3,1,1,0,0,0,0,0,0,0,0,1,0,,,,,0,0,,,0,,0,attack,s02
45,4,3,2,0,0,0,0,0,1,0,0,1,0,720.0,0.0,2.0,,0,0,,,0,,0,attack,s02
45,5,1,2,1,1,0,0,0,0,0,0,1,0,,,,,0,0,,,0,,0,attack,s02
45,6,1,2,0,0,0,0,0,0,0,0,1,0,740.0,13.0,3.0,,0,0,,,0,,0,attack,s02
45,7,1,0,0,0,0,0,0,0,0,0,0,0,,,,,0,0,,,0,,0,attack,s02
45,8,0,0,0,0,0,0,0,0,0,0,0,0,,,,,0,0,,,0,,0,attack,s02
45,9,0,2,0,0,0,0,0,0,0,0,1,0,,,,,0,0,,,0,,0,attack,s02
45,10,1,0,0,0,0,0,0,0,0,0,0,0,,,,,0,0,,,0,,0,attack,s02
45,11,0,1,0,0,0,0,0,0,0,0,1,0,,,,,0,1,0.0,,1,129.0,0,attack,s02
45,12,0,1,0,0,0,0,0,0,0,0,1,0,632.0,16.0,3.0,,0,0,,,0,,0,attack,s02
45,13,0,0,0,0,0,0,0,0,0,0,0,0,,,,,0,0,,,0,,0,attack,s02
45,14,0,2,0,0,0,0,0,0,0,0,1,0,,,,,0,0,,,0,,0,attack,s02
45,15,2,1,0,0,0,0,0,0,0,0,1,0,,,,,0,0,,,0,,0,attack,s02
45,16,0,0,0,0,0,0,0,0,0,0,0,0,,,,,0,0,,,0,,0,attack,s02
45,17,0,0,0,0,0,0,0,0,0,0,0,0,,,,,0,1,99.0,1.6499725004583257,1,105.0,0,attack,s02
45,18,0,0,0,0,0,0,0,0,0,0,0,0,605.0,17.0,3.0,,0,0,,,0,,0,attack,s02
45,19,0,0,0,0,0,0,0,0,0,0,0,0,,,,,0,0,,,0,,0,attack,s02
45,20,1,0,0,0,0,0,0,0,0,0,0,0,,,,,0,0,,,0,,0,attack,s02
45,21,0,0,0,0,0,0,0,0,0,0,0,0,,,,,0,0,,,0,,0,attack,s02
45,22,0,0,0,0,0,0,0,0,0,0,0,0,,,,,0,0,,,0,,0,attack,s02
45,23,0,0,0,0,0,0,0,0,0,0,0,0,,,,,0,1,99.0,1.6499725004583257,1,126.0,0,attack,s02
45,24,1,0,0,0,0,0,0,0,0,0,0,0,601.0,17.0,3.0,,0,0,,,0,,0,attack,s02
45,25,0,2,0,0,0,0,0,0,0,0,1,0,,,,,0,0,,,0,,0,attack,s02
45,26,0,1,0,0,0,0,0,0,0,0,1,0,,,,,0,0,,,0,,0,attack,s02
45,27,1,0,0,0,0,0,0,0,0,0,0,0,,,,,0,0,,,0,,0,attack,s02
45,28,0,0,0,0,0,0,0,0,0,0,0,0,,,,,0,0,,,0,,0,attack,s02
45,29,0,0,0,0,0,0,0,0,0,0,0,0,,,,,0,1,99.0,1.6499725004583257,1,129.0,0,attack,s02
45,30,0,1,0,0,0,0,0,0,0,0,1,0,549.0,17.0,3.0,,0,0,,,0,,0,attack,s02
45,31,0,0,0,0,0,0,0,0,0,0,0,0,,,,,0,0,,,0,,0,attack,s02
45,32,0,0,0,0,0,0,0,0,0,0,0,0,,,,,0,0,,,0,,0,attack,s02
45,33,0,0,0,0,0,0,0,0,0,0,0,0,,,,,0,0,,,0,,0,attack,s02
45,34,0,0,0,0,0,0,0,0,0,0,0,0,,,,,0,0,,,0,,0,attack,s02
45,35,1,0,0,0,0,0,0,0,0,0,0,0,,,,,0,1,98.0,1.6333061115648073,1,103.0,0,attack,s02
45,36,0,0,0,0,0,0,0,0,0,0,0,0,546.0,18.0,3.0,,0,0,,,0,,0,attack,s02
45,37,0,0,0,0,0,0,0,0,0,0,0,0,,,,,0,0,,,0,,0,attack,s02
45,38,0,0,0,0,0,0,0,0,0,0,0,0,,,,,0,0,,,0,,0,attack,s02
45,39,0,0,0,0,0,0,0,0,0,0,0,0,,,,,0,0,,,0,,0,attack,s02
45,40,1,0,0,0,0,0,0,0,0,0,0,0,,,,,0,0,,,0,,0,attack,s02
45,41,0,1,0,0,0,0,0,0,0,0,1,0,,,,,0,1,98.0,1.6333061115648073,1,120.0,0,attack,s02
45,42,0,0,0,0,0,0,0,0,0,0,0,0,536.0,18.0,3.0,,0,0,,,0,,0,attack,s02
45,43,0,1,0,0,0,0,0,0,0,0,1,0,,,,,0,0,,,0,,0,attack,s02
45,44,0,0,0,0,0,0,0,0,0,0,0,0,,,,,0,0,,,0,,0,attack,s02
45,45,0,1,0,0,0,0,0,0,0,0,1,0,,,,,0,0,,,0,,0,attack,s02
45,46,0,0,0,0,0,0,0,0,0,0,0,0,,,,,0,0,,,0,,0,attack,s02
45,47,2,0,0,0,0,0,0,0,0,0,0,0,,,,,0,1,99.0,1.6499725004583257,1,94.0,0,attack,s02
45,48,0,0,0,0,0,0,0,0,0,0,0,0,533.0,18.0,3.0,,0,0,,,0,,0,attack,s02
45,49,0,1,0,0,0,0,0,0,0,0,1,0,,,,,0,0,,,0,,0,attack,s02
45,50,0,1,0,0,0,0,0,0,0,0,1,0,,,,,0,0,,,0,,0,attack,s02
45,51,0,1,0,0,0,0,0,0,0,0,1,0,,,,,0,0,,,0,,0,attack,s02
45,52,0,1,0,0,0,0,0,0,0,0,1,0,,,,,0,0,,,0,,0,attack,s02
45,53,0,0,0,0,0,0,0,0,0,0,0,0,,,,,0,1,98.0,1.6333061115648073,1,115.0,0,attack,s02
45,54,0,0,0,0,0,0,0,0,0,0,0,0,530.0,18.0,3.0,,0,0,,,0,,0,attack,s02
45,55,0,0,0,0,0,0,0,0,0,0,0,0,,,,,0,0,,,0,,0,attack,s02
45,56,1,0,0,0,0,0,0,0,0,0,0,0,,,,,0,0,,,0,,0,attack,s02
45,57,0,0,0,0,0,0,0,0,0,0,0,0,,,,,0,0,,,0,,0,attack,s02
45,58,0,1,0,0,0,0,0,0,0,0,1,0,,,,,0,0,,,0,,0,attack,s02
45,59,0,0,0,0,0,0,0,0,0,0,0,0,,,,,0,1,99.0,1.6499725004583257,1,120.0,0,attack,s02
45,60,0,0,0,0,0,0,0,0,0,0,0,0,528.0,19.0,3.0,,0,0,,,0,,0,attack,s02
45,61,0,0,0,0,0,0,0,0,0,0,0,0,,,,,0,0,,,0,,0,attack,s02
45,62,0,0,0,0,0,0,0,0,0,0,0,0,,,,,0,0,,,0,,0,attack,s02
45,63,0,0,0,0,0,0,0,0,0,0,0,0,,,,,0,0,,,0,,0,attack,s02
45,64,0,0,0,0,0,0,0,0,0,0,0,0,,,,,0,0,,,0,,0,attack,s02
45,65,0,1,0,0,0,0,0,0,0,0,1,0,,,,,0,1,97.0,1.616639722671289,1,107.0,0,attack,s02
45,66,1,0,0,0,0,0,0,0,0,0,0,0,526.0,19.0,3.0,,0,0,,,0,,0,attack,s02
45,67,0,0,0,0,0,0,0,0,0,0,0,0,,,,,0,0,,,0,,0,attack,s02
45,68,0,0,0,0,0,0,0,0,0,0,0,0,,,,,0,0,,,0,,0,attack,s02
45,69,0,0,0,0,0,0,0,0,0,0,0,0,,,,,0,0,,,0,,0,attack,s02
45,70,0,0,0,0,0,0,0,0,0,0,0,0,,,,,0,0,,,0,,0,attack,s02
45,71,0,0,0,0,0,0,0,0,0,0,0,0,,,,,0,1,99.0,1.6499725004583257,1,110.0,0,attack,s02
45,72,0,0,0,0,0,0,0,0,0,0,0,0,524.0,19.0,3.0,,0,0,,,0,,0,attack,s02
45,73,0,0,0,0,0,0,0,0,0,0,0,0,,,,,0,0,,,0,,0,attack,s02
45,74,0,0,0,0,0,0,0,0,0,0,0,0,,,,,0,0,,,0,,0,attack,s02
45,75,0,0,0,0,0,0,0,0,0,0,0,0,,,,,0,0,,,0,,0,attack,s02
45,76,0,0,0,0,0,0,0,0,0,0,0,0,,,,,0,0,,,0,,0,attack,s02
45,77,0,0,0,0,0,0,0,0,0,0,0,0,,,,,0,1,99.0,1.6499725004583257,1,129.0,0,attack,s02
45,78,0,0,0,0,0,0,0,0,0,0,0,0,522.0,19.0,3.0,,0,0,,,0,,0,attack,s02
45,79,0,1,0,0,0,0,0,0,0,0,1,0,,,,,0,0,,,0,,0,attack,s02
45,80,0,0,0,0,0,0,0,0,0,0,0,0,,,,,0,0,,,0,,0,attack,s02
45,81,0,0,0,0,0,0,0,0,0,0,0,0,,,,,0,0,,,0,,0,attack,s02
45,82,0,0,0,0,0,0,0,0,0,0,0,0,,,,,0,0,,,0,,0,attack,s02
45,83,0,1,0,0,0,0,0,0,0,0,1,0,,,,,0,1,99.0,1.6499725004583257,1,93.0,0,attack,s02
45,84,0,0,0,0,0,0,0,0,0,0,0,0,521.0,19.0,3.0,,0,0,,,0,,0,attack,s02
45,85,0,1,0,0,0,0,0,0,0,0,1,0,,,,,0,0,,,0,,0,attack,s02
45,86,0,0,0,0,0,0,0,0,0,0,0,0,,,,,0,0,,,0,,0,attack,s02
45,87,0,0,0,0,0,0,0,0,0,0,0,0,,,,,0,0,,,0,,0,attack,s02
45,88,1,0,0,0,0,0,0,0,0,0,0,0,,,,,0,0,,,0,,0,attack,s02
45,89,0,0,0,0,0,0,0,0,0,0,0,0,,,,,0,1,99.0,1.6499725004583257,1,92.0,0,attack,s02
45,90,1,0,0,0,0,0,0,0,0,0,0,0,520.0,19.0,3.0,,0,0,,,0,,0,attack,s02
45,91,0,0,0,0,0,0,0,0,0,0,0,0,,,,,0,0,,,0,,0,attack,s02
45,92,0,1,0,0,0,0,0,0,0,0,1,0,,,,,0,0,,,0,,0,attack,s02
45,93,0,0,0,0,0,0,0,0,0,0,0,0,,,,,0,0,,,0,,0,attack,s02
45,94,0,0,0,0,0,0,0,0,0,0,0,0,,,,,0,0,,,0,,0,attack,s02
45,95,0,1,0,0,0,0,0,0,0,0,1,0,,,,,0,1,99.0,1.6499725004583257,1,119.0,0,attack,s02
45,96,0,0,0,0,0,0,0,0,0,0,0,0,519.0,19.0,3.0,,0,0,,,0,,0,attack,s02
45,97,0,0,0,0,0,0,0,0,0,0,0,0,,,,,0,0,,,0,,0,attack,s02
45,98,1,1,0,0,0,0,0,0,0,0,1,0,,,,,0,0,,,0,,0,attack,s02
45,99,0,1,0,0,0,0,0,0,0,0,1,0,,,,,0,0,,,0,,0,attack,s02
45,100,0,0,0,0,0,0,0,0,0,0,0,0,,,,,0,0,,,0,,0,attack,s02
45,101,0,0,0,0,0,0,0,0,0,0,0,0,,,,,0,1,99.0,1.6499725004583257,1,90.0,0,attack,s02
45,102,0,0,0,0,0,0,0,0,0,0,0,0,518.0,19.0,3.0,,0,0,,,0,,0,attack,s02
45,103,0,0,0,0,0,0,0,0,0,0,0,0,,,,,0,0,,,0,,0,attack,s02
45,104,0,0,0,0,0,0,0,0,0,0,0,0,,,,,0,0,,,0,,0,attack,s02
45,105,0,0,0,0,0,0,0,0,0,0,0,0,,,,,0,0,,,0,,0,attack,s02
45,106,0,0,0,0,0,0,0,0,0,0,0,0,,,,,0,0,,,0,,0,attack,s02
45,107,0,0,0,0,0,0,0,0,0,0,0,0,,,,,0,1,99.0,1.6499725004583257,1,125.0,0,attack,s02
45,108,1,0,0,0,0,0,0,0,0,0,0,0,517.0,19.0,3.0,,0,0,,,0,,0,attack,s02
45,109,0,1,0,0,0,0,0,0,0,0,1,0,,,,,0,0,,,0,,0,attack,s02
45,110,0,1,0,0,0,0,0,0,0,0,1,0,,,,,0,0,,,0,,0,attack,s02
45,111,0,0,0,0,0,0,0,0,0,0,0,0,,,,,0,0,,,0,,0,attack,s02
45,112,0,0,0,0,0,0,0,0,0,0,0,0,,,,,0,0,,,0,,0,attack,s02
45,113,0,1,0,0,0,0,0,0,0,0,1,0,,,,,0,1,99.0,1.6499725004583257,1,119.0,0,attack,s02
45,114,0,0,0,0,0,0,0,0,0,0,0,0,516.0,20.0,3.0,,0,0,,,0,,0,attack,s02
45,115,0,1,0,0,0,0,0,0,0,0,1,0,,,,,0,0,,,0,,0,attack,s02
45,116,0,0,0,0,0,0,0,0,0,0,0,0,,,,,0,0,,,0,,0,attack,s02
45,117,0,0,0,0,0,0,0,0,0,0,0,0,,,,,0,0,,,0,,0,attack,s02
45,118,0,0,0,0,0,0,0,0,0,0,0,0,,,,,0,0,,,0,,0,attack,s02
45,119,0,0,0,0,0,0,0,0,0,0,0,0,,,,,0,1,98.0,1.6333061115648073,1,106.0,0,attack,s02
45,120,0,0,0,0,0,0,0,0,0,0,0,0,515.0,20.0,3.0,,0,0,,,0,,0,attack,s02
45,121,0,0,0,0,0,0,0,0,0,0,0,0,,,,,0,0,,,0,,0,attack,s02
45,122,0,0,0,0,0,0,0,0,0,0,0,0,,,,,0,0,,,0,,0,attack,s02
45,123,0,0,0,0,0,0,0,0,0,0,0,0,,,,,0,0,,,0,,0,attack,s02
45,124,0,0,0,0,0,0,0,0,0,0,0,0,,,,,0,0,,,0,,0,attack,s02
45,125,0,1,0,0,0,0,0,0,0,0,1,0,,,,,0,1,97.0,1.616639722671289,1,107.0,0,attack,s02
45,126,0,0,0,0,0,0,0,0,0,0,0,0,514.0,20.0,3.0,,0,0,,,0,,0,attack,s02
45,127,0,0,0,0,0,0,0,0,0,0,0,0,,,,,0,0,,,0,,0,attack,s02
45,128,0,0,0,0,0,0,0,0,0,0,0,0,,,,,0,0,,,0,,0,attack,s02
45,129,0,0,0,0,0,0,0,0,0,0,0,0,,,,,0,0,,,0,,0,attack,s02
45,130,0,0,0,0,0,0,0,0,0,0,0,0,,,,,0,0,,,0,,0,attack,s02
45,131,0,0,0,0,0,0,0,0,0,0,0,0,,,,,0,1,99.0,1.6499725004583257,1,97.0,0,attack,s02
45,132,0,0,0,0,0,0,0,0,0,0,0,0,513.0,20.0,3.0,,0,0,,,0,,0,attack,s02
45,133,0,0,0,0,0,0,0,0,0,0,0,0,,,,,0,0,,,0,,0,attack,s02
45,134,0,0,0,0,0,0,0,0,0,0,0,0,,,,,0,0,,,0,,0,attack,s02
45,135,0,0,0,0,0,0,0,0,0,0,0,0,,,,,0,0,,,0,,0,attack,s02
45,136,0,0,0,0,0,0,0,0,0,0,0,0,,,,,0,0,,,0,,0,attack,s02
45,137,0,0,0,0,0,0,0,0,0,0,0,0,,,,,0,1,99.0,1.6499725004583257,1,109.0,0,attack,s02
45,138,0,0,0,0,0,0,0,0,0,0,0,0,512.0,20.0,3.0,,0,0,,,0,,0,attack,s02
45,139,0,0,0,0,0,0,0,0,0,0,0,0,,,,,0,0,,,0,,0,attack,s02
45,140,0,0,0,0,0,0,0,0,0,0,0,0,,,,,0,0,,,0,,0,attack,s02
45,141,0,0,0,0,0,0,0,0,0,0,0,0,,,,,0,0,,,0,,0,attack,s02
45,142,0,0,0,0,0,0,0,0,0,0,0,0,,,,,0,0,,,0,,0,attack,s02
45,143,0,0,0,0,0,0,0,0,0,0,0,0,,,,,0,1,99.0,1.6499725004583257,1,97.0,0,attack,s02
45,144,0,0,0,0,0,0,0,0,0,0,0,0,512.0,20.0,3.0,,0,0,,,0,,0,attack,s02
45,145,0,0,0,0,0,0,0,0,0,0,0,0,,,,,0,0,,,0,,0,attack,s02
45,146,0,0,0,0,0,0,0,0,0,0,0,0,,,,,0,0,,,0,,0,attack,s02
45,147,0,0,0,0,0,0,0,0,0,0,0,0,,,,,0,0,,,0,,0,attack,s02
45,148,0,0,0,0,0,0,0,0,0,0,0,0,,,,,0,0,,,0,,0,attack,s02
45,149,0,0,0,0,0,0,0,0,0,0,0,0,,,,,0,1,98.0,1.6333061115648073,1,109.0,0,attack,s02
45,150,0,0,0,0,0,0,0,0,0,0,0,0,512.0,20.0,3.0,,0,0,,,0,,0,attack,s02
45,151,0,0,0,0,0,0,0,0,0,0,0,0,,,,,0,0,,,0,,0,attack,s02
45,152,0,0,0,0,0,0,0,0,0,0,0,0,,,,,0,0,,,0,,0,attack,s02
45,153,0,0,0,0,0,0,0,0,0,0,0,0,,,,,0,0,,,0,,0,attack,s02
45,154,0,0,0,0,0,0,0,0,0,0,0,0,,,,,0,0,,,0,,0,attack,s02
45,155,0,0,0,0,0,0,0,0,0,0,0,0,,,,,0,1,98.0,1.6333061115648073,1,130.0,0,attack,s02
45,156,1,0,0,0,0,0,0,0,0,0,0,0,512.0,20.0,3.0,,0,0,,,0,,0,attack,s02
45,157,0,0,0,0,0,0,0,0,0,0,0,0,,,,,0,0,,,0,,0,attack,s02
45,158,0,0,0,0,0,0,0,0,0,0,0,0,,,,,0,0,,,0,,0,attack,s02
45,159,0,0,0,0,0,0,0,0,0,0,0,0,,,,,0,0,,,0,,0,attack,s02
45,160,0,0,0,0,0,0,0,0,0,0,0,0,,,,,0,0,,,0,,0,attack,s02
45,161,0,0,0,0,0,0,0,0,0,0,0,0,,,,,0,1,98.0,1.6333061115648073,1,129.0,0,attack,s02
45,162,0,1,0,0,0,0,0,0,0,0,1,0,512.0,20.0,3.0,,0,0,,,0,,0,attack,s02
45,163,0,0,0,0,0,0,0,0,0,0,0,0,,,,,0,0,,,0,,0,attack,s02
45,164,0,0,0,0,0,0,0,0,0,0,0,0,,,,,0,0,,,0,,0,attack,s02
45,165,0,0,0,0,0,0,0,0,0,0,0,0,,,,,0,0,,,0,,0,attack,s02
45,166,0,0,0,0,0,0,0,0,0,0,0,0,,,,,0,0,,,0,,0,attack,s02
45,167,0,0,0,0,0,0,0,0,0,0,0,0,,,,,0,1,99.0,1.6499725004583257,1,128.0,0,attack,s02
45,168,0,0,0,0,0,0,0,0,0,0,0,0,512.0,20.0,3.0,,0,0,,,0,,0,attack,s02
45,169,0,1,0,0,0,0,0,0,0,0,1,0,,,,,0,0,,,0,,0,attack,s02
45,170,0,0,0,0,0,0,0,0,0,0,0,0,,,,,0,0,,,0,,0,attack,s02
45,171,0,0,0,0,0,0,0,0,0,0,0,0,,,,,0,0,,,0,,0,attack,s02
45,172,0,0,0,0,0,0,0,0,0,0,0,0,,,,,0,0,,,0,,0,attack,s02
45,173,0,1,0,0,0,0,0,0,0,0,1,0,,,,,0,1,99.0,1.649971950476842,1,122.0,0,attack,s02
45,174,1,0,1,1,0,0,0,0,0,0,0,0,512.0,20.0,3.0,,0,0,,,0,,0,attack,s02
45,175,0,0,0,0,0,0,0,0,0,0,0,0,,,,,0,0,,,0,,0,attack,s02
45,176,0,0,0,0,0,0,0,0,0,0,0,0,,,,,0,0,,,0,,0,attack,s02
45,177,0,0,0,0,0,0,0,0,0,0,0,0,,,,,0,0,,,0,,0,attack,s02
45,178,0,0,0,0,0,0,0,0,0,0,0,0,,,,,0,0,,,0,,0,attack,s02
45,179,0,0,0,0,0,0,0,0,0,0,0,0,,,,,0,1,99.0,1.6499730504401762,1,95.0,0,attack,s02
45,180,0,0,0,0,0,0,0,0,0,0,0,0,512.0,20.0,3.0,,0,0,,,0,,0,attack,s02
45,181,0,0,0,0,0,0,0,0,0,0,0,0,,,,,0,0,,,0,,0,attack,s02
46,0,0,0,0,0,0,0,0,0,0,0,0,0,,,,,0,0,,,0,,0,attack,s02
46,1,0,0,0,0,0,0,0,0,0,0,0,0,,,,,0,0,,,0,,0,attack,s02
46,2,0,0,0,0,1,0,0,0,0,1,0,0,,,,,0,0,,,0,,0,attack,s02
46,3,0,0,0,0,0,0,0,0,0,0,0,0,,,,,0,0,,,0,,0,attack,s02
46,4,0,0,0,0,0,0,0,0,0,0,0,0,,,,,0,0,,,0,,0,attack,s02
46,5,0,0,0,0,0,0,0,0,0,0,0,0,,,,,0,0,,,0,,0,attack,s02
46,6,0,0,0,0,1,0,0,0,0,1,0,0,,,,,0,0,,,0,,0,attack,s02
46,7,0,0,0,0,1,0,0,0,0,1,0,0,,,,,0,0,,,0,,0,attack,s02
46,8,0,0,0,0,0,0,0,0,0,0,0,0,,,,,0,0,,,0,,0,attack,s02
46,9,1,1,0,0,1,0,0,0,0,0,1,0,,,,,0,0,,,0,,0,attack,s02
46,10,3,1,0,0,0,0,0,1,0,0,1,0,898.0,0.0,2.0,,0,0,,,0,,0,attack,s02
46,11,1,1,1,1,0,0,0,0,0,0,1,0,,,,,0,0,,,0,,0,attack,s02
46,12,1,0,0,0,0,0,0,0,0,0,0,0,893.0,13.0,2.0,,0,0,,,0,,0,attack,s02
46,13,0,2,0,0,0,0,0,0,0,0,1,0,,,,,0,0,,,0,,0,attack,s02
46,14,1,0,0,0,0,0,0,0,0,0,0,0,,,,,0,0,,,0,,0,attack,s02
46,15,0,1,0,0,0,0,0,0,0,0,1,0,,,,,0,0,,,0,,0,attack,s02
46,16,2,0,0,0,0,0,0,0,0,0,0,0,,,,,0,0,,,0,,0,attack,s02
46,17,0,0,0,0,0,0,0,0,0,0,0,0,,,,,0,1,0.0,,1,122.0,0,attack,s02
46,18,0,0,0,0,0,0,0,0,0,0,0,0,837.0,16.0,2.0,,0,0,,,0,,0,attack,s02
46,19,0,1,0,0,0,0,0,0,0,0,1,0,,,,,0,0,,,0,,0,attack,s02
46,20,0,0,0,0,0,0,0,0,0,0,0,0,,,,,0,0,,,0,,0,attack,s02
46,21,1,0,0,0,0,0,0,0,0,0,0,0,,,,,0,0,,,0,,0,attack,s02
46,22,0,1,0,0,0,0,0,0,0,0,1,0,,,,,0,0,,,0,,0,attack,s02
46,23,0,0,0,0,0,0,0,0,0,0,0,0,,,,,0,1,99.0,1.6499725004583257,1,102.0,0,attack,s02
46,24,0,0,0,0,0,0,0,0,0,0,0,0,803.0,17.0,2.0,,0,0,,,0,,0,attack,s02
46,25,1,0,0,0,0,0,0,0,0,0,0,0,,,,,0,0,,,0,,0,attack,s02
46,26,0,0,0,0,0,0,0,0,0,0,0,0,,,,,0,0,,,0,,0,attack,s02
46,27,0,0,0,0,0,0,0,0,0,0,0,0,,,,,0,0,,,0,,0,attack,s02
46,28,0,0,0,0,0,0,0,0,0,0,0,0,,,,,0,0,,,0,,0,attack,s02
46,29,0,1,0,0,0,0,0,0,0,0,1,0,,,,,0,1,99.0,1.6499725004583257,1,101.0,0,attack,s02
46,30,0,0,0,0,0,0,0,0,0,0,0,0,737.0,17.0,2.0,,0,0,,,0,,0,attack,s02
46,31,0,0,0,0,0,0,0,0,0,0,0,0,,,,,0,0,,,0,,0,attack,s02
46,32,0,0,0,0,0,0,0,0,0,0,0,0,,,,,0,0,,,0,,0,attack,s02
46,33,1,1,0,0,0,0,0,0,0,0,1,0,,,,,0,0,,,0,,0,attack,s02
46,34,1,0,0,0,0,0,0,0,0,0,0,0,,,,,0,0,,,0,,0,attack,s02
46,35,0,1,0,0,0,0,0,0,0,0,1,0,,,,,0,1,98.0,1.6333061115648073,1,128.0,0,attack,s02
46,36,0,0,0,0,0,0,0,0,0,0,0,0,734.0,17.0,2.0,,0,0,,,0,,0,attack,s02
46,37,0,0,0,0,0,0,0,0,0,0,0,0,,,,,0,0,,,0,,0,attack,s02
46,38,0,0,0,0,0,0,0,0,0,0,0,0,,,,,0,0,,,0,,0,attack,s02
46,39,1,0,0,0,0,0,0,0,0,0,0,0,,,,,0,0,,,0,,0,attack,s02
46,40,0,0,0,0,0,0,0,0,0,0,0,0,,,,,0,0,,,0,,0,attack,s02
46,41,0,0,0,0,0,0,0,0,0,0,0,0,,,,,0,1,99.0,1.649916954179973,1,124.0,0,attack,s02
46,42,0,0,0,0,0,0,0,0,0,0,0,0,732.0,18.0,2.0,,0,0,,,0,,0,attack,s02
46,43,0,1,0,0,0,0,0,0,0,0,1,0,,,,,0,0,,,0,,0,attack,s02
46,44,0,1,0,0,0,0,0,0,0,0,1,0,,,,,0,0,,,0,,0,attack,s02
46,45,0,0,0,0,0,0,0,0,0,0,0,0,,,,,0,0,,,0,,0,attack,s02
46,46,0,0,0,0,0,0,0,0,0,0,0,0,,,,,0,0,,,0,,0,attack,s02
46,47,0,0,0,0,0,0,0,0,0,0,0,0,,,,,0,1,99.0,1.6499730504401762,1,116.0,0,attack,s02
46,48,0,0,0,0,0,0,0,0,0,0,0,0,688.0,18.0,2.0,,0,0,,,0,,0,attack,s02
46,49,0,1,0,0,0,0,0,0,0,0,1,0,,,,,0,0,,,0,,0,attack,s02
46,50,0,0,0,0,0,0,0,0,0,0,0,0,,,,,0,0,,,0,,0,attack,s02
46,51,0,0,0,0,0,0,0,0,0,0,0,0,,,,,0,0,,,0,,0,attack,s02
46,52,0,0,0,0,0,0,0,0,0,0,0,0,,,,,0,0,,,0,,0,attack,s02
46,53,0,0,0,0,0,0,0,0,0,0,0,0,,,,,0,1,99.0,1.6499725004583257,1,90.0,0,attack,s02
46,54,1,0,0,0,0,0,0,0,0,0,0,0,679.0,18.0,2.0,,0,0,,,0,,0,attack,s02
46,55,0,0,0,0,0,0,0,0,0,0,0,0,,,,,0,0,,,0,,0,attack,s02
46,56,0,1,0,0,0,0,0,0,0,0,1,0,,,,,0,0,,,0,,0,attack,s02
46,57,0,1,0,0,0,0,0,0,0,0,1,0,,,,,0,0,,,0,,0,attack,s02
46,58,0,0,0,0,0,0,0,0,0,0,0,0,,,,,0,0,,,0,,0,attack,s02
46,59,0,0,0,0,0,0,0,0,0,0,0,0,,,,,0,1,98.0,1.6333061115648073,1,108.0,0,attack,s02
46,60,0,0,0,0,0,0,0,0,0,0,0,0,673.0,18.0,2.0,,0,0,,,0,,0,attack,s02
46,61,0,0,0,0,0,0,0,0,0,0,0,0,,,,,0,0,,,0,,0,attack,s02
46,62,0,0,0,0,0,0,0,0,0,0,0,0,,,,,0,0,,,0,,0,attack,s02
46,63,0,0,0,0,0,0,0,0,0,0,0,0,,,,,0,0,,,0,,0,attack,s02
46,64,0,0,0,0,0,0,0,0,0,0,0,0,,,,,0,0,,,0,,0,attack,s02
46,65,0,0,0,0,0,0,0,0,0,0,0,0,,,,,0,1,98.0,1.6333061115648073,1,101.0,0,attack,s02
46,66,0,0,0,0,0,0,0,0,0,0,0,0,672.0,19.0,2.0,,0,0,,,0,,0,attack,s02
46,67,0,0,0,0,0,0,0,0,0,0,0,0,,,,,0,0,,,0,,0,attack,s02
46,68,0,0,0,0,0,0,0,0,0,0,0,0,,,,,0,0,,,0,,0,attack,s02
46,69,0,0,0,0,0,0,0,0,0,0,0,0,,,,,0,0,,,0,,0,attack,s02
46,70,0,0,0,0,0,0,0,0,0,0,0,0,,,,,0,0,,,0,,0,attack,s02
46,71,0,0,0,0,0,0,0,0,0,0,0,0,,,,,0,1,98.0,1.6333061115648073,1,130.0,0,attack,s02
46,72,0,0,0,0,0,0,0,0,0,0,0,0,671.0,19.0,2.0,,0,0,,,0,,0,attack,s02
46,73,0,0,0,0,0,0,0,0,0,0,0,0,,,,,0,0,,,0,,0,attack,s02
46,74,0,0,0,0,0,0,0,0,0,0,0,0,,,,,0,0,,,0,,0,attack,s02
46,75,0,0,0,0,0,0,0,0,0,0,0,0,,,,,0,0,,,0,,0,attack,s02
46,76,0,0,0,0,0,0,0,0,0,0,0,0,,,,,0,0,,,0,,0,attack,s02
46,77,0,0,0,0,0,0,0,0,0,0,0,0,,,,,0,1,99.0,1.6499725004583257,1,97.0,0,attack,s02
46,78,0,0,0,0,0,0,0,0,0,0,0,0,670.0,19.0,2.0,,0,0,,,0,,0,attack,s02
46,79,0,0,0,0,0,0,0,0,0,0,0,0,,,,,0,0,,,0,,0,attack,s02
46,80,0,0,0,0,0,0,0,0,0,0,0,0,,,,,0,0,,,0,,0,attack,s02
46,81,0,0,0,0,0,0,0,0,0,0,0,0,,,,,0,0,,,0,,0,attack,s02
46,82,0,0,0,0,0,0,0,0,0,0,0,0,,,,,0,0,,,0,,0,attack,s02
46,83,0,0,0,0,0,0,0,0,0,0,0,0,,,,,0,1,99.0,1.6499725004583257,1,129.0,0,attack,s02
46,84,0,0,0,0,0,0,0,0,0,0,0,0,669.0,19.0,2.0,,0,0,,,0,,0,attack,s02
46,85,0,0,0,0,0,0,0,0,0,0,0,0,,,,,0,0,,,0,,0,attack,s02
46,86,0,0,0,0,0,0,0,0,0,0,0,0,,,,,0,0,,,0,,0,attack,s02
46,87,0,0,0,0,0,0,0,0,0,0,0,0,,,,,0,0,,,0,,0,attack,s02
46,88,0,0,0,0,0,0,0,0,0,0,0,0,,,,,0,0,,,0,,0,attack,s02
46,89,0,0,0,0,0,0,0,0,0,0,0,0,,,,,0,1,98.0,1.6333061115648073,1,129.0,0,attack,s02
46,90,0,0,0,0,0,0,0,0,0,0,0,0,668.0,19.0,2.0,,0,0,,,0,,0,attack,s02
46,91,0,0,0,0,0,0,0,0,0,0,0,0,,,,,0,0,,,0,,0,attack,s02
46,92,0,1,0,0,0,0,0,0,0,0,1,0,,,,,0,0,,,0,,0,attack,s02
46,93,0,0,0,0,0,0,0,0,0,0,0,0,,,,,0,0,,,0,,0,attack,s02
46,94,0,0,0,0,0,0,0,0,0,0,0,0,,,,,0,0,,,0,,0,attack,s02
46,95,0,0,0,0,0,0,0,0,0,0,0,0,,,,,0,1,98.0,1.6333061115648073,1,113.0,0,attack,s02
46,96,1,0,0,0,0,0,0,0,0,0,0,0,667.0,19.0,2.0,,0,0,,,0,,0,attack,s02
46,97,0,0,0,0,0,0,0,0,0,0,0,0,,,,,0,0,,,0,,0,attack,s02
46,98,0,0,0,0,0,0,0,0,0,0,0,0,,,,,0,0,,,0,,0,attack,s02
46,99,0,0,0,0,0,0,0,0,0,0,0,0,,,,,0,0,,,0,,0,attack,s02
46,100,0,0,0,0,0,0,0,0,0,0,0,0,,,,,0,0,,,0,,0,attack,s02
46,101,0,0,0,0,0,0,0,0,0,0,0,0,,,,,0,0,,,0,,0,attack,s02
46,102,0,0,0,0,0,0,0,0,0,0,0,0,667.0,19.0,2.0,,0,0,,,0,,0,attack,s02
46,103,0,0,0,0,0,0,0,0,0,0,0,0,,,,,0,0,,,0,,0,attack,s02
46,104,0,0,0,0,0,0,0,0,0,0,0,0,,,,,0,0,,,0,,0,attack,s02
46,105,1,0,0,0,0,0,0,0,0,0,0,0,,,,,0,0,,,0,,0,attack,s02
46,106,0,0,0,0,0,0,0,0,0,0,0,0,,,,,0,0,,,0,,0,attack,s02
46,107,0,0,0,0,0,0,0,0,0,0,0,0,,,,,0,0,,,0,,0,attack,s02
46,108,0,0,0,0,0,0,0,0,0,0,0,0,667.0,19.0,2.0,,0,0,,,0,,0,attack,s02
46,109,0,0,0,0,0,0,0,0,0,0,0,0,,,,,0,0,,,0,,0,attack,s02
46,110,0,0,0,0,0,0,0,0,0,0,0,0,,,,,0,0,,,0,,0,attack,s02
46,111,0,1,0,0,0,0,0,0,0,0,1,0,,,,,0,0,,,0,,0,attack,s02
46,112,0,1,0,0,0,0,0,0,0,0,1,0,,,,,0,0,,,0,,0,attack,s02
46,113,0,0,0,0,0,0,0,0,0,0,0,0,,,,,0,0,,,0,,0,attack,s02
46,114,1,0,0,0,0,0,0,0,0,0,0,0,644.0,19.0,2.0,,0,0,,,0,,0,attack,s02
46,115,0,0,0,0,0,0,0,0,0,0,0,0,,,,,0,0,,,0,,0,attack,s02
46,116,0,0,0,0,0,0,0,0,0,0,0,0,,,,,0,0,,,0,,0,attack,s02
46,117,0,0,0,0,0,0,0,0,0,0,0,0,,,,,0,0,,,0,,0,attack,s02
46,118,0,0,0,0,0,0,0,0,0,0,0,0,,,,,0,0,,,0,,0,attack,s02
46,119,0,1,0,0,0,0,0,0,0,0,1,0,,,,,0,0,,,0,,0,attack,s02
46,120,0,0,0,0,0,0,0,0,0,0,0,0,644.0,20.0,2.0,,0,0,,,0,,0,attack,s02
46,121,0,0,0,0,0,0,0,0,0,0,0,0,,,,,0,0,,,0,,0,attack,s02
46,122,0,0,0,0,0,0,0,0,0,0,0,0,,,,,0,0,,,0,,0,attack,s02
46,123,0,0,0,0,0,0,0,0,0,0,0,0,,,,,0,0,,,0,,0,attack,s02
46,124,0,0,0,0,0,0,0,0,0,0,0,0,,,,,0,0,,,0,,0,attack,s02
46,125,0,0,0,0,0,0,0,0,0,0,0,0,,,,,0,0,,,0,,0,attack,s02
46,126,0,0,0,0,0,0,0,0,0,0,0,0,644.0,20.0,2.0,,0,0,,,0,,0,attack,s02
46,127,0,0,0,0,0,0,0,0,0,0,0,0,,,,,0,0,,,0,,0,attack,s02
46,128,0,0,0,0,0,0,0,0,0,0,0,0,,,,,0,0,,,0,,0,attack,s02
46,129,0,0,0,0,0,0,0,0,0,0,0,0,,,,,0,0,,,0,,0,attack,s02
46,130,0,0,0,0,0,0,0,0,0,0,0,0,,,,,0,0,,,0,,0,attack,s02
46,131,0,0,0,0,0,0,0,0,0,0,0,0,,,,,0,0,,,0,,0,attack,s02
46,132,0,0,0,0,0,0,0,0,0,0,0,0,644.0,20.0,2.0,,0,0,,,0,,0,attack,s02
46,133,0,0,0,0,0,0,0,0,0,0,0,0,,,,,0,0,,,0,,0,attack,s02
46,134,0,0,0,0,0,0,0,0,0,0,0,0,,,,,0,0,,,0,,0,attack,s02
46,135,0,0,0,0,0,0,0,0,0,0,0,0,,,,,0,0,,,0,,0,attack,s02
46,136,0,0,0,0,0,0,0,0,0,0,0,0,,,,,0,0,,,0,,0,attack,s02
46,137,0,0,0,0,0,0,0,0,0,0,0,0,,,,,0,0,,,0,,0,attack,s02
46,138,0,0,0,0,0,0,0,0,0,0,0,0,644.0,20.0,2.0,,0,0,,,0,,0,attack,s02
46,139,0,0,0,0,0,0,0,0,0,0,0,0,,,,,0,0,,,0,,0,attack,s02
46,140,0,0,0,0,0,0,0,0,0,0,0,0,,,,,0,0,,,0,,0,attack,s02
46,141,0,0,0,0,0,0,0,0,0,0,0,0,,,,,0,0,,,0,,0,attack,s02
46,142,0,0,0,0,0,0,0,0,0,0,0,0,,,,,0,0,,,0,,0,attack,s02
46,143,0,0,0,0,0,0,0,0,0,0,0,0,,,,,0,0,,,0,,0,attack,s02
46,144,0,0,0,0,0,0,0,0,0,0,0,0,644.0,20.0,2.0,,0,0,,,0,,0,attack,s02
46,145,0,0,0,0,0,0,0,0,0,0,0,0,,,,,0,0,,,0,,0,attack,s02
46,146,0,0,0,0,0,0,0,0,0,0,0,0,,,,,0,0,,,0,,0,attack,s02
46,147,0,0,0,0,0,0,0,0,0,0,0,0,,,,,0,0,,,0,,0,attack,s02
46,148,0,0,0,0,0,0,0,0,0,0,0,0,,,,,0,0,,,0,,0,attack,s02
46,149,0,0,0,0,0,0,0,0,0,0,0,0,,,,,0,0,,,0,,0,attack,s02
46,150,0,0,0,0,0,0,0,0,0,0,0,0,644.0,20.0,2.0,,0,0,,,0,,0,attack,s02
46,151,0,0,0,0,0,0,0,0,0,0,0,0,,,,,0,0,,,0,,0,attack,s02
46,152,0,0,0,0,0,0,0,0,0,0,0,0,,,,,0,0,,,0,,0,attack,s02
46,153,0,0,0,0,0,0,0,0,0,0,0,0,,,,,0,0,,,0,,0,attack,s02
46,154,0,0,0,0,0,0,0,0,0,0,0,0,,,,,0,0,,,0,,0,attack,s02
46,155,0,0,0,0,0,0,0,0,0,0,0,0,,,,,0,0,,,0,,0,attack,s02
46,156,1,0,0,0,0,0,0,0,0,0,0,0,644.0,20.0,2.0,,0,0,,,0,,0,attack,s02
46,157,0,0,0,0,0,0,0,0,0,0,0,0,,,,,0,0,,,0,,0,attack,s02
46,158,0,0,0,0,0,0,0,0,0,0,0,0,,,,,0,0,,,0,,0,attack,s02
46,159,0,0,0,0,0,0,0,0,0,0,0,0,,,,,0,0,,,0,,0,attack,s02
46,160,0,0,0,0,0,0,0,0,0,0,0,0,,,,,0,0,,,0,,0,attack,s02
46,161,0,0,0,0,0,0,0,0,0,0,0,0,,,,,0,0,,,0,,0,attack,s02
46,162,0,0,0,0,0,0,0,0,0,0,0,0,643.0,20.0,2.0,,0,0,,,0,,0,attack,s02
46,163,0,0,0,0,0,0,0,0,0,0,0,0,,,,,0,0,,,0,,0,attack,s02
46,164,0,0,0,0,0,0,0,0,0,0,0,0,,,,,0,0,,,0,,0,attack,s02
46,165,0,0,0,0,0,0,0,0,0,0,0,0,,,,,0,0,,,0,,0,attack,s02
46,166,0,0,0,0,0,0,0,0,0,0,0,0,,,,,0,0,,,0,,0,attack,s02
46,167,0,0,0,0,0,0,0,0,0,0,0,0,,,,,0,0,,,0,,0,attack,s02
46,168,0,0,0,0,0,0,0,0,0,0,0,0,643.0,20.0,2.0,,0,0,,,0,,0,attack,s02
46,169,0,0,0,0,0,0,0,0,0,0,0,0,,,,,0,0,,,0,,0,attack,s02
46,170,0,0,0,0,0,0,0,0,0,0,0,0,,,,,0,0,,,0,,0,attack,s02
46,171,1,0,0,0,0,0,0,0,0,0,0,0,,,,,0,0,,,0,,0,attack,s02
46,172,0,0,0,0,0,0,0,0,0,0,0,0,,,,,0,0,,,0,,0,attack,s02
46,173,0,0,0,0,0,0,0,0,0,0,0,0,,,,,0,0,,,0,,0,attack,s02
46,174,0,0,0,0,0,0,0,0,0,0,0,0,643.0,20.0,2.0,,0,0,,,0,,0,attack,s02
46,175,0,0,0,0,0,0,0,0,0,0,0,0,,,,,0,0,,,0,,0,attack,s02
46,176,0,0,0,0,0,0,0,0,0,0,0,0,,,,,0,0,,,0,,0,attack,s02
46,177,0,0,0,0,0,0,0,0,0,0,0,0,,,,,0,0,,,0,,0,attack,s02
46,178,0,0,0,0,0,0,0,0,0,0,0,0,,,,,0,0,,,0,,0,attack,s02
46,179,0,0,0,0,0,0,0,0,0,0,0,0,,,,,0,0,,,0,,0,attack,s02
46,180,0,0,0,0,0,0,0,0,0,0,0,0,643.0,20.0,2.0,,0,0,,,0,,0,attack,s02
46,181,0,0,0,0,0,0,0,0,0,0,0,0,,,,,0,0,,,0,,0,attack,s02
47,0,0,0,0,0,0,0,0,0,0,0,0,0,,,,,0,0,,,0,,0,attack,s02
47,1,0,0,0,0,0,0,0,0,0,0,0,0,,,,,0,0,,,0,,0,attack,s02
47,2,0,0,0,0,1,0,0,0,0,1,0,0,,,,,0,0,,,0,,0,attack,s02
47,3,0,0,0,0,0,0,0,0,0,0,0,0,,,,,0,0,,,0,,0,attack,s02
47,4,5,3,0,0,1,0,0,1,0,0,1,0,515.0,0.0,2.0,,0,0,,,0,,0,attack,s02
47,5,1,2,1,1,0,0,0,0,0,0,1,0,,,,,0,0,,,0,,0,attack,s02
47,6,1,4,0,0,0,0,0,0,0,0,1,0,511.0,13.0,3.0,,0,0,,,0,,0,attack,s02
47,7,1,3,0,0,0,0,0,0,0,0,1,0,,,,,0,0,,,0,,0,attack,s02
47,8,0,1,0,0,0,0,0,0,0,0,1,0,,,,,0,1,0.0,,1,124.0,0,attack,s02
47,9,1,0,0,0,0,0,0,0,0,0,0,0,,,,,0,0,,,0,,0,attack,s02
47,10,0,3,0,0,0,0,0,0,0,0,1,0,,,,,0,0,,,0,,0,attack,s02
47,11,1,0,0,0,0,0,0,0,0,0,0,0,,,,,0,0,,,0,,0,attack,s02
47,12,0,0,0,0,0,0,0,0,0,0,0,0,537.0,16.0,4.0,,0,0,,,0,,0,attack,s02
47,13,0,0,0,0,0,0,0,0,0,0,0,0,,,,,0,0,,,0,,0,attack,s02
47,14,0,0,0,0,0,0,0,0,0,0,0,0,,,,,0,1,99.0,1.6499725004583257,1,116.0,0,attack,s02
47,15,1,2,0,0,0,0,0,0,0,0,1,0,,,,,0,0,,,0,,0,attack,s02
47,16,0,0,0,0,0,0,0,0,0,0,0,0,,,,,0,0,,,0,,0,attack,s02
47,17,0,0,0,0,0,0,0,0,0,0,0,0,,,,,0,0,,,0,,0,attack,s02
47,18,0,0,0,0,0,0,0,0,0,0,0,0,528.0,17.0,4.0,,0,0,,,0,,0,attack,s02
47,19,0,0,0,0,0,0,0,0,0,0,0,0,,,,,0,0,,,0,,0,attack,s02
47,20,1,0,0,0,0,0,0,0,0,0,0,0,,,,,0,1,99.0,1.6499725004583257,1,90.0,0,attack,s02
47,21,0,0,0,0,0,0,0,0,0,0,0,0,,,,,0,0,,,0,,0,attack,s02
47,22,0,0,0,0,0,0,0,0,0,0,0,0,,,,,0,0,,,0,,0,attack,s02
47,23,0,0,0,0,0,0,0,0,0,0,0,0,,,,,0,0,,,0,,0,attack,s02
47,24,0,1,0,0,0,0,0,0,0,0,1,0,520.0,17.0,4.0,,0,0,,,0,,0,attack,s02
47,25,0,0,0,0,0,0,0,0,0,0,0,0,,,,,0,0,,,0,,0,attack,s02
47,26,0,0,0,0,0,0,0,0,0,0,0,0,,,,,0,1,99.0,1.6499725004583257,1,111.0,0,attack,s02
47,27,0,1,0,0,0,0,0,0,0,0,1,0,,,,,0,0,,,0,,0,attack,s02
47,28,1,1,0,0,0,0,0,0,0,0,1,0,,,,,0,0,,,0,,0,attack,s02
47,29,0,0,0,0,0,0,0,0,0,0,0,0,,,,,0,0,,,0,,0,attack,s02
47,30,1,1,0,0,0,0,0,0,0,0,1,0,513.0,17.0,4.0,,0,0,,,0,,0,attack,s02
47,31,0,0,0,0,0,0,0,0,0,0,0,0,,,,,0,0,,,0,,0,attack,s02
47,32,0,0,0,0,0,0,0,0,0,0,0,0,,,,,0,1,98.0,1.6333061115648073,1,101.0,0,attack,s02
47,33,0,0,0,0,0,0,0,0,0,0,0,0,,,,,0,0,,,0,,0,attack,s02
47,34,0,0,0,0,0,0,0,0,0,0,0,0,,,,,0,0,,,0,,0,attack,s02
47,35,0,0,0,0,0,0,0,0,0,0,0,0,,,,,0,0,,,0,,0,attack,s02
47,36,0,0,0,0,0,0,0,0,0,0,0,0,544.0,18.0,4.0,,0,0,,,0,,0,attack,s02
47,37,0,0,0,0,0,0,0,0,0,0,0,0,,,,,0,0,,,0,,0,attack,s02
47,38,0,0,0,0,0,0,0,0,0,0,0,0,,,,,0,1,98.0,1.6333061115648073,1,111.0,0,attack,s02
47,39,1,0,0,0,0,0,0,0,0,0,0,0,,,,,0,0,,,0,,0,attack,s02
47,40,0,0,0,0,0,0,0,0,0,0,0,0,,,,,0,0,,,0,,0,attack,s02
47,41,0,0,0,0,0,0,0,0,0,0,0,0,,,,,0,0,,,0,,0,attack,s02
47,42,0,0,0,0,0,0,0,0,0,0,0,0,538.0,18.0,4.0,,0,0,,,0,,0,attack,s02
47,43,0,0,0,0,0,0,0,0,0,0,0,0,,,,,0,0,,,0,,0,attack,s02
47,44,1,0,0,0,0,0,0,0,0,0,0,0,,,,,0,1,99.0,1.6499725004583257,1,98.0,0,attack,s02
47,45,0,1,0,0,0,0,0,0,0,0,1,0,,,,,0,0,,,0,,0,attack,s02
47,46,0,0,0,0,0,0,0,0,0,0,0,0,,,,,0,0,,,0,,0,attack,s02
47,47,0,0,0,0,0,0,0,0,0,0,0,0,,,,,0,0,,,0,,0,attack,s02
47,48,1,0,0,0,0,0,0,0,0,0,0,0,457.0,18.0,4.0,,0,0,,,0,,0,attack,s02
47,49,0,0,0,0,0,0,0,0,0,0,0,0,,,,,0,0,,,0,,0,attack,s02
47,50,1,0,0,0,0,0,0,0,0,0,0,0,,,,,0,1,99.0,1.6499725004583257,1,103.0,0,attack,s02
47,51,0,0,0,0,0,0,0,0,0,0,0,0,,,,,0,0,,,0,,0,attack,s02
47,52,0,0,0,0,0,0,0,0,0,0,0,0,,,,,0,0,,,0,,0,attack,s02
47,53,0,0,0,0,0,0,0,0,0,0,0,0,,,,,0,0,,,0,,0,attack,s02
47,54,0,1,0,0,0,0,0,0,0,0,1,0,452.0,18.0,4.0,,0,0,,,0,,0,attack,s02
47,55,0,1,0,0,0,0,0,0,0,0,1,0,,,,,0,0,,,0,,0,attack,s02
47,56,0,1,0,0,0,0,0,0,0,0,1,0,,,,,0,1,99.0,1.6499444518701203,1,91.0,0,attack,s02
47,57,0,0,0,0,0,0,0,0,0,0,0,0,,,,,0,0,,,0,,0,attack,s02
47,58,0,0,0,0,0,0,0,0,0,0,0,0,,,,,0,0,,,0,,0,attack,s02
47,59,1,0,0,0,0,0,0,0,0,0,0,0,,,,,0,0,,,0,,0,attack,s02
47,60,0,0,0,0,0,0,0,0,0,0,0,0,431.0,19.0,4.0,,0,0,,,0,,0,attack,s02
47,61,0,0,0,0,0,0,0,0,0,0,0,0,,,,,0,0,,,0,,0,attack,s02
47,62,0,0,0,0,0,0,0,0,0,0,0,0,,,,,0,1,98.0,1.6333066559912854,1,96.0,0,attack,s02
47,63,0,0,0,0,0,0,0,0,0,0,0,0,,,,,0,0,,,0,,0,attack,s02
47,64,0,0,0,0,0,0,0,0,0,0,0,0,,,,,0,0,,,0,,0,attack,s02
47,65,0,0,0,0,0,0,0,0,0,0,0,0,,,,,0,0,,,0,,0,attack,s02
47,66,0,0,1,1,0,0,0,1,0,0,0,0,402.0,19.0,4.0,0.0,0,0,,,0,,0,attack,s02
47,67,1,0,0,0,0,0,0,0,0,0,0,0,,,,,0,0,,,0,,0,attack,s02
47,68,0,0,0,0,0,0,0,0,0,0,0,0,,,,,0,1,99.0,1.6499725004583257,1,96.0,0,attack,s02
47,69,0,0,0,0,0,0,0,0,0,0,0,0,,,,,0,0,,,0,,0,attack,s02
47,70,0,0,0,0,0,0,0,0,0,0,0,0,,,,,0,0,,,0,,0,attack,s02
47,71,0,0,0,0,0,0,0,0,0,0,0,0,,,,,0,0,,,0,,0,attack,s02
47,72,0,0,0,0,0,0,0,0,0,0,0,0,340.0,19.0,4.0,,0,0,,,0,,0,attack,s02
47,73,0,0,0,0,0,0,0,0,0,0,0,0,,,,,0,0,,,0,,0,attack,s02
47,74,0,0,0,0,0,0,0,0,0,0,0,0,,,,,0,1,99.0,1.6499725004583257,1,125.0,0,attack,s02
47,75,1,0,0,0,0,0,0,0,0,0,0,0,,,,,0,0,,,0,,0,attack,s02
47,76,0,1,0,0,0,0,0,0,0,0,1,0,,,,,0,0,,,0,,0,attack,s02
47,77,0,0,0,0,0,0,0,0,0,0,0,0,,,,,0,0,,,0,,0,attack,s02
47,78,0,0,0,0,0,0,0,0,0,0,0,0,350.0,19.0,4.0,,0,0,,,0,,0,attack,s02
47,79,0,0,0,0,0,0,0,0,0,0,0,0,,,,,0,0,,,0,,0,attack,s02
47,80,0,0,0,0,0,0,0,0,0,0,0,0,,,,,0,1,99.0,1.6499725004583257,1,129.0,0,attack,s02
47,81,0,0,0,0,0,0,0,0,0,0,0,0,,,,,0,0,,,0,,0,attack,s02
47,82,0,0,0,0,0,0,0,0,0,0,0,0,,,,,0,0,,,0,,0,attack,s02
47,83,0,0,0,0,0,0,0,0,0,0,0,0,,,,,0,0,,,0,,0,attack,s02
47,84,0,0,0,0,0,0,0,0,0,0,0,0,340.0,19.0,4.0,,0,0,,,0,,0,attack,s02
47,85,0,0,0,0,0,0,0,0,0,0,0,0,,,,,0,0,,,0,,0,attack,s02
47,86,0,1,0,0,0,0,0,0,0,0,1,0,,,,,0,1,98.0,1.6333061115648073,1,128.0,0,attack,s02
47,87,0,0,0,0,0,0,0,0,0,0,0,0,,,,,0,0,,,0,,0,attack,s02
47,88,0,0,0,0,0,0,0,0,0,0,0,0,,,,,0,0,,,0,,0,attack,s02
47,89,0,0,0,0,0,0,0,0,0,0,0,0,,,,,0,0,,,0,,0,attack,s02
47,90,1,1,0,0,0,0,0,0,0,0,1,0,331.0,19.0,4.0,,0,0,,,0,,0,attack,s02
47,91,0,0,0,0,0,0,0,0,0,0,0,0,,,,,0,0,,,0,,0,attack,s02
47,92,0,0,0,0,0,0,0,0,0,0,0,0,,,,,0,1,98.0,1.6333061115648073,1,103.0,0,attack,s02
47,93,0,0,0,0,0,0,0,0,0,0,0,0,,,,,0,0,,,0,,0,attack,s02
47,94,0,0,0,0,0,0,0,0,0,0,0,0,,,,,0,0,,,0,,0,attack,s02
47,95,0,0,0,0,0,0,0,0,0,0,0,0,,,,,0,0,,,0,,0,attack,s02
47,96,0,0,0,0,0,0,0,0,0,0,0,0,323.0,19.0,4.0,,0,0,,,0,,0,attack,s02
47,97,0,0,0,0,0,0,0,0,0,0,0,0,,,,,0,0,,,0,,0,attack,s02
47,98,0,0,0,0,0,0,0,0,0,0,0,0,,,,,0,1,98.0,1.6333061115648073,1,105.0,0,attack,s02
47,99,0,0,0,0,0,0,0,0,0,0,0,0,,,,,0,0,,,0,,0,attack,s02
47,100,0,0,0,0,0,0,0,0,0,0,0,0,,,,,0,0,,,0,,0,attack,s02
47,101,1,0,0,0,0,0,0,0,0,0,0,0,,,,,0,0,,,0,,0,attack,s02
47,102,1,1,0,0,0,0,0,0,0,0,1,0,316.0,19.0,4.0,,0,0,,,0,,0,attack,s02
47,103,0,0,0,0,0,0,0,0,0,0,0,0,,,,,0,0,,,0,,0,attack,s02
47,104,0,1,0,0,0,0,0,0,0,0,1,0,,,,,0,1,99.0,1.6499725004583257,1,97.0,0,attack,s02
47,105,0,0,0,0,0,0,0,0,0,0,0,0,,,,,0,0,,,0,,0,attack,s02
47,106,0,1,0,0,0,0,0,0,0,0,1,0,,,,,0,0,,,0,,0,attack,s02
47,107,0,0,0,0,0,0,0,0,0,0,0,0,,,,,0,0,,,0,,0,attack,s02
47,108,0,0,0,0,0,0,0,0,0,0,0,0,310.0,19.0,4.0,,0,0,,,0,,0,attack,s02
47,109,1,0,0,0,0,0,0,0,0,0,0,0,,,,,0,0,,,0,,0,attack,s02
47,110,0,1,0,0,0,0,0,0,0,0,1,0,,,,,0,1,99.0,1.6499725004583257,1,110.0,0,attack,s02
47,111,0,0,0,0,0,0,0,0,0,0,0,0,,,,,0,0,,,0,,0,attack,s02
47,112,0,0,0,0,0,0,0,0,0,0,0,0,,,,,0,0,,,0,,0,attack,s02
47,113,0,0,0,0,0,0,0,0,0,0,0,0,,,,,0,0,,,0,,0,attack,s02
47,114,0,0,0,0,0,0,0,0,0,0,0,0,304.0,20.0,4.0,,0,0,,,0,,0,attack,s02
47,115,0,0,0,0,0,0,0,0,0,0,0,0,,,,,0,0,,,0,,0,attack,s02
47,116,0,0,0,0,0,0,0,0,0,0,0,0,,,,,0,1,99.0,1.6499725004583257,1,102.0,0,attack,s02
47,117,1,0,0,0,0,0,0,0,0,0,0,0,,,,,0,0,,,0,,0,attack,s02
47,118,0,0,0,0,0,0,0,0,0,0,0,0,,,,,0,0,,,0,,0,attack,s02
47,119,0,0,0,0,0,0,0,0,0,0,0,0,,,,,0,0,,,0,,0,attack,s02
47,120,0,0,0,0,0,0,0,0,0,0,0,0,299.0,20.0,4.0,,0,0,,,0,,0,attack,s02
47,121,0,0,0,0,0,0,0,0,0,0,0,0,,,,,0,0,,,0,,0,attack,s02
47,122,0,0,0,0,0,0,0,0,0,0,0,0,,,,,0,1,98.0,1.6333061115648073,1,108.0,0,attack,s02
47,123,0,0,0,0,0,0,0,0,0,0,0,0,,,,,0,0,,,0,,0,attack,s02
47,124,0,0,0,0,0,0,0,0,0,0,0,0,,,,,0,0,,,0,,0,attack,s02
47,125,0,0,0,0,0,0,0,0,0,0,0,0,,,,,0,0,,,0,,0,attack,s02
47,126,0,0,0,0,0,0,0,0,0,0,0,0,294.0,20.0,4.0,,0,0,,,0,,0,attack,s02
47,127,0,0,0,0,0,0,0,0,0,0,0,0,,,,,0,0,,,0,,0,attack,s02
47,128,1,0,0,0,0,0,0,0,0,0,0,0,,,,,0,1,99.0,1.6499725004583257,1,112.0,0,attack,s02
47,129,0,0,0,0,0,0,0,0,0,0,0,0,,,,,0,0,,,0,,0,attack,s02
47,130,0,0,0,0,0,0,0,0,0,0,0,0,,,,,0,0,,,0,,0,attack,s02
47,131,0,0,0,0,0,0,0,0,0,0,0,0,,,,,0,0,,,0,,0,attack,s02
47,132,0,1,0,0,0,0,0,0,0,0,1,0,290.0,20.0,4.0,,0,0,,,0,,0,attack,s02
47,133,1,0,0,0,0,0,0,0,0,0,0,0,,,,,0,0,,,0,,0,attack,s02
47,134,0,0,0,0,0,0,0,0,0,0,0,0,,,,,0,1,99.0,1.6499725004583257,1,117.0,0,attack,s02
47,135,0,0,0,0,0,0,0,0,0,0,0,0,,,,,0,0,,,0,,0,attack,s02
47,136,0,0,0,0,0,0,0,0,0,0,0,0,,,,,0,0,,,0,,0,attack,s02
47,137,0,0,0,0,0,0,0,0,0,0,0,0,,,,,0,0,,,0,,0,attack,s02
47,138,0,0,0,0,0,0,0,0,0,0,0,0,286.0,20.0,4.0,,0,0,,,0,,0,attack,s02
47,139,0,0,0,0,0,0,0,0,0,0,0,0,,,,,0,0,,,0,,0,attack,s02
47,140,0,0,0,0,0,0,0,0,0,0,0,0,,,,,0,1,98.0,1.6333061115648073,1,115.0,0,attack,s02
47,141,1,0,0,0,0,0,0,0,0,0,0,0,,,,,0,0,,,0,,0,attack,s02
47,142,0,0,0,0,0,0,0,0,0,0,0,0,,,,,0,0,,,0,,0,attack,s02
47,143,0,0,0,0,0,0,0,0,0,0,0,0,,,,,0,0,,,0,,0,attack,s02
47,144,0,0,0,0,0,0,0,0,0,0,0,0,283.0,20.0,4.0,,0,0,,,0,,0,attack,s02
47,145,0,0,0,0,0,0,0,0,0,0,0,0,,,,,0,0,,,0,,0,attack,s02
47,146,0,0,0,0,0,0,0,0,0,0,0,0,,,,,0,1,98.0,1.6333061115648073,1,123.0,0,attack,s02
47,147,0,0,0,0,0,0,0,0,0,0,0,0,,,,,0,0,,,0,,0,attack,s02
47,148,0,0,0,0,0,0,0,0,0,0,0,0,,,,,0,0,,,0,,0,attack,s02
47,149,0,0,0,0,0,0,0,0,0,0,0,0,,,,,0,0,,,0,,0,attack,s02
47,150,1,0,0,0,0,0,0,0,0,0,0,0,280.0,20.0,4.0,,0,0,,,0,,0,attack,s02
47,151,0,0,0,0,0,0,0,0,0,0,0,0,,,,,0,0,,,0,,0,attack,s02
47,152,0,0,0,0,0,0,0,0,0,0,0,0,,,,,0,1,98.0,1.6333061115648073,1,95.0,0,attack,s02
47,153,0,0,0,0,0,0,0,0,0,0,0,0,,,,,0,0,,,0,,0,attack,s02
47,154,0,0,0,0,0,0,0,0,0,0,0,0,,,,,0,0,,,0,,0,attack,s02
47,155,0,0,0,0,0,0,0,0,0,0,0,0,,,,,0,0,,,0,,0,attack,s02
47,156,1,0,0,0,0,0,0,0,0,0,0,0,277.0,20.0,4.0,,0,0,,,0,,0,attack,s02
47,157,0,0,0,0,0,0,0,0,0,0,0,0,,,,,0,0,,,0,,0,attack,s02
47,158,0,0,0,0,0,0,0,0,0,0,0,0,,,,,0,1,98.0,1.6333061115648073,1,118.0,0,attack,s02
47,159,0,0,0,0,0,0,0,0,0,0,0,0,,,,,0,0,,,0,,0,attack,s02
47,160,0,0,0,0,0,0,0,0,0,0,0,0,,,,,0,0,,,0,,0,attack,s02
47,161,0,0,0,0,0,0,0,0,0,0,0,0,,,,,0,0,,,0,,0,attack,s02
47,162,0,0,0,0,0,0,0,0,0,0,0,0,274.0,20.0,4.0,,0,0,,,0,,0,attack,s02
47,163,0,0,0,0,0,0,0,0,0,0,0,0,,,,,0,0,,,0,,0,attack,s02
47,164,1,1,0,0,0,0,0,0,0,0,1,0,,,,,0,1,99.0,1.6499725004583257,1,107.0,0,attack,s02
47,165,0,0,0,0,0,0,0,0,0,0,0,0,,,,,0,0,,,0,,0,attack,s02
47,166,0,0,0,0,0,0,0,0,0,0,0,0,,,,,0,0,,,0,,0,attack,s02
47,167,0,0,0,0,0,0,0,0,0,0,0,0,,,,,0,0,,,0,,0,attack,s02
47,168,0,0,0,0,0,0,0,0,0,0,0,0,272.0,20.0,4.0,,0,0,,,0,,0,attack,s02
47,169,1,0,0,0,0,0,0,0,0,0,0,0,,,,,0,0,,,0,,0,attack,s02
47,170,0,0,0,0,0,0,0,0,0,0,0,0,,,,,0,1,99.0,1.6499444518701203,1,98.0,0,attack,s02
47,171,0,0,0,0,0,0,0,0,0,0,0,0,,,,,0,0,,,0,,0,attack,s02
47,172,0,0,0,0,0,0,0,0,0,0,0,0,,,,,0,0,,,0,,0,attack,s02
47,173,0,0,0,0,0,0,0,0,0,0,0,0,,,,,0,0,,,0,,0,attack,s02
47,174,2,1,0,0,0,0,0,0,0,0,1,0,270.0,20.0,4.0,,0,0,,,0,,0,attack,s02
47,175,0,0,0,0,0,0,0,0,0,0,0,0,,,,,0,0,,,0,,0,attack,s02
47,176,0,0,0,0,0,0,0,0,0,0,0,0,,,,,0,1,98.0,1.6333066559912854,1,111.0,0,attack,s02
47,177,0,1,0,0,0,0,0,0,0,0,1,0,,,,,0,0,,,0,,0,attack,s02
47,178,0,1,0,0,0,0,0,0,0,0,1,0,,,,,0,0,,,0,,0,attack,s02
47,179,1,0,0,0,0,0,0,0,0,0,0,0,,,,,0,0,,,0,,0,attack,s02
47,180,0,0,0,0,0,0,0,0,0,0,0,0,268.0,20.0,4.0,,0,0,,,0,,0,attack,s02
47,181,0,0,0,0,0,0,0,0,0,0,0,0,,,,,0,0,,,0,,0,attack,s02
48,0,3,2,0,0,0,0,0,0,0,0,1,0,,,,,0,0,,,0,,0,attack,s02
48,1,2,0,1,1,0,0,0,1,0,0,0,0,312.0,0.0,1.0,,0,0,,,0,,0,attack,s02
48,2,1,2,0,0,0,0,0,0,0,0,1,0,,,,,0,0,,,0,,0,attack,s02
48,3,1,2,0,0,0,0,0,0,0,0,1,0,,,,,0,0,,,0,,0,attack,s02
48,4,2,1,0,0,0,0,0,0,0,0,1,0,,,,,0,0,,,0,,0,attack,s02
48,5,2,2,0,0,0,0,0,0,0,0,1,0,,,,,0,0,,,0,,0,attack,s02
48,6,0,6,0,0,0,0,0,0,0,0,1,4,301.0,14.0,3.0,,0,0,,,0,,0,attack,s02
48,7,0,2,0,0,0,0,0,0,0,0,1,0,,,,,0,0,,,0,,0,attack,s02
48,8,0,2,0,0,0,0,0,0,0,0,1,0,,,,,0,1,0.0,,1,92.0,0,attack,s02
48,9,1,1,0,0,0,0,0,0,0,0,1,0,,,,,0,0,,,0,,0,attack,s02
48,10,0,1,0,0,0,0,0,0,0,0,1,0,,,,,0,0,,,0,,0,attack,s02
48,11,0,1,0,0,0,0,0,0,0,0,1,0,,,,,0,0,,,0,,0,attack,s02
48,12,0,1,0,0,0,0,0,0,0,0,1,0,299.0,16.0,4.0,,0,0,,,0,,0,attack,s02
48,13,0,2,0,0,0,0,0,0,0,0,1,0,,,,,0,0,,,0,,0,attack,s02
48,14,2,1,0,0,0,0,0,0,0,0,1,0,,,,,0,1,100.0,1.6666388893518442,1,122.0,0,attack,s02
48,15,0,1,0,0,0,0,0,0,0,0,1,0,,,,,0,0,,,0,,0,attack,s02
48,16,0,0,0,0,0,0,0,0,0,0,0,0,,,,,0,0,,,0,,0,attack,s02
48,17,0,2,0,0,0,0,0,0,0,0,1,0,,,,,0,0,,,0,,0,attack,s02
48,18,0,2,0,0,0,0,0,0,0,0,2,1,283.0,17.0,4.0,,0,0,,,0,,0,attack,s02
48,19,0,0,0,0,0,0,0,0,0,0,0,0,,,,,0,0,,,0,,0,attack,s02
48,20,0,0,0,0,0,0,0,0,0,0,0,0,,,,,0,1,99.0,1.6499725004583257,1,123.0,0,attack,s02
48,21,0,0,0,0,0,0,0,0,0,0,0,0,,,,,0,0,,,0,,0,attack,s02
48,22,1,0,0,0,0,0,0,0,0,0,0,0,,,,,0,0,,,0,,0,attack,s02
48,23,0,0,0,0,0,0,0,0,0,0,0,0,,,,,0,0,,,0,,0,attack,s02
48,24,0,0,0,0,0,0,0,0,0,0,0,0,285.0,17.0,4.0,,0,0,,,0,,0,attack,s02
48,25,1,0,0,0,0,0,0,0,0,0,0,0,,,,,0,0,,,0,,0,attack,s02
48,26,0,1,0,0,0,0,0,0,0,0,1,0,,,,,0,1,100.0,1.6666388893518442,1,106.0,0,attack,s02
48,27,0,3,0,0,0,0,0,0,0,0,1,0,,,,,0,0,,,0,,0,attack,s02
48,28,0,1,0,0,0,0,0,0,0,0,1,0,,,,,0,0,,,0,,0,attack,s02
48,29,1,0,0,0,0,0,0,0,0,0,0,0,,,,,0,0,,,0,,0,attack,s02
48,30,0,0,0,0,0,0,0,0,0,0,0,0,274.0,18.0,4.0,,0,0,,,0,,0,attack,s02
48,31,0,1,0,0,0,0,0,0,0,0,1,1,,,,,0,0,,,0,,0,attack,s02
48,32,0,0,0,0,0,0,0,0,0,0,0,0,,,,,0,1,99.0,1.6499725004583257,1,93.0,0,attack,s02
48,33,0,0,0,0,0,0,0,0,0,0,0,0,,,,,0,0,,,0,,0,attack,s02
48,34,0,0,0,0,0,0,0,0,0,0,0,0,,,,,0,0,,,0,,0,attack,s02
48,35,0,0,0,0,0,0,0,0,0,0,0,0,,,,,0,0,,,0,,0,attack,s02
48,36,0,0,0,0,0,0,0,0,0,0,0,0,266.0,18.0,5.0,,0,0,,,0,,0,attack,s02
48,37,1,0,0,0,0,0,0,0,0,0,0,0,,,,,0,0,,,0,,0,attack,s02
48,38,0,0,0,0,0,0,0,0,0,0,0,0,,,,,0,1,99.0,1.6499725004583257,1,107.0,0,attack,s02
48,39,0,0,0,0,0,0,0,0,0,0,0,0,,,,,0,0,,,0,,0,attack,s02
48,40,0,0,0,0,0,0,0,0,0,0,0,0,,,,,0,0,,,0,,0,attack,s02
48,41,0,0,0,0,0,0,0,0,0,0,0,0,,,,,0,0,,,0,,0,attack,s02
48,42,1,0,0,0,0,0,0,0,0,0,0,0,262.0,18.0,5.0,,0,0,,,0,,0,attack,s02
48,43,0,2,0,0,0,0,0,0,0,0,2,1,,,,,0,0,,,0,,0,attack,s02
48,44,0,0,0,0,0,0,0,0,0,0,0,0,,,,,0,1,100.0,1.6666388893518442,1,102.0,0,attack,s02
48,45,0,0,0,0,0,0,0,0,0,0,0,0,,,,,0,0,,,0,,0,attack,s02
48,46,0,1,0,0,0,0,0,0,0,0,1,0,,,,,0,0,,,0,,0,attack,s02
48,47,1,1,0,0,0,0,0,0,0,0,1,0,,,,,0,0,,,0,,0,attack,s02
48,48,0,0,0,0,0,0,0,0,0,0,0,0,258.0,18.0,5.0,,0,0,,,0,,0,attack,s02
48,49,0,1,0,0,0,0,0,0,0,0,1,0,,,,,0,0,,,0,,0,attack,s02
48,50,1,0,0,0,0,0,0,0,0,0,0,0,,,,,0,1,101.0,1.6833052782453626,1,103.0,0,attack,s02
48,51,0,0,0,0,0,0,0,0,0,0,0,0,,,,,0,0,,,0,,0,attack,s02
48,52,0,0,0,0,0,0,0,0,0,0,0,0,,,,,0,0,,,0,,0,attack,s02
48,53,0,0,0,0,0,0,0,0,0,0,0,0,,,,,0,0,,,0,,0,attack,s02
48,54,0,0,0,0,0,0,0,0,0,0,0,0,256.0,18.0,5.0,,0,0,,,0,,0,attack,s02
48,55,1,1,0,0,0,0,0,0,0,0,1,0,,,,,0,0,,,0,,0,attack,s02
48,56,0,0,0,0,0,0,0,0,0,0,0,0,,,,,0,1,100.0,1.6666388893518442,1,115.0,0,attack,s02
48,57,0,0,0,0,0,0,0,0,0,0,0,0,,,,,0,0,,,0,,0,attack,s02
48,58,0,0,0,0,0,0,0,0,0,0,0,0,,,,,0,0,,,0,,0,attack,s02
48,59,0,0,0,0,0,0,0,0,0,0,0,0,,,,,0,0,,,0,,0,attack,s02
48,60,0,0,0,0,0,0,0,0,0,0,0,0,256.0,19.0,5.0,,0,0,,,0,,0,attack,s02
48,61,0,0,0,0,0,0,0,0,0,0,0,0,,,,,0,0,,,0,,0,attack,s02
48,62,0,0,0,0,0,0,0,0,0,0,0,0,,,,,0,1,99.0,1.6499725004583257,1,114.0,0,attack,s02
48,63,0,0,0,0,0,0,0,0,0,0,0,0,,,,,0,0,,,0,,0,attack,s02
48,64,0,0,0,0,0,0,0,0,0,0,0,0,,,,,0,0,,,0,,0,attack,s02
48,65,0,0,0,0,0,0,0,0,0,0,0,0,,,,,0,0,,,0,,0,attack,s02
48,66,1,0,0,0,0,0,0,0,0,0,0,0,256.0,19.0,5.0,,0,0,,,0,,0,attack,s02
48,67,0,0,0,0,0,0,0,0,0,0,0,0,,,,,0,0,,,0,,0,attack,s02
48,68,0,0,0,0,0,0,0,0,0,0,0,0,,,,,0,1,99.0,1.6499725004583257,1,127.0,0,attack,s02
48,69,0,0,0,0,0,0,0,0,0,0,0,0,,,,,0,0,,,0,,0,attack,s02
48,70,0,0,0,0,0,0,0,0,0,0,0,0,,,,,0,0,,,0,,0,attack,s02
48,71,0,0,0,0,0,0,0,0,0,0,0,0,,,,,0,0,,,0,,0,attack,s02
48,72,0,0,0,0,0,0,0,0,0,0,0,0,256.0,19.0,5.0,,0,0,,,0,,0,attack,s02
48,73,0,0,0,0,0,0,0,0,0,0,0,0,,,,,0,0,,,0,,0,attack,s02
48,74,0,0,0,0,0,0,0,0,0,0,0,0,,,,,0,1,99.0,1.6499725004583257,1,121.0,0,attack,s02
48,75,0,0,0,0,0,0,0,0,0,0,0,0,,,,,0,0,,,0,,0,attack,s02
48,76,0,1,0,0,0,0,0,0,0,0,1,0,,,,,0,0,,,0,,0,attack,s02
48,77,0,0,0,0,0,0,0,0,0,0,0,0,,,,,0,0,,,0,,0,attack,s02
48,78,0,0,0,0,0,0,0,0,0,0,0,0,256.0,19.0,5.0,,0,0,,,0,,0,attack,s02
48,79,0,0,0,0,0,0,0,0,0,0,0,0,,,,,0,0,,,0,,0,attack,s02
48,80,0,0,0,0,0,0,0,0,0,0,0,0,,,,,0,1,99.0,1.6499725004583257,1,103.0,0,attack,s02
48,81,0,0,0,0,0,0,0,0,0,0,0,0,,,,,0,0,,,0,,0,attack,s02
48,82,0,0,0,0,0,0,0,0,0,0,0,0,,,,,0,0,,,0,,0,attack,s02
48,83,0,0,0,0,0,0,0,0,0,0,0,0,,,,,0,0,,,0,,0,attack,s02
48,84,0,0,0,0,0,0,0,0,0,0,0,0,256.0,19.0,5.0,,0,0,,,0,,0,attack,s02
48,85,0,0,0,0,0,0,0,0,0,0,0,0,,,,,0,0,,,0,,0,attack,s02
48,86,0,0,0,0,0,0,0,0,0,0,0,0,,,,,0,1,99.0,1.6499725004583257,1,117.0,0,attack,s02
48,87,0,0,0,0,0,0,0,0,0,0,0,0,,,,,0,0,,,0,,0,attack,s02
48,88,0,0,0,0,0,0,0,0,0,0,0,0,,,,,0,0,,,0,,0,attack,s02
48,89,0,0,0,0,0,0,0,0,0,0,0,0,,,,,0,0,,,0,,0,attack,s02
48,90,0,2,0,0,0,0,0,0,0,0,1,0,256.0,19.0,5.0,,0,0,,,0,,0,attack,s02
48,91,0,1,0,0,0,0,0,0,0,0,1,0,,,,,0,0,,,0,,0,attack,s02
48,92,0,0,0,0,0,0,0,0,0,0,0,0,,,,,0,1,98.0,1.6333061115648073,1,129.0,0,attack,s02
48,93,2,0,0,0,0,0,0,0,0,0,0,0,,,,,0,0,,,0,,0,attack,s02
48,94,0,0,0,0,0,0,0,0,0,0,0,0,,,,,0,0,,,0,,0,attack,s02
48,95,0,0,0,0,0,0,0,0,0,0,0,0,,,,,0,0,,,0,,0,attack,s02
48,96,0,1,0,0,0,0,0,0,0,0,1,0,256.0,19.0,5.0,,0,0,,,0,,0,attack,s02
48,97,0,0,0,0,0,0,0,0,0,0,0,0,,,,,0,0,,,0,,0,attack,s02
48,98,0,0,0,0,0,0,0,0,0,0,0,0,,,,,0,1,99.0,1.6499725004583257,1,111.0,0,attack,s02
48,99,0,0,0,0,0,0,0,0,0,0,0,0,,,,,0,0,,,0,,0,attack,s02
48,100,1,0,0,0,0,0,0,0,0,0,0,0,,,,,0,0,,,0,,0,attack,s02
48,101,0,0,0,0,0,0,0,0,0,0,0,0,,,,,0,0,,,0,,0,attack,s02
48,102,0,0,0,0,0,0,0,0,0,0,0,0,256.0,19.0,5.0,,0,0,,,0,,0,attack,s02
48,103,0,0,0,0,0,0,0,0,0,0,0,0,,,,,0,0,,,0,,0,attack,s02
48,104,0,0,0,0,0,0,0,0,0,0,0,0,,,,,0,1,99.0,1.6499725004583257,1,101.0,0,attack,s02
48,105,0,1,0,0,0,0,0,0,0,0,1,0,,,,,0,0,,,0,,0,attack,s02
48,106,0,1,0,0,0,0,0,0,0,0,1,1,,,,,0,0,,,0,,0,attack,s02
48,107,1,1,0,0,0,0,0,0,0,0,1,0,,,,,0,0,,,0,,0,attack,s02
48,108,0,0,0,0,0,0,0,0,0,0,0,0,256.0,19.0,5.0,,0,0,,,0,,0,attack,s02
48,109,0,0,0,0,0,0,0,0,0,0,0,0,,,,,0,0,,,0,,0,attack,s02
48,110,0,0,0,0,0,0,0,0,0,0,0,0,,,,,0,1,99.0,1.6499725004583257,1,102.0,0,attack,s02
48,111,0,0,0,0,0,0,0,0,0,0,0,0,,,,,0,0,,,0,,0,attack,s02
48,112,0,0,0,0,0,0,0,0,0,0,0,0,,,,,0,0,,,0,,0,attack,s02
48,113,1,0,0,0,0,0,0,0,0,0,0,0,,,,,0,0,,,0,,0,attack,s02
48,114,0,0,0,0,0,0,0,0,0,0,0,0,256.0,20.0,5.0,,0,0,,,0,,0,attack,s02
48,115,0,1,0,0,0,0,0,0,0,0,1,0,,,,,0,0,,,0,,0,attack,s02
48,116,0,0,0,0,0,0,0,0,0,0,0,0,,,,,0,1,99.0,1.649971950476842,1,121.0,0,attack,s02
48,117,0,0,0,0,0,0,0,0,0,0,0,0,,,,,0,0,,,0,,0,attack,s02
48,118,0,0,0,0,0,0,0,0,0,0,0,0,,,,,0,0,,,0,,0,attack,s02
48,119,0,0,0,0,0,0,0,0,0,0,0,0,,,,,0,0,,,0,,0,attack,s02
48,120,0,0,0,0,0,0,0,0,0,0,0,0,256.0,20.0,5.0,,0,0,,,0,,0,attack,s02
48,121,1,1,0,0,0,0,0,0,0,0,1,1,,,,,0,0,,,0,,0,attack,s02
48,122,0,0,0,0,0,0,0,0,0,0,0,0,,,,,0,1,100.0,1.666639444889067,1,104.0,0,attack,s02
48,123,0,0,0,0,0,0,0,0,0,0,0,0,,,,,0,0,,,0,,0,attack,s02
48,124,0,1,0,0,0,0,0,0,0,0,1,0,,,,,0,0,,,0,,0,attack,s02
48,125,0,0,0,0,0,0,0,0,0,0,0,0,,,,,0,0,,,0,,0,attack,s02
48,126,0,0,0,0,0,0,0,0,0,0,0,0,256.0,20.0,5.0,,0,0,,,0,,0,attack,s02
48,127,0,0,0,0,0,0,0,0,0,0,0,0,,,,,0,0,,,0,,0,attack,s02
48,128,0,0,0,0,0,0,0,0,0,0,0,0,,,,,0,1,99.0,1.6499725004583257,1,101.0,0,attack,s02
48,129,0,0,0,0,0,0,0,0,0,0,0,0,,,,,0,0,,,0,,0,attack,s02
48,130,0,0,0,0,0,0,0,0,0,0,0,0,,,,,0,0,,,0,,0,attack,s02
48,131,1,0,0,0,0,0,0,0,0,0,0,0,,,,,0,0,,,0,,0,attack,s02
48,132,0,0,0,0,0,0,0,0,0,0,0,0,256.0,20.0,5.0,,0,0,,,0,,0,attack,s02
48,133,0,0,0,0,0,0,0,0,0,0,0,0,,,,,0,0,,,0,,0,attack,s02
48,134,0,0,0,0,0,0,0,0,0,0,0,0,,,,,0,1,99.0,1.6499725004583257,1,107.0,0,attack,s02
48,135,0,0,0,0,0,0,0,0,0,0,0,0,,,,,0,0,,,0,,0,attack,s02
48,136,0,0,0,0,0,0,0,0,0,0,0,0,,,,,0,0,,,0,,0,attack,s02
48,137,0,0,0,0,0,0,0,0,0,0,0,0,,,,,0,0,,,0,,0,attack,s02
48,138,1,0,0,0,0,0,0,0,0,0,0,0,256.0,20.0,5.0,,0,0,,,0,,0,attack,s02
48,139,0,0,0,0,0,0,0,0,0,0,0,0,,,,,0,0,,,0,,0,attack,s02
48,140,0,0,0,0,0,0,0,0,0,0,0,0,,,,,0,1,99.0,1.6499725004583257,1,123.0,0,attack,s02
48,141,0,0,0,0,0,0,0,0,0,0,0,0,,,,,0,0,,,0,,0,attack,s02
48,142,0,0,0,0,0,0,0,0,0,0,0,0,,,,,0,0,,,0,,0,attack,s02
48,143,0,0,0,0,0,0,0,0,0,0,0,0,,,,,0,0,,,0,,0,attack,s02
48,144,0,0,0,0,0,0,0,0,0,0,0,0,256.0,20.0,5.0,,0,0,,,0,,0,attack,s02
48,145,0,0,0,0,0,0,0,0,0,0,0,0,,,,,0,0,,,0,,0,attack,s02
48,146,0,0,0,0,0,0,0,0,0,0,0,0,,,,,0,1,98.0,1.6333061115648073,1,106.0,0,attack,s02
48,147,0,0,0,0,0,0,0,0,0,0,0,0,,,,,0,0,,,0,,0,attack,s02
48,148,0,0,0,0,0,0,0,0,0,0,0,0,,,,,0,0,,,0,,0,attack,s02
48,149,0,0,0,0,0,0,0,0,0,0,0,0,,,,,0,0,,,0,,0,attack,s02
48,150,0,0,0,0,0,0,0,0,0,0,0,0,256.0,20.0,5.0,,0,0,,,0,,0,attack,s02
48,151,0,0,0,0,0,0,0,0,0,0,0,0,,,,,0,0,,,0,,0,attack,s02
48,152,0,0,0,0,0,0,0,0,0,0,0,0,,,,,0,1,99.0,1.6499725004583257,1,130.0,0,attack,s02
48,153,0,0,0,0,0,0,0,0,0,0,0,0,,,,,0,0,,,0,,0,attack,s02
48,154,0,0,0,0,0,0,0,0,0,0,0,0,,,,,0,0,,,0,,0,attack,s02
48,155,0,0,0,0,0,0,0,0,0,0,0,0,,,,,0,0,,,0,,0,attack,s02
48,156,0,1,0,0,0,0,0,0,0,0,1,0,256.0,20.0,5.0,,0,0,,,0,,0,attack,s02
48,157,0,0,0,0,0,0,0,0,0,0,0,0,,,,,0,0,,,0,,0,attack,s02
48,158,0,0,0,0,0,0,0,0,0,0,0,0,,,,,0,1,99.0,1.6499725004583257,1,97.0,0,attack,s02
48,159,0,0,0,0,0,0,0,0,0,0,0,0,,,,,0,0,,,0,,0,attack,s02
48,160,0,0,0,0,0,0,0,0,0,0,0,0,,,,,0,0,,,0,,0,attack,s02
48,161,0,0,0,0,0,0,0,0,0,0,0,0,,,,,0,0,,,0,,0,attack,s02
48,162,0,0,0,0,0,0,0,0,0,0,0,0,256.0,20.0,5.0,,0,0,,,0,,0,attack,s02
48,163,0,0,0,0,0,0,0,0,0,0,0,0,,,,,0,0,,,0,,0,attack,s02
48,164,0,1,0,0,0,0,0,0,0,0,1,0,,,,,0,1,99.0,1.6499725004583257,1,96.0,0,attack,s02
48,165,0,0,0,0,0,0,0,0,0,0,0,0,,,,,0,0,,,0,,0,attack,s02
48,166,0,0,0,0,0,0,0,0,0,0,0,0,,,,,0,0,,,0,,0,attack,s02
48,167,1,0,0,0,0,0,0,0,0,0,0,0,,,,,0,0,,,0,,0,attack,s02
48,168,0,0,0,0,0,0,0,0,0,0,0,0,256.0,20.0,5.0,,0,0,,,0,,0,attack,s02
48,169,0,0,0,0,0,0,0,0,0,0,0,0,,,,,0,0,,,0,,0,attack,s02
48,170,0,0,1,0,0,0,0,0,0,0,0,0,,,,,0,1,99.0,1.6499725004583257,1,116.0,0,attack,s02
48,171,0,0,0,1,0,0,0,0,0,0,0,0,,,,,0,0,,,0,,0,attack,s02
48,172,0,0,0,0,0,0,0,0,0,0,0,0,,,,,0,0,,,0,,0,attack,s02
48,173,0,0,0,0,0,0,0,0,0,0,0,0,,,,,0,0,,,0,,0,attack,s02
48,174,2,0,0,0,0,0,0,0,0,0,0,0,256.0,20.0,5.0,,0,0,,,0,,0,attack,s02
48,175,0,0,0,0,0,0,0,0,0,0,0,0,,,,,0,0,,,0,,0,attack,s02
48,176,1,0,0,0,0,0,0,0,0,0,0,0,,,,,0,1,99.0,1.6499725004583257,1,108.0,0,attack,s02
48,177,0,0,0,0,0,0,0,0,0,0,0,0,,,,,0,0,,,0,,0,attack,s02
48,178,0,0,0,0,0,0,0,0,0,0,0,0,,,,,0,0,,,0,,0,attack,s02
48,179,1,0,0,0,0,0,0,0,0,0,0,0,,,,,0,0,,,0,,0,attack,s02
48,180,0,0,0,0,0,0,0,0,0,0,0,0,256.0,15.0,5.0,,0,0,,,0,,0,attack,s02
48,181,0,0,0,0,0,0,0,0,0,0,0,0,,,,,0,0,,,0,,0,attack,s02
49,0,0,0,0,0,0,0,0,0,0,0,0,0,,,,,0,0,,,0,,0,attack,s02
49,1,0,0,0,0,0,0,0,0,0,0,0,0,,,,,0,0,,,0,,0,attack,s02
49,2,0,0,0,0,1,0,0,0,0,1,0,0,,,,,0,0,,,0,,0,attack,s02
49,3,0,0,0,0,0,0,0,0,0,0,0,0,,,,,0,0,,,0,,0,attack,s02
49,4,0,0,0,0,0,0,0,0,0,0,0,0,,,,,0,0,,,0,,0,attack,s02
49,5,0,0,0,0,1,0,0,0,0,1,0,0,,,,,0,0,,,0,,0,attack,s02
49,6,0,0,0,0,0,0,0,0,0,0,0,0,,,,,0,0,,,0,,0,attack,s02
49,7,0,1,0,0,0,0,0,0,0,0,1,0,,,,,0,0,,,0,,0,attack,s02
49,8,4,0,1,1,0,0,0,1,0,0,0,0,1171.0,0.0,1.0,,0,0,,,0,,0,attack,s02
49,9,2,2,0,0,0,0,0,0,0,0,1,0,,,,,0,0,,,0,,0,attack,s02
49,10,0,1,0,0,0,0,0,0,0,0,1,0,,,,,0,0,,,0,,0,attack,s02
49,11,1,2,0,0,0,0,0,0,0,0,1,0,,,,,0,0,,,0,,0,attack,s02
49,12,0,0,0,0,0,0,0,0,0,0,0,0,672.0,15.0,2.0,,0,1,0.0,,1,126.0,0,attack,s02
49,13,1,1,0,0,0,0,0,0,0,0,1,0,,,,,0,0,,,0,,0,attack,s02
49,14,0,1,0,0,0,0,0,0,0,0,1,0,,,,,0,0,,,0,,0,attack,s02
49,15,1,1,0,0,0,0,0,0,0,0,1,0,,,,,0,0,,,0,,0,attack,s02
49,16,0,1,0,0,0,0,0,0,0,0,1,0,,,,,0,0,,,0,,0,attack,s02
49,17,0,0,0,0,0,0,0,0,0,0,0,0,,,,,0,0,,,0,,0,attack,s02
49,18,0,1,0,0,0,0,0,0,0,0,1,0,603.0,16.0,2.0,,0,1,99.0,1.6499725004583257,1,102.0,0,attack,s02
49,19,0,0,0,0,0,0,0,0,0,0,0,0,,,,,0,0,,,0,,0,attack,s02
49,20,1,1,0,0,0,0,0,0,0,0,1,0,,,,,0,0,,,0,,0,attack,s02
49,21,1,0,0,0,0,0,0,0,0,0,0,0,,,,,0,0,,,0,,0,attack,s02
49,22,0,1,0,0,0,0,0,0,0,0,1,0,,,,,0,0,,,0,,0,attack,s02
49,23,0,0,0,0,0,0,0,0,0,0,0,0,,,,,0,0,,,0,,0,attack,s02
49,24,0,0,0,0,0,0,0,0,0,0,0,0,585.0,17.0,2.0,,0,1,99.0,1.6499725004583257,1,127.0,0,attack,s02
49,25,0,1,0,0,0,0,0,0,0,0,1,0,,,,,0,0,,,0,,0,attack,s02
49,26,0,0,0,0,0,0,0,0,0,0,0,0,,,,,0,0,,,0,,0,attack,s02
49,27,1,0,0,0,0,0,0,0,0,0,0,0,,,,,0,0,,,0,,0,attack,s02
49,28,0,0,0,0,0,0,0,0,0,0,0,0,,,,,0,0,,,0,,0,attack,s02
49,29,0,0,0,0,0,0,0,0,0,0,0,0,,,,,0,0,,,0,,0,attack,s02
49,30,0,0,0,0,0,0,0,0,0,0,0,0,582.0,17.0,2.0,,0,1,98.0,1.6333061115648073,1,121.0,0,attack,s02
49,31,1,0,0,0,0,0,0,0,0,0,0,0,,,,,0,0,,,0,,0,attack,s02
49,32,0,0,0,0,0,0,0,0,0,0,0,0,,,,,0,0,,,0,,0,attack,s02
49,33,0,0,0,0,0,0,0,0,0,0,0,0,,,,,0,0,,,0,,0,attack,s02
49,34,1,0,0,0,0,0,0,0,0,0,0,0,,,,,0,0,,,0,,0,attack,s02
49,35,0,1,0,0,0,0,0,0,0,0,1,0,,,,,0,0,,,0,,0,attack,s02
49,36,0,2,0,0,0,0,0,0,0,0,1,0,579.0,18.0,2.0,,0,1,98.0,1.6333061115648073,1,124.0,0,attack,s02
49,37,0,0,0,0,0,0,0,0,0,0,0,0,,,,,0,0,,,0,,0,attack,s02
49,38,0,0,0,0,0,0,0,0,0,0,0,0,,,,,0,0,,,0,,0,attack,s02
49,39,0,0,0,0,0,0,0,0,0,0,0,0,,,,,0,0,,,0,,0,attack,s02
49,40,0,0,0,0,0,0,0,0,0,0,0,0,,,,,0,0,,,0,,0,attack,s02
49,41,0,0,0,0,0,0,0,0,0,0,0,0,,,,,0,0,,,0,,0,attack,s02
49,42,0,1,0,0,0,0,0,0,0,0,1,0,542.0,18.0,2.0,,0,1,99.0,1.6499725004583257,1,102.0,0,attack,s02
49,43,0,0,0,0,0,0,0,0,0,0,0,0,,,,,0,0,,,0,,0,attack,s02
49,44,0,0,0,0,0,0,0,0,0,0,0,0,,,,,0,0,,,0,,0,attack,s02
49,45,0,0,0,0,0,0,0,0,0,0,0,0,,,,,0,0,,,0,,0,attack,s02
49,46,0,0,0,0,0,0,0,0,0,0,0,0,,,,,0,0,,,0,,0,attack,s02
49,47,0,0,0,0,0,0,0,0,0,0,0,0,,,,,0,0,,,0,,0,attack,s02
49,48,0,0,0,0,0,0,0,0,0,0,0,0,536.0,18.0,2.0,,0,1,98.0,1.6333061115648073,1,96.0,0,attack,s02
49,49,0,0,0,0,0,0,0,0,0,0,0,0,,,,,0,0,,,0,,0,attack,s02
49,50,0,0,0,0,0,0,0,0,0,0,0,0,,,,,0,0,,,0,,0,attack,s02
49,51,0,0,0,0,0,0,0,0,0,0,0,0,,,,,0,0,,,0,,0,attack,s02
49,52,0,0,0,0,0,0,0,0,0,0,0,0,,,,,0,0,,,0,,0,attack,s02
49,53,0,1,0,0,0,0,0,0,0,0,1,0,,,,,0,0,,,0,,0,attack,s02
49,54,0,0,0,0,0,0,0,0,0,0,0,0,534.0,18.0,2.0,,0,1,99.0,1.6499725004583257,1,90.0,0,attack,s02
49,55,0,0,0,0,0,0,0,0,0,0,0,0,,,,,0,0,,,0,,0,attack,s02
49,56,0,1,0,0,0,0,0,0,0,0,1,0,,,,,0,0,,,0,,0,attack,s02
49,57,0,0,0,0,0,0,0,0,0,0,0,0,,,,,0,0,,,0,,0,attack,s02
49,58,1,0,0,0,0,0,0,0,0,0,0,0,,,,,0,0,,,0,,0,attack,s02
49,59,0,0,0,0,0,0,0,0,0,0,0,0,,,,,0,0,,,0,,0,attack,s02
49,60,0,0,0,0,0,0,0,0,0,0,0,0,532.0,18.0,2.0,,0,1,98.0,1.6333061115648073,1,129.0,0,attack,s02
49,61,0,0,0,0,0,0,0,0,0,0,0,0,,,,,0,0,,,0,,0,attack,s02
49,62,0,0,0,0,0,0,0,0,0,0,0,0,,,,,0,0,,,0,,0,attack,s02
49,63,0,0,0,0,0,0,0,0,0,0,0,0,,,,,0,0,,,0,,0,attack,s02
49,64,0,0,0,0,0,0,0,0,0,0,0,0,,,,,0,0,,,0,,0,attack,s02
49,65,0,0,0,0,0,0,0,0,0,0,0,0,,,,,0,0,,,0,,0,attack,s02
49,66,0,0,0,0,0,0,0,0,0,0,0,0,530.0,19.0,2.0,,0,1,99.0,1.6499725004583257,1,107.0,0,attack,s02
49,67,0,0,0,0,0,0,0,0,0,0,0,0,,,,,0,0,,,0,,0,attack,s02
49,68,0,0,0,0,0,0,0,0,0,0,0,0,,,,,0,0,,,0,,0,attack,s02
49,69,0,0,0,0,0,0,0,0,0,0,0,0,,,,,0,0,,,0,,0,attack,s02
49,70,0,0,0,0,0,0,0,0,0,0,0,0,,,,,0,0,,,0,,0,attack,s02
49,71,0,0,0,0,0,0,0,0,0,0,0,0,,,,,0,0,,,0,,0,attack,s02
49,72,0,0,0,0,0,0,0,0,0,0,0,0,528.0,19.0,2.0,,0,1,98.0,1.6333061115648073,1,115.0,0,attack,s02
49,73,0,0,0,0,0,0,0,0,0,0,0,0,,,,,0,0,,,0,,0,attack,s02
49,74,0,0,0,0,0,0,0,0,0,0,0,0,,,,,0,0,,,0,,0,attack,s02
49,75,0,0,0,0,0,0,0,0,0,0,0,0,,,,,0,0,,,0,,0,attack,s02
49,76,0,0,0,0,0,0,0,0,0,0,0,0,,,,,0,0,,,0,,0,attack,s02
49,77,0,0,0,0,0,0,0,0,0,0,0,0,,,,,0,0,,,0,,0,attack,s02
49,78,0,0,0,0,0,0,0,0,0,0,0,0,527.0,19.0,2.0,,0,1,99.0,1.6499725004583257,1,98.0,0,attack,s02
49,79,0,0,0,0,0,0,0,0,0,0,0,0,,,,,0,0,,,0,,0,attack,s02
49,80,0,0,0,0,0,0,0,0,0,0,0,0,,,,,0,0,,,0,,0,attack,s02
49,81,0,0,0,0,0,0,0,0,0,0,0,0,,,,,0,0,,,0,,0,attack,s02
49,82,0,0,0,0,0,0,0,0,0,0,0,0,,,,,0,0,,,0,,0,attack,s02
49,83,0,0,0,0,0,0,0,0,0,0,0,0,,,,,0,0,,,0,,0,attack,s02
49,84,0,0,0,0,0,0,0,0,0,0,0,0,526.0,19.0,2.0,,0,1,99.0,1.6499725004583257,1,107.0,0,attack,s02
49,85,0,0,0,0,0,0,0,0,0,0,0,0,,,,,0,0,,,0,,0,attack,s02
49,86,0,0,0,0,0,0,0,0,0,0,0,0,,,,,0,0,,,0,,0,attack,s02
49,87,0,0,0,0,0,0,0,0,0,0,0,0,,,,,0,0,,,0,,0,attack,s02
49,88,0,0,0,0,0,0,0,0,0,0,0,0,,,,,0,0,,,0,,0,attack,s02
49,89,0,0,0,0,0,0,0,0,0,0,0,0,,,,,0,0,,,0,,0,attack,s02
49,90,0,0,0,0,0,0,0,0,0,0,0,0,525.0,19.0,2.0,,0,1,98.0,1.6333061115648073,1,125.0,0,attack,s02
49,91,0,0,0,0,0,0,0,0,0,0,0,0,,,,,0,0,,,0,,0,attack,s02
49,92,0,1,0,0,0,0,0,0,0,0,1,0,,,,,0,0,,,0,,0,attack,s02
49,93,2,0,0,0,0,0,0,0,0,0,0,0,,,,,0,0,,,0,,0,attack,s02
49,94,0,0,0,0,0,0,0,0,0,0,0,0,,,,,0,0,,,0,,0,attack,s02
49,95,0,1,0,0,0,0,0,0,0,0,1,0,,,,,0,0,,,0,,0,attack,s02
49,96,0,0,0,0,0,0,0,0,0,0,0,0,518.0,19.0,2.0,,0,1,98.0,1.6333061115648073,1,126.0,0,attack,s02
49,97,0,0,0,0,0,0,0,0,0,0,0,0,,,,,0,0,,,0,,0,attack,s02
49,98,0,0,0,0,0,0,0,0,0,0,0,0,,,,,0,0,,,0,,0,attack,s02
49,99,0,0,0,0,0,0,0,0,0,0,0,0,,,,,0,0,,,0,,0,attack,s02
49,100,1,0,0,0,0,0,0,0,0,0,0,0,,,,,0,0,,,0,,0,attack,s02
49,101,0,0,0,0,0,0,0,0,0,0,0,0,,,,,0,0,,,0,,0,attack,s02
49,102,0,0,0,0,0,0,0,0,0,0,0,0,517.0,19.0,2.0,,0,1,99.0,1.6499725004583257,1,96.0,0,attack,s02
49,103,0,0,0,0,0,0,0,0,0,0,0,0,,,,,0,0,,,0,,0,attack,s02
49,104,0,1,0,0,0,0,0,0,0,0,1,0,,,,,0,0,,,0,,0,attack,s02
49,105,0,1,0,0,0,0,0,0,0,0,1,0,,,,,0,0,,,0,,0,attack,s02
49,106,0,0,0,0,0,0,0,0,0,0,0,0,,,,,0,0,,,0,,0,attack,s02
49,107,0,0,0,0,0,0,0,0,0,0,0,0,,,,,0,0,,,0,,0,attack,s02
49,108,0,0,0,0,0,0,0,0,0,0,0,0,516.0,19.0,2.0,,0,1,99.0,1.6499725004583257,1,128.0,0,attack,s02
49,109,0,1,0,0,0,0,0,0,0,0,1,0,,,,,0,0,,,0,,0,attack,s02
49,110,0,0,0,0,0,0,0,0,0,0,0,0,,,,,0,0,,,0,,0,attack,s02
49,111,0,0,0,0,0,0,0,0,0,0,0,0,,,,,0,0,,,0,,0,attack,s02
49,112,0,0,0,0,0,0,0,0,0,0,0,0,,,,,0,0,,,0,,0,attack,s02
49,113,0,0,0,0,0,0,0,0,0,0,0,0,,,,,0,0,,,0,,0,attack,s02
49,114,0,0,0,0,0,0,0,0,0,0,0,0,515.0,20.0,2.0,,0,1,99.0,1.6499725004583257,1,107.0,0,attack,s02
49,115,0,1,0,0,0,0,0,0,0,0,1,0,,,,,0,0,,,0,,0,attack,s02
49,116,0,0,0,0,0,0,0,0,0,0,0,0,,,,,0,0,,,0,,0,attack,s02
49,117,0,0,0,0,0,0,0,0,0,0,0,0,,,,,0,0,,,0,,0,attack,s02
49,118,0,0,0,0,0,0,0,0,0,0,0,0,,,,,0,0,,,0,,0,attack,s02
49,119,0,0,0,0,0,0,0,0,0,0,0,0,,,,,0,0,,,0,,0,attack,s02
49,120,0,0,0,0,0,0,0,0,0,0,0,0,514.0,20.0,2.0,,0,1,98.0,1.6333061115648073,1,129.0,0,attack,s02
49,121,0,0,0,0,0,0,0,0,0,0,0,0,,,,,0,0,,,0,,0,attack,s02
49,122,0,0,0,0,0,0,0,0,0,0,0,0,,,,,0,0,,,0,,0,attack,s02
49,123,0,0,0,0,0,0,0,0,0,0,0,0,,,,,0,0,,,0,,0,attack,s02
49,124,0,0,0,0,0,0,0,0,0,0,0,0,,,,,0,0,,,0,,0,attack,s02
49,125,0,0,0,0,0,0,0,0,0,0,0,0,,,,,0,0,,,0,,0,attack,s02
49,126,0,0,0,0,0,0,0,0,0,0,0,0,513.0,20.0,2.0,,0,1,98.0,1.6333061115648073,1,106.0,0,attack,s02
49,127,0,0,0,0,0,0,0,0,0,0,0,0,,,,,0,0,,,0,,0,attack,s02
49,128,0,0,0,0,0,0,0,0,0,0,0,0,,,,,0,0,,,0,,0,attack,s02
49,129,0,0,0,0,0,0,0,0,0,0,0,0,,,,,0,0,,,0,,0,attack,s02
49,130,0,0,0,0,0,0,0,0,0,0,0,0,,,,,0,0,,,0,,0,attack,s02
49,131,0,0,0,0,0,0,0,0,0,0,0,0,,,,,0,0,,,0,,0,attack,s02
49,132,0,0,0,0,0,0,0,0,0,0,0,0,512.0,20.0,2.0,,0,1,98.0,1.6333061115648073,1,93.0,0,attack,s02
49,133,0,0,0,0,0,0,0,0,0,0,0,0,,,,,0,0,,,0,,0,attack,s02
49,134,0,0,0,0,0,0,0,0,0,0,0,0,,,,,0,0,,,0,,0,attack,s02
49,135,0,0,0,0,0,0,0,0,0,0,0,0,,,,,0,0,,,0,,0,attack,s02
49,136,0,0,0,0,0,0,0,0,0,0,0,0,,,,,0,0,,,0,,0,attack,s02
49,137,0,0,0,0,0,0,0,0,0,0,0,0,,,,,0,0,,,0,,0,attack,s02
49,138,0,0,0,0,0,0,0,0,0,0,0,0,512.0,20.0,2.0,,0,1,99.0,1.6499725004583257,1,119.0,0,attack,s02
49,139,0,0,0,0,0,0,0,0,0,0,0,0,,,,,0,0,,,0,,0,attack,s02
49,140,0,0,0,0,0,0,0,0,0,0,0,0,,,,,0,0,,,0,,0,attack,s02
49,141,0,0,0,0,0,0,0,0,0,0,0,0,,,,,0,0,,,0,,0,attack,s02
49,142,0,0,0,0,0,0,0,0,0,0,0,0,,,,,0,0,,,0,,0,attack,s02
49,143,0,0,0,0,0,0,0,0,0,0,0,0,,,,,0,0,,,0,,0,attack,s02
49,144,0,0,0,0,0,0,0,0,0,0,0,0,512.0,20.0,2.0,,0,1,98.0,1.6333061115648073,1,118.0,0,attack,s02
49,145,0,0,0,0,0,0,0,0,0,0,0,0,,,,,0,0,,,0,,0,attack,s02
49,146,0,0,0,0,0,0,0,0,0,0,0,0,,,,,0,0,,,0,,0,attack,s02
49,147,0,0,0,0,0,0,0,0,0,0,0,0,,,,,0,0,,,0,,0,attack,s02
49,148,0,0,0,0,0,0,0,0,0,0,0,0,,,,,0,0,,,0,,0,attack,s02
49,149,0,0,0,0,0,0,0,0,0,0,0,0,,,,,0,0,,,0,,0,attack,s02
49,150,0,0,0,0,0,0,0,0,0,0,0,0,512.0,20.0,2.0,,0,1,98.0,1.6333061115648073,1,104.0,0,attack,s02
49,151,0,0,0,0,0,0,0,0,0,0,0,0,,,,,0,0,,,0,,0,attack,s02
49,152,0,0,0,0,0,0,0,0,0,0,0,0,,,,,0,0,,,0,,0,attack,s02
49,153,0,0,0,0,0,0,0,0,0,0,0,0,,,,,0,0,,,0,,0,attack,s02
49,154,0,0,0,0,0,0,0,0,0,0,0,0,,,,,0,0,,,0,,0,attack,s02
49,155,0,0,0,0,0,0,0,0,0,0,0,0,,,,,0,0,,,0,,0,attack,s02
49,156,0,0,0,0,0,0,0,0,0,0,0,0,512.0,20.0,2.0,,0,1,98.0,1.6333061115648073,1,96.0,0,attack,s02
49,157,0,0,0,0,0,0,0,0,0,0,0,0,,,,,0,0,,,0,,0,attack,s02
49,158,0,0,0,0,0,0,0,0,0,0,0,0,,,,,0,0,,,0,,0,attack,s02
49,159,0,0,0,0,0,0,0,0,0,0,0,0,,,,,0,0,,,0,,0,attack,s02
49,160,0,0,0,0,0,0,0,0,0,0,0,0,,,,,0,0,,,0,,0,attack,s02
49,161,0,0,0,0,0,0,0,0,0,0,0,0,,,,,0,0,,,0,,0,attack,s02
49,162,0,0,0,0,0,0,0,0,0,0,0,0,512.0,20.0,2.0,,0,1,99.0,1.6499725004583257,1,91.0,0,attack,s02
49,163,0,0,0,0,0,0,0,0,0,0,0,0,,,,,0,0,,,0,,0,attack,s02
49,164,0,0,0,0,0,0,0,0,0,0,0,0,,,,,0,0,,,0,,0,attack,s02
49,165,0,0,0,0,0,0,0,0,0,0,0,0,,,,,0,0,,,0,,0,attack,s02
49,166,0,0,0,0,0,0,0,0,0,0,0,0,,,,,0,0,,,0,,0,attack,s02
49,167,0,0,0,0,0,0,0,0,0,0,0,0,,,,,0,0,,,0,,0,attack,s02
49,168,0,0,0,0,0,0,0,0,0,0,0,0,512.0,20.0,2.0,,0,1,98.0,1.6333061115648073,1,107.0,0,attack,s02
49,169,1,0,0,0,0,0,0,0,0,0,0,0,,,,,0,0,,,0,,0,attack,s02
49,170,0,0,0,0,0,0,0,0,0,0,0,0,,,,,0,0,,,0,,0,attack,s02
49,171,0,0,0,0,0,0,0,0,0,0,0,0,,,,,0,0,,,0,,0,attack,s02
49,172,0,0,0,0,0,0,0,0,0,0,0,0,,,,,0,0,,,0,,0,attack,s02
49,173,0,0,0,0,0,0,0,0,0,0,0,0,,,,,0,0,,,0,,0,attack,s02
49,174,0,0,0,0,0,0,0,0,0,0,0,0,512.0,20.0,2.0,,0,1,99.0,1.6499725004583257,1,97.0,0,attack,s02
49,175,0,0,0,0,0,0,0,0,0,0,0,0,,,,,0,0,,,0,,0,attack,s02
49,176,1,0,0,0,0,0,0,0,0,0,0,0,,,,,0,0,,,0,,0,attack,s02
49,177,0,0,0,0,0,0,0,0,0,0,0,0,,,,,0,0,,,0,,0,attack,s02
49,178,0,0,1,1,0,0,0,0,0,0,0,0,,,,,0,0,,,0,,0,attack,s02
49,179,0,0,0,0,0,0,0,0,0,0,0,0,,,,,0,0,,,0,,0,attack,s02
49,180,0,0,0,0,0,0,0,0,0,0,0,0,512.0,20.0,2.0,,0,1,98.0,1.6333061115648073,1,93.0,0,attack,s02
49,181,0,0,0,0,0,0,0,0,0,0,0,0,,,,,0,0,,,0,,0,attack,s02
51,0,0,0,0,0,0,0,0,0,0,0,0,0,,,,,0,0,,,0,,0,attack,s02
51,1,0,0,0,0,0,0,0,0,0,0,0,0,,,,,0,0,,,0,,0,attack,s02
51,2,0,0,0,0,0,0,0,0,0,0,0,0,,,,,0,0,,,0,,0,attack,s02
51,3,0,0,0,0,0,0,0,0,0,0,0,0,,,,,0,0,,,0,,0,attack,s02
51,4,0,0,0,0,1,0,0,0,0,1,0,0,,,,,0,0,,,0,,0,attack,s02
51,5,0,0,0,0,0,0,0,0,0,0,0,0,,,,,0,0,,,0,,0,attack,s02
51,6,0,0,0,0,1,0,0,0,0,1,0,0,,,,,0,0,,,0,,0,attack,s02
51,7,4,1,0,0,0,0,0,1,0,0,1,0,741.0,0.0,1.0,,0,0,,,0,,0,attack,s02
51,8,1,2,1,1,0,0,0,0,0,0,1,1,,,,,0,0,,,0,,0,attack,s02
51,9,2,2,0,0,0,0,0,0,0,0,1,2,,,,,0,0,,,0,,0,attack,s02
51,10,1,4,0,0,0,0,0,0,0,0,1,3,,,,,0,1,0.0,,1,100.0,0,attack,s02
51,11,0,2,0,0,0,0,0,0,0,0,1,0,,,,,0,0,,,0,,0,attack,s02
51,12,0,1,0,0,0,0,0,0,0,0,1,0,698.0,15.0,3.0,,0,0,,,0,,0,attack,s02
51,13,1,2,0,0,0,0,0,0,0,0,1,0,,,,,0,0,,,0,,0,attack,s02
51,14,1,1,0,0,0,0,0,0,0,0,1,0,,,,,0,0,,,0,,0,attack,s02
51,15,0,1,0,0,0,0,0,0,0,0,1,0,,,,,0,0,,,0,,0,attack,s02
51,16,0,1,0,0,0,0,0,0,0,0,1,0,,,,,0,1,99.0,1.6499725004583257,1,94.0,0,attack,s02
51,17,0,1,0,0,0,0,0,0,0,0,1,0,,,,,0,0,,,0,,0,attack,s02
51,18,1,0,0,0,0,0,0,0,0,0,0,0,651.0,16.0,3.0,,0,0,,,0,,0,attack,s02
51,19,1,0,0,0,0,0,0,0,0,0,0,0,,,,,0,0,,,0,,0,attack,s02
51,20,0,0,0,0,0,0,0,0,0,0,0,0,,,,,0,0,,,0,,0,attack,s02
51,21,0,1,0,0,0,0,0,0,0,0,1,0,,,,,0,0,,,0,,0,attack,s02
51,22,0,1,0,0,0,0,0,0,0,0,1,0,,,,,0,1,99.0,1.6499725004583257,1,124.0,0,attack,s02
51,23,0,0,0,0,0,0,0,0,0,0,0,0,,,,,0,0,,,0,,0,attack,s02
51,24,0,0,0,0,0,0,0,0,0,0,0,0,642.0,17.0,3.0,,0,0,,,0,,0,attack,s02
51,25,0,0,0,0,0,0,0,0,0,0,0,0,,,,,0,0,,,0,,0,attack,s02
51,26,0,0,0,0,0,0,0,0,0,0,0,0,,,,,0,0,,,0,,0,attack,s02
51,27,1,0,0,0,0,0,0,0,0,0,0,0,,,,,0,0,,,0,,0,attack,s02
51,28,0,1,0,0,0,0,0,0,0,0,1,0,,,,,0,1,98.0,1.6333061115648073,1,91.0,0,attack,s02
51,29,1,0,0,0,0,0,0,0,0,0,0,0,,,,,0,0,,,0,,0,attack,s02
51,30,0,0,0,0,0,0,0,0,0,0,0,0,588.0,17.0,3.0,,0,0,,,0,,0,attack,s02
51,31,0,0,0,0,0,0,0,0,0,0,0,0,,,,,0,0,,,0,,0,attack,s02
51,32,0,0,0,0,0,0,0,0,0,0,0,0,,,,,0,0,,,0,,0,attack,s02
51,33,1,0,0,0,0,0,0,0,0,0,0,0,,,,,0,0,,,0,,0,attack,s02
51,34,0,2,0,0,0,0,0,0,0,0,1,0,,,,,0,1,99.0,1.6499725004583257,1,111.0,0,attack,s02
51,35,0,1,0,0,0,0,0,0,0,0,1,0,,,,,0,0,,,0,,0,attack,s02
51,36,0,0,0,0,0,0,0,0,0,0,0,0,577.0,18.0,3.0,,0,0,,,0,,0,attack,s02
51,37,0,0,0,0,0,0,0,0,0,0,0,0,,,,,0,0,,,0,,0,attack,s02
51,38,0,0,0,0,0,0,0,0,0,0,0,0,,,,,0,0,,,0,,0,attack,s02
51,39,1,0,0,0,0,0,0,0,0,0,0,0,,,,,0,0,,,0,,0,attack,s02
51,40,0,0,0,0,0,0,0,0,0,0,0,0,,,,,0,1,99.0,1.6499725004583257,1,123.0,0,attack,s02
51,41,0,1,0,0,0,0,0,0,0,0,1,0,,,,,0,0,,,0,,0,attack,s02
51,42,0,0,0,0,0,0,0,0,0,0,0,0,546.0,18.0,3.0,,0,0,,,0,,0,attack,s02
51,43,0,0,0,0,0,0,0,0,0,0,0,0,,,,,0,0,,,0,,0,attack,s02
51,44,1,0,0,0,0,0,0,0,0,0,0,0,,,,,0,0,,,0,,0,attack,s02
51,45,0,0,0,0,0,0,0,0,0,0,0,0,,,,,0,0,,,0,,0,attack,s02
51,46,0,0,0,0,0,0,0,0,0,0,0,0,,,,,0,1,99.0,1.6499725004583257,1,108.0,0,attack,s02
51,47,0,1,0,0,0,0,0,0,0,0,1,0,,,,,0,0,,,0,,0,attack,s02
51,48,0,0,0,0,0,0,0,0,0,0,0,0,539.0,18.0,3.0,,0,0,,,0,,0,attack,s02
51,49,1,0,0,0,0,0,0,0,0,0,0,0,,,,,0,0,,,0,,0,attack,s02
51,50,0,0,0,0,0,0,0,0,0,0,0,0,,,,,0,0,,,0,,0,attack,s02
51,51,0,0,0,0,0,0,0,0,0,0,0,0,,,,,0,0,,,0,,0,attack,s02
51,52,0,0,0,0,0,0,0,0,0,0,0,0,,,,,0,1,99.0,1.6499725004583257,1,104.0,0,attack,s02
51,53,0,0,0,0,0,0,0,0,0,0,0,0,,,,,0,0,,,0,,0,attack,s02
51,54,0,1,0,0,0,0,0,0,0,0,1,0,535.0,18.0,3.0,,0,0,,,0,,0,attack,s02
51,55,0,0,0,0,0,0,0,0,0,0,0,0,,,,,0,0,,,0,,0,attack,s02
51,56,0,1,0,0,0,0,0,0,0,0,1,0,,,,,0,0,,,0,,0,attack,s02
51,57,1,0,0,0,0,0,0,0,0,0,0,0,,,,,0,0,,,0,,0,attack,s02
51,58,0,0,0,0,0,0,0,0,0,0,0,0,,,,,0,1,99.0,1.6499725004583257,1,119.0,0,attack,s02
51,59,0,0,0,0,0,0,0,0,0,0,0,0,,,,,0,0,,,0,,0,attack,s02
51,60,0,0,0,0,0,0,0,0,0,0,0,0,533.0,18.0,3.0,,0,0,,,0,,0,attack,s02
51,61,0,0,0,0,0,0,0,0,0,0,0,0,,,,,0,0,,,0,,0,attack,s02
51,62,0,0,0,0,0,0,0,0,0,0,0,0,,,,,0,0,,,0,,0,attack,s02
51,63,0,0,0,0,0,0,0,0,0,0,0,0,,,,,0,0,,,0,,0,attack,s02
51,64,0,0,0,0,0,0,0,0,0,0,0,0,,,,,0,1,98.0,1.6333061115648073,1,129.0,0,attack,s02
51,65,0,0,0,0,0,0,0,0,0,0,0,0,,,,,0,0,,,0,,0,attack,s02
51,66,0,0,0,0,0,0,0,0,0,0,0,0,531.0,19.0,3.0,,0,0,,,0,,0,attack,s02
51,67,0,0,0,0,0,0,0,0,0,0,0,0,,,,,0,0,,,0,,0,attack,s02
51,68,0,0,0,0,0,0,0,0,0,0,0,0,,,,,0,0,,,0,,0,attack,s02
51,69,0,0,0,0,0,0,0,0,0,0,0,0,,,,,0,0,,,0,,0,attack,s02
51,70,0,0,0,0,0,0,0,0,0,0,0,0,,,,,0,1,99.0,1.6499725004583257,1,101.0,0,attack,s02
51,71,0,0,0,0,0,0,0,0,0,0,0,0,,,,,0,0,,,0,,0,attack,s02
51,72,0,0,0,0,0,0,0,0,0,0,0,0,529.0,19.0,3.0,,0,0,,,0,,0,attack,s02
51,73,0,0,0,0,0,0,0,0,0,0,0,0,,,,,0,0,,,0,,0,attack,s02
51,74,0,0,0,0,0,0,0,0,0,0,0,0,,,,,0,0,,,0,,0,attack,s02
51,75,0,0,0,0,0,0,0,0,0,0,0,0,,,,,0,0,,,0,,0,attack,s02
51,76,0,0,0,0,0,0,0,0,0,0,0,0,,,,,0,1,99.0,1.6499725004583257,1,94.0,0,attack,s02
51,77,0,0,0,0,0,0,0,0,0,0,0,0,,,,,0,0,,,0,,0,attack,s02
51,78,0,0,0,0,0,0,0,0,0,0,0,0,527.0,19.0,3.0,,0,0,,,0,,0,attack,s02
51,79,0,0,0,0,0,0,0,0,0,0,0,0,,,,,0,0,,,0,,0,attack,s02
51,80,0,0,0,0,0,0,0,0,0,0,0,0,,,,,0,0,,,0,,0,attack,s02
51,81,0,0,0,0,0,0,0,0,0,0,0,0,,,,,0,0,,,0,,0,attack,s02
51,82,0,0,0,0,0,0,0,0,0,0,0,0,,,,,0,1,99.0,1.6499725004583257,1,127.0,0,attack,s02
51,83,0,0,0,0,0,0,0,0,0,0,0,0,,,,,0,0,,,0,,0,attack,s02
51,84,0,0,0,0,0,0,0,0,0,0,0,0,526.0,19.0,3.0,,0,0,,,0,,0,attack,s02
51,85,0,0,0,0,0,0,0,0,0,0,0,0,,,,,0,0,,,0,,0,attack,s02
51,86,0,0,0,0,0,0,0,0,0,0,0,0,,,,,0,0,,,0,,0,attack,s02
51,87,0,0,0,0,0,0,0,0,0,0,0,0,,,,,0,0,,,0,,0,attack,s02
51,88,0,0,0,0,0,0,0,0,0,0,0,0,,,,,0,1,99.0,1.649916954179973,1,95.0,0,attack,s02
51,89,0,0,0,0,0,0,0,0,0,0,0,0,,,,,0,0,,,0,,0,attack,s02
51,90,0,0,0,0,0,0,0,0,0,0,0,0,526.0,19.0,3.0,,0,0,,,0,,0,attack,s02
51,91,0,1,0,0,0,0,0,0,0,0,1,0,,,,,0,0,,,0,,0,attack,s02
51,92,1,1,0,0,0,0,0,0,0,0,1,0,,,,,0,0,,,0,,0,attack,s02
51,93,0,0,0,0,0,0,0,0,0,0,0,0,,,,,0,0,,,0,,0,attack,s02
51,94,0,0,0,0,0,0,0,0,0,0,0,0,,,,,0,1,98.0,1.6333061115648073,1,95.0,0,attack,s02
51,95,0,0,0,0,0,0,0,0,0,0,0,0,,,,,0,0,,,0,,0,attack,s02
51,96,0,0,0,0,0,0,0,0,0,0,0,0,512.0,19.0,3.0,,0,0,,,0,,0,attack,s02
51,97,0,0,0,0,0,0,0,0,0,0,0,0,,,,,0,0,,,0,,0,attack,s02
51,98,0,0,0,0,0,0,0,0,0,0,0,0,,,,,0,0,,,0,,0,attack,s02
51,99,0,0,0,0,0,0,0,0,0,0,0,0,,,,,0,0,,,0,,0,attack,s02
51,100,0,0,0,0,0,0,0,0,0,0,0,0,,,,,0,1,99.0,1.6499730504401762,1,115.0,0,attack,s02
51,101,1,0,0,0,0,0,0,0,0,0,0,0,,,,,0,0,,,0,,0,attack,s02
51,102,0,0,0,0,0,0,0,0,0,0,0,0,512.0,19.0,3.0,,0,0,,,0,,0,attack,s02
51,103,0,0,0,0,0,0,0,0,0,0,0,0,,,,,0,0,,,0,,0,attack,s02
51,104,0,0,0,0,0,0,0,0,0,0,0,0,,,,,0,0,,,0,,0,attack,s02
51,105,0,0,0,0,0,0,0,0,0,0,0,0,,,,,0,0,,,0,,0,attack,s02
51,106,0,0,0,0,0,0,0,0,0,0,0,0,,,,,0,1,99.0,1.6499725004583257,1,109.0,0,attack,s02
51,107,0,0,0,0,0,0,0,0,0,0,0,0,,,,,0,0,,,0,,0,attack,s02
51,108,0,0,0,0,0,0,0,0,0,0,0,0,512.0,19.0,3.0,,0,0,,,0,,0,attack,s02
51,109,0,0,0,0,0,0,0,0,0,0,0,0,,,,,0,0,,,0,,0,attack,s02
51,110,0,0,0,0,0,0,0,0,0,0,0,0,,,,,0,0,,,0,,0,attack,s02
51,111,1,0,0,0,0,0,0,0,0,0,0,0,,,,,0,0,,,0,,0,attack,s02
51,112,1,0,0,0,0,0,0,0,0,0,0,0,,,,,0,1,99.0,1.6499725004583257,1,113.0,0,attack,s02
51,113,0,0,0,0,0,0,0,0,0,0,0,0,,,,,0,0,,,0,,0,attack,s02
51,114,0,1,0,0,0,0,0,0,0,0,1,0,512.0,20.0,3.0,,0,0,,,0,,0,attack,s02
51,115,0,0,0,0,0,0,0,0,0,0,0,0,,,,,0,0,,,0,,0,attack,s02
51,116,0,0,0,0,0,0,0,0,0,0,0,0,,,,,0,0,,,0,,0,attack,s02
51,117,0,0,0,0,0,0,0,0,0,0,0,0,,,,,0,0,,,0,,0,attack,s02
51,118,0,0,0,0,0,0,0,0,0,0,0,0,,,,,0,1,99.0,1.6499725004583257,1,126.0,0,attack,s02
51,119,1,0,0,0,0,0,0,0,0,0,0,0,,,,,0,0,,,0,,0,attack,s02
51,120,0,0,0,0,0,0,0,0,0,0,0,0,512.0,20.0,3.0,,0,0,,,0,,0,attack,s02
51,121,0,0,0,0,0,0,0,0,0,0,0,0,,,,,0,0,,,0,,0,attack,s02
51,122,0,0,0,0,0,0,0,0,0,0,0,0,,,,,0,0,,,0,,0,attack,s02
51,123,0,0,0,0,0,0,0,0,0,0,0,0,,,,,0,0,,,0,,0,attack,s02
51,124,0,1,0,0,0,0,0,0,0,0,1,0,,,,,0,1,98.0,1.6333061115648073,1,107.0,0,attack,s02
51,125,0,0,0,0,0,0,0,0,0,0,0,0,,,,,0,0,,,0,,0,attack,s02
51,126,0,0,0,0,0,0,0,0,0,0,0,0,512.0,20.0,3.0,,0,0,,,0,,0,attack,s02
51,127,0,0,0,0,0,0,0,0,0,0,0,0,,,,,0,0,,,0,,0,attack,s02
51,128,0,0,0,0,0,0,0,0,0,0,0,0,,,,,0,0,,,0,,0,attack,s02
51,129,0,0,0,0,0,0,0,0,0,0,0,0,,,,,0,0,,,0,,0,attack,s02
51,130,0,0,0,0,0,0,0,0,0,0,0,0,,,,,0,1,98.0,1.6333061115648073,1,99.0,0,attack,s02
51,131,0,0,0,0,0,0,0,0,0,0,0,0,,,,,0,0,,,0,,0,attack,s02
51,132,0,0,0,0,0,0,0,0,0,0,0,0,512.0,20.0,3.0,,0,0,,,0,,0,attack,s02
51,133,0,0,0,0,0,0,0,0,0,0,0,0,,,,,0,0,,,0,,0,attack,s02
51,134,0,0,0,0,0,0,0,0,0,0,0,0,,,,,0,0,,,0,,0,attack,s02
51,135,0,0,0,0,0,0,0,0,0,0,0,0,,,,,0,0,,,0,,0,attack,s02
51,136,0,0,0,0,0,0,0,0,0,0,0,0,,,,,0,1,98.0,1.6333061115648073,1,91.0,0,attack,s02
51,137,0,0,0,0,0,0,0,0,0,0,0,0,,,,,0,0,,,0,,0,attack,s02
51,138,0,0,0,0,0,0,0,0,0,0,0,0,512.0,20.0,3.0,,0,0,,,0,,0,attack,s02
51,139,0,0,0,0,0,0,0,0,0,0,0,0,,,,,0,0,,,0,,0,attack,s02
51,140,0,1,0,0,0,0,0,0,0,0,1,0,,,,,0,0,,,0,,0,attack,s02
51,141,0,0,0,0,0,0,0,0,0,0,0,0,,,,,0,0,,,0,,0,attack,s02
51,142,0,0,0,0,0,0,0,0,0,0,0,0,,,,,0,1,98.0,1.6333061115648073,1,90.0,0,attack,s02
51,143,0,0,0,0,0,0,0,0,0,0,0,0,,,,,0,0,,,0,,0,attack,s02
51,144,0,0,0,0,0,0,0,0,0,0,0,0,512.0,20.0,3.0,,0,0,,,0,,0,attack,s02
51,145,0,0,0,0,0,0,0,0,0,0,0,0,,,,,0,0,,,0,,0,attack,s02
51,146,0,0,0,0,0,0,0,0,0,0,0,0,,,,,0,0,,,0,,0,attack,s02
51,147,0,0,0,0,0,0,0,0,0,0,0,0,,,,,0,0,,,0,,0,attack,s02
51,148,0,0,0,0,0,0,0,0,0,0,0,0,,,,,0,1,98.0,1.6333061115648073,1,111.0,0,attack,s02
51,149,0,0,0,0,0,0,0,0,0,0,0,0,,,,,0,0,,,0,,0,attack,s02
51,150,0,0,0,0,0,0,0,0,0,0,0,0,512.0,20.0,3.0,,0,0,,,0,,0,attack,s02
51,151,0,0,0,0,0,0,0,0,0,0,0,0,,,,,0,0,,,0,,0,attack,s02
51,152,0,0,0,0,0,0,0,0,0,0,0,0,,,,,0,0,,,0,,0,attack,s02
51,153,0,0,0,0,0,0,0,0,0,0,0,0,,,,,0,0,,,0,,0,attack,s02
51,154,0,0,0,0,0,0,0,0,0,0,0,0,,,,,0,1,98.0,1.6333061115648073,1,101.0,0,attack,s02
51,155,0,0,0,0,0,0,0,0,0,0,0,0,,,,,0,0,,,0,,0,attack,s02
51,156,0,1,0,0,0,0,0,0,0,0,1,0,512.0,20.0,3.0,,0,0,,,0,,0,attack,s02
51,157,0,0,0,0,0,0,0,0,0,0,0,0,,,,,0,0,,,0,,0,attack,s02
51,158,0,0,0,0,0,0,0,0,0,0,0,0,,,,,0,0,,,0,,0,attack,s02
51,159,0,0,0,0,0,0,0,0,0,0,0,0,,,,,0,0,,,0,,0,attack,s02
51,160,0,0,0,0,0,0,0,0,0,0,0,0,,,,,0,1,99.0,1.6499725004583257,1,103.0,0,attack,s02
51,161,0,0,0,0,0,0,0,0,0,0,0,0,,,,,0,0,,,0,,0,attack,s02
51,162,0,0,0,0,0,0,0,0,0,0,0,0,512.0,20.0,3.0,,0,0,,,0,,0,attack,s02
51,163,0,0,0,0,0,0,0,0,0,0,0,0,,,,,0,0,,,0,,0,attack,s02
51,164,0,0,0,0,0,0,0,0,0,0,0,0,,,,,0,0,,,0,,0,attack,s02
51,165,1,0,0,0,0,0,0,0,0,0,0,0,,,,,0,0,,,0,,0,attack,s02
51,166,0,0,0,0,0,0,0,0,0,0,0,0,,,,,0,1,99.0,1.6499725004583257,1,109.0,0,attack,s02
51,167,0,0,0,0,0,0,0,0,0,0,0,0,,,,,0,0,,,0,,0,attack,s02
51,168,0,0,0,0,0,0,0,0,0,0,0,0,512.0,20.0,3.0,,0,0,,,0,,0,attack,s02
51,169,0,0,0,0,0,0,0,0,0,0,0,0,,,,,0,0,,,0,,0,attack,s02
51,170,0,0,0,0,0,0,0,0,0,0,0,0,,,,,0,0,,,0,,0,attack,s02
51,171,0,0,0,0,0,0,0,0,0,0,0,0,,,,,0,0,,,0,,0,attack,s02
51,172,0,0,0,0,0,0,0,0,0,0,0,0,,,,,0,1,98.0,1.6333061115648073,1,115.0,0,attack,s02
51,173,0,0,0,0,0,0,0,0,0,0,0,0,,,,,0,0,,,0,,0,attack,s02
51,174,0,0,0,0,0,0,0,0,0,0,0,0,512.0,20.0,3.0,,0,0,,,0,,0,attack,s02
51,175,0,0,0,0,0,0,0,0,0,0,0,0,,,,,0,0,,,0,,0,attack,s02
51,176,0,0,1,1,0,0,0,0,0,0,0,0,,,,,0,0,,,0,,0,attack,s02
51,177,0,0,0,0,0,0,0,0,0,0,0,0,,,,,0,0,,,0,,0,attack,s02
51,178,0,0,0,0,0,0,0,0,0,0,0,0,,,,,0,1,98.0,1.6333061115648073,1,120.0,0,attack,s02
51,179,0,0,0,0,0,0,0,0,0,0,0,0,,,,,0,0,,,0,,0,attack,s02
51,180,0,0,0,0,0,0,0,0,0,0,0,0,512.0,20.0,3.0,,0,0,,,0,,0,attack,s02
51,181,0,0,0,0,0,0,0,0,0,0,0,0,,,,,0,0,,,0,,0,attack,s02
52,0,0,0,0,0,0,0,0,0,0,0,0,0,,,,,0,0,,,0,,0,attack,s02
52,1,0,0,0,0,0,0,0,0,0,0,0,0,,,,,0,0,,,0,,0,attack,s02
52,2,3,2,0,0,1,0,0,0,0,0,1,0,,,,,0,0,,,0,,0,attack,s02
52,3,2,3,1,1,0,0,0,1,0,0,1,0,320.0,0.0,2.0,,0,0,,,0,,0,attack,s02
52,4,2,6,0,0,0,0,0,0,0,0,1,6,,,,,0,0,,,0,,0,attack,s02
52,5,1,6,0,0,0,0,0,0,0,0,1,3,,,,,0,0,,,0,,0,attack,s02
52,6,1,5,0,0,0,0,0,0,0,0,1,0,317.0,13.0,5.0,,0,0,,,0,,0,attack,s02
52,7,1,5,0,0,0,0,0,0,0,0,1,0,,,,,0,0,,,0,,0,attack,s02
52,8,0,0,0,0,0,0,0,0,0,0,0,0,,,,,0,0,,,0,,0,attack,s02
52,9,0,1,0,0,0,0,0,0,0,0,1,0,,,,,0,1,0.0,,1,94.0,0,attack,s02
52,10,1,4,0,0,0,0,0,0,0,0,1,0,,,,,0,0,,,0,,0,attack,s02
52,11,0,0,0,0,0,0,0,0,0,0,0,0,,,,,0,0,,,0,,0,attack,s02
52,12,1,0,0,0,0,0,0,0,0,0,0,0,326.0,16.0,6.0,,0,0,,,0,,0,attack,s02
52,13,0,0,0,0,0,0,0,0,0,0,0,0,,,,,0,0,,,0,,0,attack,s02
52,14,0,1,0,0,0,0,0,0,0,0,1,0,,,,,0,0,,,0,,0,attack,s02
52,15,0,3,0,0,0,0,0,0,0,0,1,0,,,,,0,1,99.0,1.6499725004583257,1,128.0,0,attack,s02
52,16,0,0,0,0,0,0,0,0,0,0,0,0,,,,,0,0,,,0,,0,attack,s02
52,17,1,1,0,0,0,0,0,0,0,0,1,0,,,,,0,0,,,0,,0,attack,s02
52,18,0,1,0,0,0,0,0,0,0,0,1,0,352.0,17.0,6.0,,0,0,,,0,,0,attack,s02
52,19,0,0,0,0,0,0,0,0,0,0,0,0,,,,,0,0,,,0,,0,attack,s02
52,20,0,0,0,0,0,0,0,0,0,0,0,0,,,,,0,0,,,0,,0,attack,s02
52,21,0,0,0,0,0,0,0,0,0,0,0,0,,,,,0,1,100.0,1.6666388893518442,1,110.0,0,attack,s02
52,22,1,0,0,0,0,0,0,0,0,0,0,0,,,,,0,0,,,0,,0,attack,s02
52,23,0,0,0,0,0,0,0,0,0,0,0,0,,,,,0,0,,,0,,0,attack,s02
52,24,0,1,0,0,0,0,0,0,0,0,1,0,343.0,17.0,6.0,,0,0,,,0,,0,attack,s02
52,25,0,0,0,0,0,0,0,0,0,0,0,0,,,,,0,0,,,0,,0,attack,s02
52,26,0,0,0,0,0,0,0,0,0,0,0,0,,,,,0,0,,,0,,0,attack,s02
52,27,0,2,0,0,0,0,0,0,0,0,1,0,,,,,0,1,100.0,1.6666388893518442,1,110.0,0,attack,s02
52,28,0,3,0,0,0,0,0,0,0,0,1,0,,,,,0,0,,,0,,0,attack,s02
52,29,0,0,0,0,0,0,0,0,0,0,0,0,,,,,0,0,,,0,,0,attack,s02
52,30,2,1,0,0,0,0,0,0,0,0,1,0,363.0,17.0,6.0,,0,0,,,0,,0,attack,s02
52,31,0,0,0,0,0,0,0,0,0,0,0,0,,,,,0,0,,,0,,0,attack,s02
52,32,0,0,0,0,0,0,0,0,0,0,0,0,,,,,0,0,,,0,,0,attack,s02
52,33,0,0,0,0,0,0,0,0,0,0,0,0,,,,,0,1,100.0,1.6666388893518442,1,127.0,0,attack,s02
52,34,0,0,0,0,0,0,0,0,0,0,0,0,,,,,0,0,,,0,,0,attack,s02
52,35,1,0,0,0,0,0,0,0,0,0,0,0,,,,,0,0,,,0,,0,attack,s02
52,36,0,0,0,0,0,0,0,0,0,0,0,0,325.0,18.0,6.0,,0,0,,,0,,0,attack,s02
52,37,0,0,0,0,0,0,0,0,0,0,0,0,,,,,0,0,,,0,,0,attack,s02
52,38,0,0,0,0,0,0,0,0,0,0,0,0,,,,,0,0,,,0,,0,attack,s02
52,39,0,0,0,0,0,0,0,0,0,0,0,0,,,,,0,1,100.0,1.6666388893518442,1,126.0,0,attack,s02
52,40,1,0,0,0,0,0,0,0,0,0,0,0,,,,,0,0,,,0,,0,attack,s02
52,41,0,1,0,0,0,0,0,0,0,0,1,0,,,,,0,0,,,0,,0,attack,s02
52,42,0,0,0,0,0,0,0,0,0,0,0,0,300.0,18.0,6.0,,0,0,,,0,,0,attack,s02
52,43,0,0,0,0,0,0,0,0,0,0,0,0,,,,,0,0,,,0,,0,attack,s02
52,44,1,0,0,0,0,0,0,0,0,0,0,0,,,,,0,0,,,0,,0,attack,s02
52,45,0,0,0,0,0,0,0,0,0,0,0,0,,,,,0,1,99.0,1.6499725004583257,1,102.0,0,attack,s02
52,46,0,2,0,0,0,0,0,0,0,0,1,0,,,,,0,0,,,0,,0,attack,s02
52,47,0,1,0,0,0,0,0,0,0,0,1,0,,,,,0,0,,,0,,0,attack,s02
52,48,1,1,0,0,0,0,0,0,0,0,1,0,283.0,18.0,6.0,,0,0,,,0,,0,attack,s02
52,49,0,1,0,0,0,0,0,0,0,0,1,0,,,,,0,0,,,0,,0,attack,s02
52,50,0,0,0,0,0,0,0,0,0,0,0,0,,,,,0,0,,,0,,0,attack,s02
52,51,0,0,0,0,0,0,0,0,0,0,0,0,,,,,0,1,100.0,1.6666388893518442,1,99.0,0,attack,s02
52,52,0,0,0,0,0,0,0,0,0,0,0,0,,,,,0,0,,,0,,0,attack,s02
52,53,0,0,0,0,0,0,0,0,0,0,0,0,,,,,0,0,,,0,,0,attack,s02
52,54,0,1,0,0,0,0,0,0,0,0,1,0,272.0,18.0,6.0,,0,0,,,0,,0,attack,s02
52,55,1,0,0,0,0,0,0,0,0,0,0,0,,,,,0,0,,,0,,0,attack,s02
52,56,0,1,0,0,0,0,0,0,0,0,1,0,,,,,0,0,,,0,,0,attack,s02
52,57,0,0,0,0,0,0,0,0,0,0,0,0,,,,,0,1,99.0,1.6499725004583257,1,115.0,0,attack,s02
52,58,0,0,0,0,0,0,0,0,0,0,0,0,,,,,0,0,,,0,,0,attack,s02
52,59,0,0,0,0,0,0,0,0,0,0,0,0,,,,,0,0,,,0,,0,attack,s02
52,60,0,0,0,0,0,0,0,0,0,0,0,0,265.0,19.0,6.0,,0,0,,,0,,0,attack,s02
52,61,0,0,0,0,0,0,0,0,0,0,0,0,,,,,0,0,,,0,,0,attack,s02
52,62,0,0,0,0,0,0,0,0,0,0,0,0,,,,,0,0,,,0,,0,attack,s02
52,63,0,0,0,0,0,0,0,0,0,0,0,0,,,,,0,1,98.0,1.6333061115648073,1,94.0,0,attack,s02
52,64,0,0,0,0,0,0,0,0,0,0,0,0,,,,,0,0,,,0,,0,attack,s02
52,65,1,0,0,0,0,0,0,0,0,0,0,0,,,,,0,0,,,0,,0,attack,s02
52,66,0,0,0,0,0,0,0,0,0,0,0,0,261.0,19.0,6.0,,0,0,,,0,,0,attack,s02
52,67,0,0,0,0,0,0,0,0,0,0,0,0,,,,,0,0,,,0,,0,attack,s02
52,68,0,0,0,0,0,0,0,0,0,0,0,0,,,,,0,0,,,0,,0,attack,s02
52,69,0,0,0,0,0,0,0,0,0,0,0,0,,,,,0,1,99.0,1.6499725004583257,1,103.0,0,attack,s02
52,70,0,0,0,0,0,0,0,0,0,0,0,0,,,,,0,0,,,0,,0,attack,s02
52,71,0,0,0,0,0,0,0,0,0,0,0,0,,,,,0,0,,,0,,0,attack,s02
52,72,0,0,0,0,0,0,0,0,0,0,0,0,258.0,19.0,6.0,,0,0,,,0,,0,attack,s02
52,73,0,0,0,0,0,0,0,0,0,0,0,0,,,,,0,0,,,0,,0,attack,s02
52,74,0,0,0,0,0,0,0,0,0,0,0,0,,,,,0,0,,,0,,0,attack,s02
52,75,0,0,0,0,0,0,0,0,0,0,0,0,,,,,0,1,99.0,1.6499725004583257,1,96.0,0,attack,s02
52,76,1,0,0,0,0,0,0,0,0,0,0,0,,,,,0,0,,,0,,0,attack,s02
52,77,0,0,0,0,0,0,0,0,0,0,0,0,,,,,0,0,,,0,,0,attack,s02
52,78,0,0,0,0,0,0,0,0,0,0,0,0,267.0,19.0,6.0,,0,0,,,0,,0,attack,s02
52,79,0,0,0,0,0,0,0,0,0,0,0,0,,,,,0,0,,,0,,0,attack,s02
52,80,0,0,0,0,0,0,0,0,0,0,0,0,,,,,0,0,,,0,,0,attack,s02
52,81,0,0,0,0,0,0,0,0,0,0,0,0,,,,,0,1,99.0,1.6499725004583257,1,94.0,0,attack,s02
52,82,0,0,0,0,0,0,0,0,0,0,0,0,,,,,0,0,,,0,,0,attack,s02
52,83,0,0,0,0,0,0,0,0,0,0,0,0,,,,,0,0,,,0,,0,attack,s02
52,84,0,1,0,0,0,0,0,0,0,0,1,0,263.0,19.0,6.0,,0,0,,,0,,0,attack,s02
52,85,1,0,0,0,0,0,0,0,0,0,0,0,,,,,0,0,,,0,,0,attack,s02
52,86,0,1,0,0,0,0,0,0,0,0,1,0,,,,,0,0,,,0,,0,attack,s02
52,87,0,0,0,0,0,0,0,0,0,0,0,0,,,,,0,1,99.0,1.6499725004583257,1,127.0,0,attack,s02
52,88,0,0,0,0,0,0,0,0,0,0,0,0,,,,,0,0,,,0,,0,attack,s02
52,89,0,0,0,0,0,0,0,0,0,0,0,0,,,,,0,0,,,0,,0,attack,s02
52,90,0,1,0,0,0,0,0,0,0,0,1,0,260.0,19.0,6.0,,0,0,,,0,,0,attack,s02
52,91,0,0,0,0,0,0,0,0,0,0,0,0,,,,,0,0,,,0,,0,attack,s02
52,92,0,0,0,0,0,0,0,0,0,0,0,0,,,,,0,0,,,0,,0,attack,s02
52,93,1,0,0,0,0,0,0,0,0,0,0,0,,,,,0,1,98.0,1.6333252755953072,1,106.0,0,attack,s02
52,94,0,1,0,0,0,0,0,0,0,0,1,0,,,,,0,0,,,0,,0,attack,s02
52,95,0,0,0,0,0,0,0,0,0,0,0,0,,,,,0,0,,,0,,0,attack,s02
52,96,0,0,0,0,0,0,0,0,0,0,0,0,257.0,19.0,6.0,,0,0,,,0,,0,attack,s02
52,97,0,0,0,0,0,0,0,0,0,0,0,0,,,,,0,0,,,0,,0,attack,s02
52,98,0,0,0,0,0,0,0,0,0,0,0,0,,,,,0,0,,,0,,0,attack,s02
52,99,1,0,0,0,0,0,0,0,0,0,0,0,,,,,0,1,99.0,1.6499806402271546,1,111.0,0,attack,s02
52,100,0,0,0,0,0,0,0,0,0,0,0,0,,,,,0,0,,,0,,0,attack,s02
52,101,0,0,0,0,0,0,0,0,0,0,0,0,,,,,0,0,,,0,,0,attack,s02
52,102,1,1,0,0,0,0,0,0,0,0,1,0,281.0,19.0,6.0,,0,0,,,0,,0,attack,s02
52,103,0,0,0,0,0,0,0,0,0,0,0,0,,,,,0,0,,,0,,0,attack,s02
52,104,1,1,0,0,0,0,0,0,0,0,1,0,,,,,0,0,,,0,,0,attack,s02
52,105,0,0,0,0,0,0,0,0,0,0,0,0,,,,,0,1,100.0,1.6666388893518442,1,130.0,0,attack,s02
52,106,0,1,0,0,0,0,0,0,0,0,1,0,,,,,0,0,,,0,,0,attack,s02
52,107,0,1,0,0,0,0,0,0,0,0,1,0,,,,,0,0,,,0,,0,attack,s02
52,108,0,0,0,0,0,0,0,0,0,0,0,0,311.0,19.0,6.0,,0,0,,,0,,0,attack,s02
52,109,0,0,0,0,0,0,0,0,0,0,0,0,,,,,0,0,,,0,,0,attack,s02
52,110,1,0,0,0,0,0,0,0,0,0,0,0,,,,,0,0,,,0,,0,attack,s02
52,111,0,0,0,0,0,0,0,0,0,0,0,0,,,,,0,1,99.0,1.6499725004583257,1,91.0,0,attack,s02
52,112,0,0,0,0,0,0,0,0,0,0,0,0,,,,,0,0,,,0,,0,attack,s02
52,113,0,0,0,0,0,0,0,0,0,0,0,0,,,,,0,0,,,0,,0,attack,s02
52,114,0,0,0,0,0,0,0,0,0,0,0,0,334.0,20.0,6.0,,0,0,,,0,,0,attack,s02
52,115,0,0,0,0,0,0,0,0,0,0,0,0,,,,,0,0,,,0,,0,attack,s02
52,116,0,0,0,0,0,0,0,0,0,0,0,0,,,,,0,0,,,0,,0,attack,s02
52,117,0,0,0,0,0,0,0,0,0,0,0,0,,,,,0,1,99.0,1.6499725004583257,1,107.0,0,attack,s02
52,118,0,0,0,0,0,0,0,0,0,0,0,0,,,,,0,0,,,0,,0,attack,s02
52,119,0,0,0,0,0,0,0,0,0,0,0,0,,,,,0,0,,,0,,0,attack,s02
52,120,0,0,0,0,0,0,0,0,0,0,0,0,338.0,20.0,6.0,,0,0,,,0,,0,attack,s02
52,121,1,0,0,0,0,0,0,0,0,0,0,0,,,,,0,0,,,0,,0,attack,s02
52,122,0,0,0,0,0,0,0,0,0,0,0,0,,,,,0,0,,,0,,0,attack,s02
52,123,0,0,0,0,0,0,0,0,0,0,0,0,,,,,0,1,98.0,1.6333061115648073,1,119.0,0,attack,s02
52,124,0,0,0,0,0,0,0,0,0,0,0,0,,,,,0,0,,,0,,0,attack,s02
52,125,0,0,0,0,0,0,0,0,0,0,0,0,,,,,0,0,,,0,,0,attack,s02
52,126,0,0,0,0,0,0,0,0,0,0,0,0,352.0,20.0,6.0,,0,0,,,0,,0,attack,s02
52,127,0,0,0,0,0,0,0,0,0,0,0,0,,,,,0,0,,,0,,0,attack,s02
52,128,0,0,0,0,0,0,0,0,0,0,0,0,,,,,0,0,,,0,,0,attack,s02
52,129,0,0,0,0,0,0,0,0,0,0,0,0,,,,,0,1,99.0,1.6499725004583257,1,96.0,0,attack,s02
52,130,0,0,0,0,0,0,0,0,0,0,0,0,,,,,0,0,,,0,,0,attack,s02
52,131,0,0,0,0,0,0,0,0,0,0,0,0,,,,,0,0,,,0,,0,attack,s02
52,132,1,0,0,0,0,0,0,0,0,0,0,0,401.0,20.0,6.0,,0,0,,,0,,0,attack,s02
52,133,0,0,0,0,0,0,0,0,0,0,0,0,,,,,0,0,,,0,,0,attack,s02
52,134,0,0,0,0,0,0,0,0,0,0,0,0,,,,,0,0,,,0,,0,attack,s02
52,135,0,0,0,0,0,0,0,0,0,0,0,0,,,,,0,1,100.0,1.6666388893518442,1,90.0,0,attack,s02
52,136,0,0,0,0,0,0,0,0,0,0,0,0,,,,,0,0,,,0,,0,attack,s02
52,137,0,0,0,0,0,0,0,0,0,0,0,0,,,,,0,0,,,0,,0,attack,s02
52,138,1,0,0,0,0,0,0,0,0,0,0,0,386.0,20.0,6.0,,0,0,,,0,,0,attack,s02
52,139,0,0,0,0,0,0,0,0,0,0,0,0,,,,,0,0,,,0,,0,attack,s02
52,140,0,0,0,0,0,0,0,0,0,0,0,0,,,,,0,0,,,0,,0,attack,s02
52,141,0,0,0,0,0,0,0,0,0,0,0,0,,,,,0,1,99.0,1.6499725004583257,1,101.0,0,attack,s02
52,142,0,0,0,0,0,0,0,0,0,0,0,0,,,,,0,0,,,0,,0,attack,s02
52,143,0,0,0,0,0,0,0,0,0,0,0,0,,,,,0,0,,,0,,0,attack,s02
52,144,0,0,0,0,0,0,0,0,0,0,0,0,376.0,20.0,6.0,,0,0,,,0,,0,attack,s02
52,145,0,0,0,0,0,0,0,0,0,0,0,0,,,,,0,0,,,0,,0,attack,s02
52,146,0,0,0,0,0,0,0,0,0,0,0,0,,,,,0,0,,,0,,0,attack,s02
52,147,1,0,0,0,0,0,0,0,0,0,0,0,,,,,0,1,100.0,1.6665827819999728,1,98.0,0,attack,s02
52,148,0,0,0,0,0,0,0,0,0,0,0,0,,,,,0,0,,,0,,0,attack,s02
52,149,0,0,0,0,0,0,0,0,0,0,0,0,,,,,0,0,,,0,,0,attack,s02
52,150,0,0,0,0,0,0,0,0,0,0,0,0,343.0,20.0,6.0,,0,0,,,0,,0,attack,s02
52,151,0,0,0,0,0,0,0,0,0,0,0,0,,,,,0,0,,,0,,0,attack,s02
52,152,0,0,0,0,0,0,0,0,0,0,0,0,,,,,0,0,,,0,,0,attack,s02
52,153,1,0,0,0,0,0,0,0,0,0,0,0,,,,,0,1,99.0,1.6499730504401762,1,112.0,0,attack,s02
52,154,0,0,0,0,0,0,0,0,0,0,0,0,,,,,0,0,,,0,,0,attack,s02
52,155,0,0,0,0,0,0,0,0,0,0,0,0,,,,,0,0,,,0,,0,attack,s02
52,156,0,0,0,0,0,0,0,0,0,0,0,0,319.0,20.0,6.0,,0,0,,,0,,0,attack,s02
52,157,0,0,0,0,0,0,0,0,0,0,0,0,,,,,0,0,,,0,,0,attack,s02
52,158,0,0,0,0,0,0,0,0,0,0,0,0,,,,,0,0,,,0,,0,attack,s02
52,159,0,0,0,0,0,0,0,0,0,0,0,0,,,,,0,1,99.0,1.6499725004583257,1,118.0,0,attack,s02
52,160,1,0,0,0,0,0,0,0,0,0,0,0,,,,,0,0,,,0,,0,attack,s02
52,161,0,0,0,0,0,0,0,0,0,0,0,0,,,,,0,0,,,0,,0,attack,s02
52,162,0,0,0,0,0,0,0,0,0,0,0,0,301.0,20.0,6.0,,0,0,,,0,,0,attack,s02
52,163,0,0,0,0,0,0,0,0,0,0,0,0,,,,,0,0,,,0,,0,attack,s02
52,164,0,1,0,0,0,0,0,0,0,0,1,0,,,,,0,0,,,0,,0,attack,s02
52,165,0,0,0,0,0,0,0,0,0,0,0,0,,,,,0,1,99.0,1.6499725004583257,1,119.0,0,attack,s02
52,166,0,0,0,0,0,0,0,0,0,0,0,0,,,,,0,0,,,0,,0,attack,s02
52,167,0,0,0,0,0,0,0,0,0,0,0,0,,,,,0,0,,,0,,0,attack,s02
52,168,1,0,0,0,0,0,0,0,0,0,0,0,288.0,20.0,6.0,,0,0,,,0,,0,attack,s02
52,169,0,0,0,0,0,0,0,0,0,0,0,0,,,,,0,0,,,0,,0,attack,s02
52,170,0,0,0,0,0,0,0,0,0,0,0,0,,,,,0,0,,,0,,0,attack,s02
52,171,0,0,0,0,0,0,0,0,0,0,0,0,,,,,0,1,99.0,1.6499725004583257,1,95.0,0,attack,s02
52,172,0,1,0,0,0,0,0,0,0,0,1,0,,,,,0,0,,,0,,0,attack,s02
52,173,0,1,0,0,0,0,0,0,0,0,1,0,,,,,0,0,,,0,,0,attack,s02
52,174,0,1,0,0,0,0,0,0,0,0,1,0,278.0,20.0,6.0,,0,0,,,0,,0,attack,s02
52,175,1,0,0,0,0,0,0,0,0,0,0,0,,,,,0,0,,,0,,0,attack,s02
52,176,0,0,1,1,0,0,0,0,0,0,0,0,,,,,0,0,,,0,,0,attack,s02
52,177,1,0,0,0,0,0,0,0,0,0,0,0,,,,,0,1,100.0,1.6666388893518442,1,102.0,0,attack,s02
52,178,0,1,0,0,0,0,0,0,0,0,1,0,,,,,0,0,,,0,,0,attack,s02
52,179,0,0,0,0,0,0,0,0,0,0,0,0,,,,,0,0,,,0,,0,attack,s02
52,180,0,0,0,0,0,0,0,0,0,0,0,0,289.0,20.0,6.0,,0,0,,,0,,0,attack,s02
52,181,0,0,0,0,0,0,0,0,0,0,0,0,,,,,0,0,,,0,,0,attack,s02
